{"type":"FeatureCollection","features":[{"type":"Feature","properties":{"nome":"Mato Grosso do Sul","fonte":"IBGE \u2014 Malha Municipal Digital 2025","derivacao":"limite reconstru\u00eddo por uni\u00e3o da R5 validada"},"geometry":{"type":"Polygon","coordinates":[[[-57.3870357,-22.208641685865906],[-57.387812399999994,-22.207664585865807],[-57.3877785999999,-22.20680048586571],[-57.3872226,-22.20610188586576],[-57.3861464,-22.205680385865616],[-57.3856431,-22.20497528586558],[-57.3862672,-22.2044164858656],[-57.387863700000004,-22.204449485865627],[-57.3894134,-22.204867985865643],[-57.3902717999999,-22.205950485865777],[-57.3915345999999,-22.207073085865737],[-57.3930774999999,-22.20812898586585],[-57.394720899999996,-22.208908685865907],[-57.3964053999999,-22.208831885865994],[-57.397797399999895,-22.208116785865936],[-57.39826060000001,-22.206871085865718],[-57.3977287,-22.20557378586568],[-57.39666509999999,-22.20487678586566],[-57.39595059999991,-22.2041714858656],[-57.3961801,-22.203449285865396],[-57.39670720000001,-22.20266368586543],[-57.39765440000001,-22.201979985865268],[-57.3992618999999,-22.201677185865265],[-57.4006319,-22.201714085865277],[-57.40159119999999,-22.20102598586532],[-57.4026178999999,-22.2001070858652],[-57.4038186,-22.1999200858651],[-57.405077199999894,-22.199902385865098],[-57.405751199999905,-22.19926698586512],[-57.406376699999996,-22.198285585865037],[-57.40770819999991,-22.197686085864884],[-57.40899219999991,-22.1985176858651],[-57.4100415999999,-22.19940008586502],[-57.41113769999999,-22.199384685865017],[-57.4125091,-22.19825638586496],[-57.4136492,-22.19696208586489],[-57.414963900000004,-22.196514885864868],[-57.4165659999999,-22.19708148586491],[-57.418145200000005,-22.197272885864933],[-57.4194171,-22.19709478586483],[-57.4212818,-22.19897858586512],[-57.4225142,-22.201674885865238],[-57.423531399999895,-22.20345768586542],[-57.4240109,-22.20451798586559],[-57.4250969999999,-22.20505838586559],[-57.4259365999999,-22.20459198586549],[-57.4275036,-22.202992785865383],[-57.42782830000001,-22.201237585865304],[-57.427127000000006,-22.200050585865135],[-57.425739,-22.19959898586518],[-57.4243407,-22.19888268586507],[-57.4238587999999,-22.198043385865006],[-57.42505479999989,-22.196961785864808],[-57.42754649999989,-22.196122585864813],[-57.4296449,-22.195877785864695],[-57.4308690999999,-22.196719085864768],[-57.43109810000001,-22.198364685865045],[-57.4318428999999,-22.199774585865168],[-57.4335611,-22.200481085865153],[-57.435238000000005,-22.19972648586505],[-57.436474599999904,-22.19839418586493],[-57.4376458,-22.197795085864993],[-57.438537700000005,-22.196984285864858],[-57.43915319999999,-22.195850485864714],[-57.438895199999905,-22.19471998586469],[-57.4385081999999,-22.19390988586455],[-57.4386618,-22.192647885864435],[-57.4395120999999,-22.191863385864348],[-57.4410677,-22.191489485864324],[-57.4423302,-22.19195008586434],[-57.443637200000005,-22.192302585864372],[-57.4448844999999,-22.191966785864334],[-57.4452884999999,-22.191216185864285],[-57.4451943,-22.190039085864257],[-57.4447155999999,-22.1891825858642],[-57.4444324999999,-22.188590085864025],[-57.44483569999989,-22.187766785864053],[-57.4465671999999,-22.187304185864033],[-57.44845930000001,-22.18738678586402],[-57.4507846,-22.187845885864057],[-57.4529731,-22.18808738586409],[-57.4542164,-22.188287385864108],[-57.45566159999999,-22.189134585864053],[-57.4558312,-22.190370385864213],[-57.4557093999999,-22.191599685864347],[-57.4549196999999,-22.192088385864373],[-57.4536126,-22.192582985864544],[-57.4523735,-22.193180085864483],[-57.4520836999999,-22.19417928586467],[-57.4528293,-22.19520848586477],[-57.4545067999999,-22.19554658586471],[-57.45654789999999,-22.195103385864623],[-57.45802,-22.194615185864578],[-57.4588414999999,-22.1934023858646],[-57.458979400000004,-22.192294785864476],[-57.4583618999999,-22.19113588586427],[-57.4578089999999,-22.1902884858643],[-57.4578991,-22.189534485864243],[-57.4586816999999,-22.188440885864047],[-57.459707299999906,-22.187390285863938],[-57.461590999999906,-22.187417985864027],[-57.4630741999999,-22.18816038586411],[-57.46355989999999,-22.189237385864182],[-57.4634647,-22.190635685864326],[-57.4638912,-22.192012685864444],[-57.4645947,-22.19279438586453],[-57.4660375999999,-22.192826285864545],[-57.46701660000001,-22.192232185864448],[-57.468,-22.19115728586431],[-57.4690507,-22.18969738586416],[-57.469583899999996,-22.188338585864134],[-57.470471999999994,-22.187344885864015],[-57.4716518,-22.18705418586399],[-57.4730097,-22.186815285863954],[-57.474463399999905,-22.18761498586395],[-57.4756596,-22.188955085864084],[-57.47649379999999,-22.19034098586421],[-57.4782973,-22.19031488586428],[-57.48009540000001,-22.190119885864306],[-57.4819816,-22.191308085864392],[-57.48354990000001,-22.192281585864393],[-57.484679500000006,-22.191951385864336],[-57.48581239999999,-22.190672485864237],[-57.4868989999999,-22.19044528586433],[-57.4884905,-22.191002985864376],[-57.4892612,-22.19141278586438],[-57.49015539999991,-22.19076788586432],[-57.49096699999999,-22.189430385864124],[-57.4905009,-22.18804508586406],[-57.4900719,-22.186264385863947],[-57.4912457999999,-22.18476838586373],[-57.4920428,-22.183698685863654],[-57.492646199999996,-22.18227898586349],[-57.49344139999991,-22.181603385863493],[-57.494613300000005,-22.18200138586345],[-57.496339799999994,-22.183387185863673],[-57.497621200000005,-22.184945385863717],[-57.499888199999994,-22.18648928586384],[-57.50122390000001,-22.18597178586378],[-57.501564,-22.184887885863787],[-57.501636600000005,-22.18389088586361],[-57.5030633,-22.183455085863578],[-57.504515500000004,-22.18451278586367],[-57.5058724,-22.18523988586371],[-57.5079107999999,-22.183882185863716],[-57.5098553999999,-22.182276685863464],[-57.51098770000001,-22.180351185863366],[-57.5128314,-22.178083085863165],[-57.5149453,-22.175893985862984],[-57.5162597,-22.174131485862716],[-57.5168336999999,-22.173624985862798],[-57.51740779999991,-22.173118585862724],[-57.5186510999999,-22.172436185862534],[-57.52015049999991,-22.171002885862528],[-57.521108000000005,-22.169328485862277],[-57.5227070999999,-22.168474685862193],[-57.524144,-22.168619385862318],[-57.5247967999999,-22.170103885862417],[-57.52481360000001,-22.17015498586242],[-57.52555360000001,-22.172416985862572],[-57.5261212,-22.174151785862733],[-57.52757519999991,-22.175292385862836],[-57.5292433,-22.1763549858629],[-57.531680299999906,-22.17731488586301],[-57.53375160000001,-22.177865185863055],[-57.5352055,-22.179005685863185],[-57.53747029999991,-22.180383085863422],[-57.5406240999999,-22.18133228586348],[-57.5435886,-22.181703085863386],[-57.54770406225977,-22.18205539271413],[-57.547718,-22.182056585863563],[-57.551120399999895,-22.181839785863524],[-57.5535298,-22.18122278586335],[-57.5553856,-22.179700985863338],[-57.5573266,-22.177928985863037],[-57.5598327,-22.17772548586315],[-57.5632494,-22.17833848586309],[-57.566656099999896,-22.1783705858631],[-57.568873100000005,-22.177009285863093],[-57.572077400000005,-22.17571628586297],[-57.57558119999991,-22.176161785862934],[-57.5778306,-22.17662618586294],[-57.5807662999999,-22.175336985862906],[-57.582432599999905,-22.173236785862674],[-57.5835552,-22.1708125858625],[-57.5852303999999,-22.169210285862338],[-57.5874463,-22.167765685862225],[-57.588386899999904,-22.165178185861993],[-57.5882445999999,-22.16219198586163],[-57.58800839999999,-22.158958085861347],[-57.5876928,-22.15630658586111],[-57.5862165999999,-22.153921685860983],[-57.5856737999999,-22.152593885860792],[-57.585636,-22.15043598586065],[-57.58586840000001,-22.14835718586048],[-57.5863696,-22.146274385860327],[-57.586427099999995,-22.144447285860124],[-57.5852288,-22.142556385859876],[-57.58448009999999,-22.140741585859818],[-57.5860752,-22.139721385859595],[-57.5879492,-22.139277985859582],[-57.58931199999991,-22.14033638585978],[-57.58988029999989,-22.142070785859822],[-57.5903529999999,-22.14347468586006],[-57.5911813,-22.144707185860177],[-57.592437,-22.14477108586019],[-57.5937676,-22.144003885860094],[-57.59446230000001,-22.14274828585989],[-57.5947032,-22.141167585859854],[-57.5940571,-22.140098385859684],[-57.593501999999894,-22.139110785859657],[-57.59285149999991,-22.137792685859537],[-57.5929206,-22.136629585859346],[-57.5940763,-22.136114085859294],[-57.5964157,-22.136659585859416],[-57.59814699999999,-22.138293185859588],[-57.599342400000005,-22.140018085859737],[-57.60086829999991,-22.140160885859782],[-57.60165679999991,-22.139152885859566],[-57.601263199999906,-22.137166885859507],[-57.5994436999999,-22.135617585859254],[-57.59744950000001,-22.13431988585924],[-57.5966242,-22.133253485859136],[-57.5972247999999,-22.131750385858947],[-57.59809849999991,-22.13049218585878],[-57.599796,-22.130217385858796],[-57.6020457,-22.130764085858946],[-57.6038503999999,-22.131483585858987],[-57.60571379999989,-22.130459285858773],[-57.60711750000001,-22.128777885858657],[-57.60753299999989,-22.12694558585849],[-57.6067017999999,-22.12554728585834],[-57.60560179999991,-22.124153085858236],[-57.6064769,-22.122977785858172],[-57.6077132999999,-22.121962885858185],[-57.6095943,-22.121934185858027],[-57.60996729999991,-22.122758485858224],[-57.61080150000001,-22.124322685858267],[-57.61206580000001,-22.124884385858337],[-57.612854299999995,-22.123876285858206],[-57.6128262999999,-22.122299685858067],[-57.61190549999999,-22.120902785858032],[-57.6113410999999,-22.119813885857887],[-57.60996209999999,-22.117842685857806],[-57.6086831,-22.116451085857587],[-57.609442300000005,-22.113783085857403],[-57.6111192,-22.11234628585733],[-57.612966399999905,-22.110408785857164],[-57.613558000000005,-22.10840768585685],[-57.6132072,-22.106578585856806],[-57.6126692999999,-22.103773185856568],[-57.61152950000001,-22.100138585856225],[-57.61090076616256,-22.09865988456353],[-57.610688,-22.098159485856108],[-57.6099464,-22.09675978585596],[-57.610101900000004,-22.095429385855763],[-57.612594800000004,-22.094561285855775],[-57.615283000000005,-22.094603285855744],[-57.61721553259379,-22.095130529265273],[-57.6181635999999,-22.09538918585574],[-57.62051419999991,-22.09659818585593],[-57.6221543999999,-22.098149985856093],[-57.624608,-22.100104185856274],[-57.6276796,-22.10155098585635],[-57.630375199999904,-22.10200748585641],[-57.63370810000001,-22.103035185856488],[-57.63698300000001,-22.10580668585672],[-57.63950129999991,-22.106348885856722],[-57.6420821999999,-22.10539598585663],[-57.644851300000006,-22.104938185856593],[-57.647150999999994,-22.10477108585654],[-57.649416200000005,-22.10614708585667],[-57.6523905999999,-22.107096885856723],[-57.6548033999999,-22.10672718585683],[-57.6563858,-22.10504238585653],[-57.65798620000001,-22.1043534858565],[-57.65842119067847,-22.104404145568562],[-57.6598718,-22.10457308585665],[-57.662047,-22.10595018585663],[-57.66429529999991,-22.106413085856694],[-57.6658834,-22.105060185856665],[-57.666478599999905,-22.103307885856427],[-57.66779940000001,-22.102042285856307],[-57.66975619999991,-22.101264685856222],[-57.6720922,-22.101643085856264],[-57.6748896999999,-22.102761285856378],[-57.677376,-22.101560385856374],[-57.6792202999999,-22.099539485856106],[-57.68070169999999,-22.097275285856014],[-57.68254890000001,-22.095420285855763],[-57.68511249999991,-22.09355398585569],[-57.68731780000001,-22.09169328585553],[-57.6885412,-22.090013985855293],[-57.68923169999991,-22.088591985855157],[-57.6911092999999,-22.088396385855237],[-57.693376999999906,-22.08993758585528],[-57.6962672,-22.09121988585538],[-57.699418599999895,-22.09208298585546],[-57.7035339999999,-22.09176868585543],[-57.705495400000004,-22.091239485855468],[-57.706925500000004,-22.09105068585546],[-57.707753099999906,-22.092199685855558],[-57.7073250999999,-22.093285585855547],[-57.7058359,-22.095135385855713],[-57.7043545,-22.097400085856],[-57.7043949,-22.099794685856207],[-57.7076771,-22.102814485856456],[-57.7109991999999,-22.103177085856498],[-57.7138702,-22.103380685856404],[-57.71624990000001,-22.10608218585665],[-57.715927099999995,-22.10799638585684],[-57.71525830000001,-22.11058008585707],[-57.716930700000006,-22.113790585857405],[-57.7200549,-22.113159885857378],[-57.7234043999999,-22.11020148585712],[-57.72638310000001,-22.10658488585682],[-57.7289044999999,-22.102477485856433],[-57.7299358,-22.10013678585626],[-57.732343,-22.099517285856077],[-57.7351394,-22.100551585856294],[-57.73759770000001,-22.102670285856348],[-57.7400903,-22.10661438585678],[-57.74037190000001,-22.107715485856783],[-57.74144340000001,-22.111904685857255],[-57.7420016427409,-22.114564804265687],[-57.74203359999999,-22.114717085857503],[-57.74065180000001,-22.11747828585775],[-57.738883799999904,-22.11875168585786],[-57.7367419999999,-22.11920098585791],[-57.7348673,-22.119563085857834],[-57.7339933,-22.120739085858048],[-57.734388800000005,-22.122724785858225],[-57.73576800000001,-22.124611685858248],[-57.7371441,-22.12633268585856],[-57.7383505,-22.128554485858736],[-57.7377763,-22.13138588585887],[-57.7376313,-22.133214385859077],[-57.73900450000001,-22.134769685859197],[-57.7419747,-22.135469185859257],[-57.74380899999991,-22.135875185859277],[-57.74485200000001,-22.136522485859462],[-57.745895,-22.137169785859474],[-57.747723,-22.13904948585957],[-57.74968510000001,-22.138519685859595],[-57.75118040000001,-22.137001385859485],[-57.75491240000001,-22.135280885859192],[-57.75948319999999,-22.135289885859322],[-57.762810400000006,-22.1358999858593],[-57.7648566999999,-22.13511978585925],[-57.76651960000001,-22.133017785859035],[-57.7671167999999,-22.131431085858875],[-57.7680738999999,-22.129921585858746],[-57.7709121,-22.128381485858633],[-57.773416899999994,-22.128174785858693],[-57.77537180000001,-22.12731298585865],[-57.77749469999999,-22.125867485858482],[-57.77927349999991,-22.125174485858402],[-57.781000499999905,-22.12647438585844],[-57.783183300000005,-22.128181685858696],[-57.785534299999895,-22.129305285858678],[-57.78890879999991,-22.130645985858905],[-57.79001720000001,-22.132371085858992],[-57.790607,-22.13510058585921],[-57.791203100000004,-22.138161985859593],[-57.7930471,-22.140870985859724],[-57.795765,-22.142403385859957],[-57.7975099999999,-22.14461588586016],[-57.79766440000001,-22.14801668586046],[-57.7984144,-22.149747585860606],[-57.80103479999999,-22.150866585860715],[-57.8031851,-22.15083108586063],[-57.805231499999906,-22.150050285860647],[-57.806353300000005,-22.147790485860327],[-57.80738860000001,-22.145698285860146],[-57.80860449999991,-22.143686085860075],[-57.8099084999999,-22.141589485859857],[-57.8121225,-22.140224985859682],[-57.815252900000004,-22.13992428585975],[-57.8187209,-22.138538985859647],[-57.82091389999991,-22.136095685859267],[-57.8218224,-22.132096685859075],[-57.82337710000001,-22.129082885858775],[-57.8237817999999,-22.126835185858543],[-57.82320910000001,-22.125018585858445],[-57.822918,-22.12386138585833],[-57.82298840000001,-22.122864185858234],[-57.8248437999999,-22.121505285858113],[-57.82902970000001,-22.120190585857898],[-57.83412609999991,-22.119607585857874],[-57.836335,-22.120273585858],[-57.8391496,-22.122135785858184],[-57.8417929999999,-22.124415885858344],[-57.844801100000005,-22.12702188585847],[-57.8474186,-22.127974085858686],[-57.85010460000001,-22.12784598585865],[-57.852600100000004,-22.127139985858516],[-57.855305299999905,-22.128007585858548],[-57.8573052,-22.129468085858722],[-57.8599224,-22.13042018585879],[-57.8627107,-22.130954385858928],[-57.86398259999999,-22.131846085859028],[-57.8642675999999,-22.132671385859013],[-57.8645915,-22.135488485859316],[-57.866125800000006,-22.1360436858594],[-57.8677025,-22.134190785859094],[-57.86750380000001,-22.13319798585903],[-57.86827579999991,-22.131441685858995],[-57.87021559999991,-22.129831785858848],[-57.872979299999905,-22.129121085858802],[-57.87550699999999,-22.130074585858807],[-57.876646036367625,-22.13011740059504],[-57.87703139999999,-22.130131885858862],[-57.8806844,-22.129074185858652],[-57.8836502999999,-22.129522185858736],[-57.88608550000001,-22.130311185858766],[-57.8878200999999,-22.128562285858628],[-57.887664599999894,-22.125337685858344],[-57.88810480000001,-22.123347985858278],[-57.889955400000005,-22.1226182858581],[-57.892740699999905,-22.122478785858192],[-57.8952375,-22.12303328585825],[-57.8984211,-22.123978885858218],[-57.90481709999991,-22.125612385858506],[-57.90705690000001,-22.125573885858362],[-57.91095440000001,-22.12326538585827],[-57.913696800000004,-22.1214749858581],[-57.914412500000005,-22.121576885858104],[-57.918140799999904,-22.121127885858094],[-57.921993500000006,-22.121215585858078],[-57.9252627,-22.120248485857914],[-57.92734740000001,-22.120236985858007],[-57.9297197,-22.120271885858],[-57.93006880000001,-22.119171185857873],[-57.92849819999999,-22.116209885857522],[-57.9256362,-22.113633185857392],[-57.9216598,-22.109754385857002],[-57.9216818,-22.10843368585699],[-57.9227989999999,-22.10660228585679],[-57.9246957,-22.106926185856814],[-57.9281867,-22.106783185856692],[-57.9328068999999,-22.104877585856666],[-57.9356127,-22.101841185856372],[-57.9375211999999,-22.0987371858561],[-57.93781499999991,-22.09620628585579],[-57.93730656068031,-22.09435012706306],[-57.936527000000005,-22.091504185855516],[-57.9366148,-22.089290085855296],[-57.9379074999999,-22.087132285855112],[-57.93939670000001,-22.085446385854976],[-57.9419989,-22.082915685854662],[-57.9468305,-22.08251988585473],[-57.950027500000004,-22.08367948585483],[-57.9513595036754,-22.086459771387275],[-57.9513734999999,-22.086488985855063],[-57.9523469,-22.08758388585518],[-57.9550136999999,-22.08721138585505],[-57.95692640000001,-22.085465285854987],[-57.957888000000004,-22.082802685854656],[-57.957892004519,-22.08279194500193],[-57.95801481151273,-22.08246255417284],[-57.9588224999999,-22.080296185854557],[-57.96099470000001,-22.0787367858543],[-57.9617724999999,-22.078841485854436],[-57.9625503,-22.078946085854348],[-57.9645475999999,-22.08104758585463],[-57.965337104314244,-22.08643442391178],[-57.9654060999999,-22.086905185855024],[-57.9671896,-22.08933898585518],[-57.97066900000001,-22.090424785855294],[-57.973518950192876,-22.09058891549331],[-57.97355490000001,-22.090590985855403],[-57.97797839999999,-22.090358185855393],[-57.98205780000001,-22.09010348585531],[-57.9880332,-22.09051178585531],[-57.98863239999999,-22.090639485855405],[-57.9899991,-22.09093208585545],[-57.9904763,-22.09094028585533],[-57.9907856,-22.09088298585545],[-57.9920301,-22.09046358585543],[-57.9933,-22.08980298585532],[-57.9950722,-22.08870868585515],[-57.9910487,-22.084128585854742],[-57.990438099999906,-22.08352748585472],[-57.987009099999995,-22.080508785854565],[-57.98555339999999,-22.078319085854307],[-57.98327080000001,-22.07069778585366],[-57.984307999999906,-22.063688085853123],[-57.987684900000005,-22.05913768585277],[-57.9941517,-22.055685685852474],[-58.00128679999991,-22.053809485852216],[-58.00711269999991,-22.050053285851885],[-58.0095924999999,-22.045275085851596],[-58.009358,-22.0392298858511],[-58.00838359999991,-22.034145885850577],[-58.006582699999996,-22.031769585850466],[-58.0061611,-22.031213085850332],[-58.003059799999996,-22.02924118585017],[-57.99944589999999,-22.02739568585003],[-57.99454639999989,-22.025094085849837],[-57.989907699999904,-22.023025585849783],[-57.98359559999991,-22.020268085849526],[-57.9749461,-22.015408985849135],[-57.9689751999999,-22.010039485848612],[-57.964736800000004,-22.001087185847986],[-57.964531300000004,-21.996345785847588],[-57.9648642,-21.989661385846954],[-57.96486821269343,-21.989505213574574],[-57.965019599999906,-21.983613285846484],[-57.962763100000004,-21.978427885846106],[-57.95934890000001,-21.973020885845653],[-57.9548849,-21.965849785845137],[-57.9519723,-21.95984088584474],[-57.949031299999895,-21.95312868584423],[-57.94531210000001,-21.944405085843556],[-57.9404413999999,-21.93569798584279],[-57.93699530000001,-21.927920585842198],[-57.93674359999991,-21.9197473858416],[-57.9381974999999,-21.915217585841273],[-57.9426321,-21.91313568584109],[-57.94758660000001,-21.910706385841056],[-57.94969520000001,-21.907227785840675],[-57.949765899999896,-21.903439485840373],[-57.947985,-21.900390285840285],[-57.9426885999999,-21.896792085839987],[-57.939044099999904,-21.892571285839598],[-57.9359257,-21.889295685839357],[-57.9332267999999,-21.88826618583936],[-57.929934100000004,-21.889970785839473],[-57.9258631,-21.89097498583956],[-57.9215116,-21.89091778583954],[-57.9168913,-21.889320985839344],[-57.9141346,-21.88509098583902],[-57.913802399999994,-21.879762185838707],[-57.91617300000001,-21.8762918858385],[-57.9200448,-21.873749085838202],[-57.926534800000006,-21.870698685838015],[-57.9328556999999,-21.866700185837836],[-57.940704,-21.86303008583744],[-57.9475505999999,-21.85961758583731],[-57.95502320000001,-21.855488785836876],[-57.9598379999999,-21.853169485836844],[-57.9653084,-21.85189878583674],[-57.9696369,-21.851139285836577],[-57.9716359999999,-21.84838028583653],[-57.9719784,-21.845886585836347],[-57.96978159999999,-21.844253985836197],[-57.96567659999991,-21.843118485836005],[-57.959626199999896,-21.841975985835944],[-57.9555190999999,-21.84084728583595],[-57.9497347,-21.838792685835717],[-57.9426554999999,-21.835452685835598],[-57.9357884,-21.829738685835206],[-57.934232936112416,-21.82802678132741],[-57.93110929999991,-21.82458898583474],[-57.927921,-21.8166870858343],[-57.92499289999989,-21.809256885833815],[-57.92013630000001,-21.801021085833224],[-57.9156771,-21.793616785832658],[-57.9146653,-21.791606385832633],[-57.91404329999991,-21.790370585832562],[-57.9129712,-21.785463785832114],[-57.9117608,-21.780647185831878],[-57.9100129999999,-21.77699528583163],[-57.9084931,-21.773968585831337],[-57.9090123,-21.771123485831133],[-57.910015200000004,-21.770374085831207],[-57.911018199999894,-21.769624685831186],[-57.91712009999999,-21.769118685831106],[-57.9267214,-21.76677388583098],[-57.93276999999989,-21.76300928583073],[-57.940274799999905,-21.758350685830337],[-57.9411737,-21.757296285830396],[-57.9456223,-21.752077785829933],[-57.947424500000004,-21.74595468582962],[-57.945758000000005,-21.74040828582926],[-57.9408933,-21.73290728582883],[-57.9312530999999,-21.726435885828387],[-57.9198507,-21.71964728582797],[-57.90796799999999,-21.71267358582753],[-57.90427259999999,-21.710108485827266],[-57.903537,-21.709564985827278],[-57.90104189999991,-21.707721685827277],[-57.89854690000001,-21.705878385827116],[-57.896876399999904,-21.70434288582705],[-57.893973075012134,-21.701674036439638],[-57.8926875,-21.70049228582678],[-57.89117759999989,-21.697992585826643],[-57.890709799999996,-21.6975496858266],[-57.8889381,-21.69587208582654],[-57.8888972999999,-21.695833485826405],[-57.88888200000001,-21.69581898582653],[-57.88885719999999,-21.695796585826443],[-57.8872039999999,-21.694305685826382],[-57.886588,-21.693750085826288],[-57.88656379999999,-21.693722885826354],[-57.88542050000001,-21.69243448582621],[-57.884285,-21.691154885826215],[-57.8832335,-21.689067385826036],[-57.88342069999991,-21.687259185825987],[-57.883527399999906,-21.68622728582584],[-57.88518079999991,-21.6835761858257],[-57.88719230000001,-21.68207628582558],[-57.8899949,-21.68056698582552],[-57.89302869999991,-21.67936898582552],[-57.897194,-21.678045985825356],[-57.903579199999996,-21.674707185825138],[-57.911418,-21.670079585824983],[-57.9203062999999,-21.666261385824626],[-57.92566959999989,-21.66208428582442],[-57.9300377,-21.65733158582426],[-57.933448600000006,-21.651609185823805],[-57.9367255,-21.644627785823474],[-57.939220899999995,-21.638179785823027],[-57.9432428,-21.628565885822614],[-57.9422158,-21.62089958582219],[-57.9380518,-21.61517588582174],[-57.935301,-21.612900685821714],[-57.93207849999991,-21.609973685821544],[-57.9285078999999,-21.60592378582136],[-57.9235801999999,-21.601790585821096],[-57.9185601,-21.59891898582094],[-57.91455949999991,-21.595614185820658],[-57.914026,-21.590476685820498],[-57.915536700000004,-21.58635698582028],[-57.918963999999995,-21.582201185819983],[-57.9234382,-21.579300785819814],[-57.930288299999994,-21.576575785819657],[-57.9362285999999,-21.5735500858196],[-57.9409957999999,-21.571984185819534],[-57.9508026999999,-21.569933385819432],[-57.956763800000004,-21.56691218581914],[-57.96161620000001,-21.562443485819035],[-57.961807688806815,-21.562057329001174],[-57.964164,-21.55730558581865],[-57.965805200000005,-21.551649785818473],[-57.9685264999999,-21.535337185817664],[-57.9684015,-21.527770385817263],[-57.9676827,-21.52147788581695],[-57.9646425,-21.51532488581652],[-57.9604876,-21.509920785816387],[-57.954890599999906,-21.5058012858162],[-57.9466409,-21.49898058581582],[-57.9462908,-21.498458185815807],[-57.944084214036366,-21.49608416052017],[-57.9397319,-21.491401585815506],[-57.934417700000004,-21.484120785815186],[-57.93231310000001,-21.480254185814886],[-57.9295794,-21.474812385814705],[-57.9266643999999,-21.468861085814456],[-57.9250939,-21.461947785814154],[-57.9255709999999,-21.457002085813915],[-57.92577430594462,-21.45654989238221],[-57.92732790000001,-21.453094385813664],[-57.927256999999905,-21.449831385813482],[-57.92468939999999,-21.445030585813296],[-57.91971360000001,-21.437950185812994],[-57.915892,-21.43118358581267],[-57.9150764,-21.428884785812567],[-57.91298750000001,-21.425342585812498],[-57.9100862,-21.420973685812232],[-57.909642100000006,-21.41446368581197],[-57.9096459,-21.407528485811763],[-57.90937460000001,-21.4066673858116],[-57.9080964999999,-21.40260988581158],[-57.90562460000001,-21.39883448581141],[-57.90192410000001,-21.392202085811103],[-57.8967428,-21.383547885810692],[-57.8924512999999,-21.377948685810455],[-57.8880083999999,-21.374606485810414],[-57.88572939999991,-21.372616785810227],[-57.884157899999906,-21.37105808581029],[-57.8803455999999,-21.368104885810077],[-57.8746176,-21.3632492858099],[-57.86673169999991,-21.356946685809767],[-57.86112439999991,-21.350616885809472],[-57.85847749528203,-21.344767926325382],[-57.85715749999999,-21.34185108580907],[-57.855984,-21.338549185808944],[-57.8553428,-21.33674498580898],[-57.853892039766066,-21.332662405054833],[-57.8536956999999,-21.332109885808812],[-57.8526906,-21.325815085808458],[-57.8528752999999,-21.320154485808267],[-57.85473580000001,-21.31687178580815],[-57.861266300000004,-21.31562638580812],[-57.8691186,-21.313520585808014],[-57.87585030000001,-21.311115785808063],[-57.88517559999999,-21.308782385807863],[-57.8949626,-21.307172485807893],[-57.905673500000006,-21.300620685807655],[-57.91457869999991,-21.292285785807323],[-57.920428300000005,-21.28463968580713],[-57.921686,-21.280051885806888],[-57.92096980000001,-21.277645285806877],[-57.91207969999989,-21.271042785806696],[-57.90646409999991,-21.265550985806513],[-57.90560289999999,-21.265018785806497],[-57.89814789999999,-21.26041208580626],[-57.8866427999999,-21.25375748580602],[-57.8771939,-21.247773285805863],[-57.8677494999999,-21.238697585805646],[-57.8629696,-21.23603108580548],[-57.857175,-21.233168885805533],[-57.8530213999999,-21.227131585805317],[-57.8514112999999,-21.21800898580496],[-57.850008699999904,-21.20772758580465],[-57.84912550000001,-21.201750085804576],[-57.8482820999999,-21.195012085804326],[-57.84895829999989,-21.187857285804192],[-57.851757600000006,-21.179517085803884],[-57.855985599999904,-21.168949785803683],[-57.85904727075464,-21.161008667964033],[-57.8601005,-21.158276885803435],[-57.862409,-21.147417285803158],[-57.8649890999999,-21.13633608580278],[-57.8630785,-21.1298473858027],[-57.8591521,-21.12359678580259],[-57.854495500000006,-21.11399108580233],[-57.85321244522404,-21.11159208160893],[-57.850316299999996,-21.10617698580209],[-57.84742510000001,-21.101312885802052],[-57.8458909,-21.09692818580198],[-57.85106239999989,-21.08918748580183],[-57.85263846392777,-21.086036891740417],[-57.854556099999996,-21.082203485801553],[-57.8568523,-21.0779702858015],[-57.8592775,-21.074572885801537],[-57.86137070000001,-21.071601085801483],[-57.863252599999996,-21.069578985801463],[-57.865793999999894,-21.066710085801375],[-57.86720475092887,-21.06196762246736],[-57.86771099999999,-21.060265785801278],[-57.868149300000006,-21.052064785801143],[-57.8686129,-21.046174085800974],[-57.868195500000006,-21.04187538580095],[-57.8663597999999,-21.039272585800795],[-57.8621436999999,-21.035437685800705],[-57.85768730000001,-21.031294785800767],[-57.852639399999994,-21.02537378580061],[-57.849645599999995,-21.021324085800604],[-57.84620499999989,-21.017273985800397],[-57.844819899999905,-21.015086985800387],[-57.842751199999995,-21.010387885800395],[-57.84053959999991,-21.005586485800233],[-57.83721439999991,-21.00163938580016],[-57.83331969999989,-20.997278985800115],[-57.829645399999904,-20.992705285800138],[-57.82783009999999,-20.990277085800102],[-57.82700140000001,-20.989168685800013],[-57.8236858,-20.98585058579998],[-57.8204959,-20.983372185800025],[-57.817529500000006,-20.98058248579999],[-57.8174557999999,-20.97998508579999],[-57.8172706,-20.97848198579989],[-57.8190334,-20.976143385799908],[-57.8222335,-20.972102285799902],[-57.8243125,-20.96829198579983],[-57.8252691,-20.965240985799696],[-57.82476170000001,-20.961570085799753],[-57.82425510000001,-20.95800448579969],[-57.82298049999999,-20.955604985799553],[-57.820901499999906,-20.95216608579952],[-57.818817800000005,-20.9484121857996],[-57.81876909999989,-20.945259585799466],[-57.8191704,-20.942100485799514],[-57.81978129999991,-20.937995585799456],[-57.82165559999999,-20.935554085799346],[-57.82489330000001,-20.933932885799354],[-57.82871859999991,-20.933878885799437],[-57.8321104999999,-20.934882285799482],[-57.8337061,-20.936280985799474],[-57.8355333,-20.937882885799507],[-57.8380425,-20.940055785799476],[-57.8416824999999,-20.942846385799527],[-57.8444332,-20.94648938579958],[-57.84751060000001,-20.947618385799593],[-57.8507756,-20.94881628579962],[-57.85091020000001,-20.948830885799588],[-57.8567535999999,-20.949468285799604],[-57.8636023999999,-20.94884948579949],[-57.8671813999999,-20.946735685799553],[-57.8715161,-20.94352428579955],[-57.8746115,-20.9398030857994],[-57.876115899999895,-20.935262885799336],[-57.877598299999896,-20.929462885799367],[-57.879786800000005,-20.91860998579918],[-57.881525599999996,-20.914695985799153],[-57.883623030801346,-20.91216109265507],[-57.88653109999999,-20.908646485799213],[-57.8924259,-20.904466285799174],[-57.89768070000001,-20.90250188579908],[-57.90216680000001,-20.901810685799003],[-57.907471900000004,-20.90310198579904],[-57.91130450000001,-20.903572085799137],[-57.916491999999906,-20.904549785799045],[-57.921888399999894,-20.904473385799164],[-57.9262363999999,-20.90273338579904],[-57.9281132,-20.900184085799026],[-57.9289443,-20.895229785799103],[-57.92651140000001,-20.89191218579906],[-57.9219735999999,-20.888712185798937],[-57.9182901999999,-20.885931585798915],[-57.9146431,-20.88345878579899],[-57.911014699999996,-20.882037185798982],[-57.90807729999991,-20.88123778579896],[-57.90433419999991,-20.87898038579889],[-57.9016043,-20.876813285798935],[-57.8984277,-20.874658885798826],[-57.89669859999999,-20.87352618579896],[-57.894790900000004,-20.872272685798837],[-57.89194009999989,-20.870119585798932],[-57.88983910000001,-20.868128385798805],[-57.8840564,-20.86250518579875],[-57.876993000000006,-20.856563585798842],[-57.8726808,-20.853899985798833],[-57.8695155999999,-20.853494785798798],[-57.86648610000001,-20.853850685798843],[-57.86232319999989,-20.853598585798736],[-57.85789640000001,-20.850927985798776],[-57.85500019999989,-20.845504785798777],[-57.854029599999905,-20.841106985798746],[-57.854733,-20.83573778579864],[-57.8559021999999,-20.833031685798627],[-57.8573362,-20.829712985798768],[-57.8593969,-20.824855685798642],[-57.8634708,-20.819392185798687],[-57.86810299999999,-20.815184685798712],[-57.87154120000001,-20.81102348579871],[-57.8738420999999,-20.807206385798583],[-57.876834699999996,-20.804429385798574],[-57.88453439999991,-20.79877928579864],[-57.88985269999989,-20.793768585798663],[-57.8932904,-20.79078238579862],[-57.8988737,-20.788700985798567],[-57.9059435,-20.78807998579867],[-57.911013099999906,-20.788955785798542],[-57.913729200000006,-20.79017828579866],[-57.9175921999999,-20.792536685798648],[-57.9222397999999,-20.794781185798588],[-57.93004089999991,-20.797823785798524],[-57.9351526,-20.799276985798667],[-57.9360245999999,-20.799524885798576],[-57.936599300000005,-20.799667485798558],[-57.94122719999999,-20.80081588579864],[-57.9470408,-20.800524085798656],[-57.9515378,-20.800354285798658],[-57.9558019999999,-20.79890778579854],[-57.9594916999999,-20.797908585798684],[-57.961355399999896,-20.79504598579865],[-57.96176530000001,-20.792624285798578],[-57.9609480999999,-20.790536185798675],[-57.9587559,-20.78699628579853],[-57.9569294999999,-20.784502485798644],[-57.9562283,-20.78362488579856],[-57.9539411,-20.780762285798524],[-57.9524092999999,-20.77626558579856],[-57.95143886688031,-20.772690821558378],[-57.95132970000001,-20.772288685798532],[-57.949525400000006,-20.765276485798662],[-57.9461623999999,-20.758489685798565],[-57.941452500000004,-20.752251985798576],[-57.9367789,-20.748329585798693],[-57.9341542999999,-20.745954485798716],[-57.930381000000004,-20.74485348579868],[-57.92678111698803,-20.744358070636096],[-57.92553939999989,-20.744187185798594],[-57.9203691,-20.7439441857986],[-57.9145377,-20.744659485798703],[-57.9087135,-20.74568608579858],[-57.9032238999999,-20.7466036857987],[-57.89638779999999,-20.747746285798677],[-57.8895563,-20.748587185798673],[-57.88406080000001,-20.749179285798693],[-57.87891139999989,-20.75051678579869],[-57.87351610000001,-20.750798285798613],[-57.8680031,-20.749410085798676],[-57.86468539999999,-20.746404185798667],[-57.8648347,-20.742298685798566],[-57.8681975,-20.735475485798602],[-57.868797399999906,-20.730846385798703],[-57.870173,-20.72547058579866],[-57.874524400000006,-20.71881968579877],[-57.87807020000001,-20.713703185798696],[-57.8822628,-20.70912688579874],[-57.88636000000001,-20.70549918579888],[-57.8940851999999,-20.696978185798834],[-57.8979629999999,-20.693668085798905],[-57.903288200000006,-20.68982058579893],[-57.9073935,-20.68212748579898],[-57.90843619999999,-20.680082785799037],[-57.9112731,-20.674996885798926],[-57.913674899999904,-20.670764085798965],[-57.91693683247693,-20.667834406718328],[-57.91707669999991,-20.66770878579908],[-57.9185429999999,-20.6663918857991],[-57.923118900000006,-20.664533785799122],[-57.9291759,-20.664024985799124],[-57.93313899999999,-20.666070685799138],[-57.934026149484694,-20.667027339499924],[-57.936794600000006,-20.670012685799076],[-57.94119419999999,-20.678935685798994],[-57.94513920000001,-20.686178285798864],[-57.9469877,-20.69003818579885],[-57.948419999999906,-20.694639785798817],[-57.950181,-20.698295085798772],[-57.95317970000001,-20.701845085798883],[-57.9536037,-20.702339885798875],[-57.958246700000004,-20.70489818579879],[-57.9666228,-20.704272585798847],[-57.9746309,-20.706258285798746],[-57.97699249999991,-20.706434185798773],[-57.9810272999999,-20.705746085798733],[-57.985146,-20.703479585798842],[-57.9878879999999,-20.69955158579879],[-57.988908699999996,-20.694178185798894],[-57.98822870000001,-20.686729085798927],[-57.9853457,-20.68160338579898],[-57.9846362,-20.680344385798985],[-57.9811872,-20.674744785798946],[-57.9807183999999,-20.673596085798984],[-57.977747799999996,-20.66761068579911],[-57.97456360000001,-20.658410485799077],[-57.97303110000001,-20.652638285799238],[-57.9727583,-20.65161088579927],[-57.9709985,-20.647333685799175],[-57.97077788054301,-20.646201989028754],[-57.97038599999999,-20.64419178579921],[-57.97125270000001,-20.642182185799292],[-57.974588399999995,-20.640029485799346],[-57.97870929999989,-20.638291685799352],[-57.98475830000001,-20.636723085799268],[-57.9903343999999,-20.634116285799383],[-57.9955743,-20.63172638579933],[-57.99910129999991,-20.628743285799324],[-58.0007542,-20.627039785799468],[-58.00240159999999,-20.625203685799363],[-58.0033988,-20.624092185799466],[-58.005689282096746,-20.62138150252161],[-58.0068138,-20.620050685799548],[-58.010785899999995,-20.61621128579955],[-58.01263790000001,-20.61261148579961],[-58.0131282999999,-20.608296385799697],[-58.0127277,-20.604626585799732],[-58.011166499999895,-20.598556885799674],[-58.0066325999999,-20.588953585799896],[-58.004891641327845,-20.58665317100373],[-58.003878900000004,-20.58531498579998],[-58.002076200000005,-20.582911985799967],[-57.998634799999905,-20.578549085800056],[-57.9970130999999,-20.575525885799983],[-57.9971829,-20.572371385800132],[-57.9987184999999,-20.57014248580017],[-57.999918699999995,-20.5680233858002],[-58.00125189999991,-20.565736585800227],[-58.0017721,-20.56484438580021],[-58.0028472,-20.56230858580018],[-58.0034825,-20.560304885800214],[-58.0040081,-20.558302285800323],[-58.00421928686567,-20.557379656446653],[-58.00463529999999,-20.5555621858003],[-58.0052772999999,-20.55366178580032],[-58.0066737,-20.54768218580042],[-58.0103495,-20.53953928580054],[-58.0126213999999,-20.53494398580063],[-58.013395699999904,-20.53337728580067],[-58.013805124850215,-20.532501142342525],[-58.015656,-20.52854038580073],[-58.017699999999905,-20.522830985800834],[-58.0199142,-20.514393085800986],[-58.020175499999894,-20.509762985801196],[-58.019466800000004,-20.507564885801173],[-58.018976099999996,-20.505924785801145],[-58.018131700000005,-20.5031027858013],[-58.0172370999999,-20.496917185801333],[-58.0167949999999,-20.490725585801567],[-58.0155952,-20.486226985801505],[-58.013596400000004,-20.480264185801733],[-58.00979160000001,-20.474014985801883],[-58.006783399999996,-20.4684897858019],[-58.0047139,-20.465580885802062],[-58.0019237,-20.460897185802168],[-57.9985599999999,-20.455563585802185],[-57.9969071,-20.450755585802405],[-57.99645269999999,-20.443406685802554],[-57.99813820000001,-20.4369736858027],[-58.0013858999999,-20.43073568580286],[-58.00434870000001,-20.426591585802846],[-58.0072226,-20.423068385803028],[-58.0108106,-20.418896985803123],[-58.01574870000001,-20.412624985803166],[-58.0196766,-20.406473985803345],[-58.0218427999999,-20.401924685803433],[-58.0246189,-20.400096285803624],[-58.02786400000001,-20.399627285803607],[-58.033576200000006,-20.399437985803637],[-58.0397354999999,-20.399030985803638],[-58.0434246999999,-20.398239785803572],[-58.047555700000004,-20.39678088580368],[-58.05513659999999,-20.39456908580377],[-58.06100425520455,-20.393356782416575],[-58.0617288,-20.393207085803724],[-58.0671894,-20.391126385803865],[-58.0731903,-20.387988085803933],[-58.0763752,-20.384688385804022],[-58.0790003,-20.380759785804145],[-58.0818313,-20.37588368580429],[-58.084017699999904,-20.37216628580427],[-58.0870217,-20.36627278580441],[-58.09091610000001,-20.35823038580474],[-58.09395640000001,-20.35125968580496],[-58.09569640000001,-20.342924085805105],[-58.09747540000001,-20.33596978580535],[-58.10092589999989,-20.328358085805572],[-58.103050499999895,-20.321168785805895],[-58.10289389999999,-20.31865128580584],[-58.1014613,-20.313653385806145],[-58.0970827,-20.306367585806257],[-58.0947535,-20.301254685806533],[-58.092838899999904,-20.29456028580664],[-58.090773199999894,-20.28503148580698],[-58.0904553,-20.282522885807044],[-58.0897366,-20.276852785807357],[-58.089708,-20.268979485807506],[-58.089814600000004,-20.266385885807644],[-58.089891,-20.264527985807636],[-58.092589800000006,-20.258813185807995],[-58.0926289,-20.258766085807885],[-58.0943336,-20.25671228580798],[-58.0966498,-20.253924985808172],[-58.0988818,-20.25256718580811],[-58.10196679999999,-20.250690585808155],[-58.1040968999999,-20.250107185808208],[-58.10764879999991,-20.249134485808344],[-58.1145824,-20.24871238580824],[-58.1195235,-20.249581585808198],[-58.123362299999904,-20.251306285808226],[-58.12639247026475,-20.25275164063996],[-58.1272016,-20.253137585808076],[-58.127290743251606,-20.25321334642996],[-58.13084189999999,-20.25623138580797],[-58.1329046,-20.258719785807866],[-58.13519239999991,-20.261626885807868],[-58.1355121,-20.262778985807813],[-58.1363737999999,-20.265853385807727],[-58.136855599999905,-20.267452485807535],[-58.1372117999999,-20.26863448580764],[-58.1401666,-20.270794885807447],[-58.1445502999999,-20.271777385807525],[-58.1500247,-20.270432285807573],[-58.15512472597745,-20.267519811359204],[-58.155131599999905,-20.26751588580767],[-58.159397000000006,-20.263848385807798],[-58.1620811,-20.25729298580791],[-58.1630906999999,-20.252654985808086],[-58.163824500000004,-20.24928398580822],[-58.165491,-20.242116185808488],[-58.1664182,-20.23663338580878],[-58.165990399999906,-20.231916685808883],[-58.1635676,-20.227326285809134],[-58.1599032999999,-20.222440985809218],[-58.1542219999999,-20.21573098580949],[-58.1477692,-20.21205168580971],[-58.14308840000001,-20.210777885809755],[-58.1404593999999,-20.2100623858098],[-58.137449499999896,-20.20906398580984],[-58.1320067999999,-20.207258485809895],[-58.12430700000001,-20.20212418581011],[-58.122115999999906,-20.198483485810264],[-58.1218461999999,-20.194392585810427],[-58.123668300000006,-20.18974188581048],[-58.127283899999995,-20.185274085810768],[-58.132597,-20.181935985810913],[-58.1399603,-20.180666685810987],[-58.1464493999999,-20.180566385810973],[-58.1545307,-20.18191138581084],[-58.15814410000001,-20.181539085810968],[-58.15933460000001,-20.18141648581093],[-58.1658558999999,-20.177218085811003],[-58.166779899999895,-20.175778085811082],[-58.1679674,-20.174067385811256],[-58.1683338999999,-20.173196085811217],[-58.16851170000001,-20.172243485811354],[-58.16843120000001,-20.17118338581139],[-58.1683694,-20.170800585811378],[-58.1682517,-20.170207685811334],[-58.1680094,-20.169196785811458],[-58.1680059999999,-20.169176785811388],[-58.1682322,-20.16918448581145],[-58.168720300000004,-20.167301085811573],[-58.16864139999999,-20.16578258581152],[-58.1679708999999,-20.164618985811664],[-58.16649180000001,-20.162646885811768],[-58.164740799999905,-20.16079858581184],[-58.1606345,-20.157874285811815],[-58.152864300000005,-20.15302288581203],[-58.14862419999999,-20.15181988581222],[-58.1451532999999,-20.151721285812187],[-58.141509,-20.15231578581208],[-58.141406199999906,-20.152332585812186],[-58.1372253,-20.152332585812182],[-58.132650000000005,-20.15217488581219],[-58.1277590999999,-20.15063658581217],[-58.12069880000001,-20.14838838581225],[-58.1167546,-20.14665288581232],[-58.1138753,-20.143497485812535],[-58.1113903999999,-20.13896158581277],[-58.1099886,-20.135907185812922],[-58.1091534,-20.133379485812892],[-58.1084898,-20.131371285813103],[-58.1068923999999,-20.12831448581311],[-58.10360662741443,-20.124189251671048],[-58.1007013999999,-20.120541785813582],[-58.0954161,-20.110365585814026],[-58.0922212,-20.108314585814128],[-58.0876853,-20.106736885814144],[-58.0818196,-20.106096485814238],[-58.0752214999999,-20.10537608581418],[-58.070863,-20.105573385814292],[-58.0669636,-20.106589585814145],[-58.0631850999999,-20.10757418581408],[-58.0615546,-20.10799908581415],[-58.0570187,-20.108630185814025],[-58.0538238,-20.108275185814165],[-58.048065199999904,-20.105415585814267],[-58.045678900000006,-20.10283208581429],[-58.0440814999999,-20.099637185814544],[-58.0431796,-20.096425085814705],[-58.04295739999999,-20.09563378581476],[-58.04100499999999,-20.088612985815054],[-58.0389539,-20.081868285815286],[-58.0384412,-20.076661885815668],[-58.0369424,-20.071060985815834],[-58.035798499999906,-20.06770838581607],[-58.0345758,-20.065736285816204],[-58.03213039999999,-20.063133085816307],[-58.02842269999999,-20.060372085816343],[-58.0240446,-20.05887328581652],[-58.01520949999999,-20.05836048581643],[-58.0088592,-20.057749085816567],[-58.0044219,-20.0568221858165],[-58.0005368,-20.056427785816528],[-57.9960402999999,-20.056644685816508],[-57.99289373670964,-20.057710803187323],[-57.99243130000001,-20.057867485816466],[-57.98909839999989,-20.05863658581643],[-57.98560769999991,-20.058439385816435],[-57.981545200000006,-20.05666448581664],[-57.9789814,-20.055461485816654],[-57.9748398999999,-20.051891885816794],[-57.972611399999906,-20.048499785816954],[-57.9709942,-20.04520638581708],[-57.9681391,-20.036060685817684],[-57.967424699999995,-20.03378768581767],[-57.9658075,-20.030001185817987],[-57.96340150000001,-20.026964085818],[-57.96130120000001,-20.02522868581821],[-57.95811619999989,-20.023049485818337],[-57.95035589999999,-20.019854585818504],[-57.9464708,-20.01906578581852],[-57.9437098,-20.018888285818583],[-57.9392528,-20.018888285818583],[-57.933849099999996,-20.020367385818403],[-57.9301809999999,-20.022122585818284],[-57.9269467,-20.02444968581818],[-57.920537200000005,-20.029813885818005],[-57.917815699999906,-20.03273258581783],[-57.912657200000005,-20.037500285817607],[-57.9126036,-20.03754978581762],[-57.909329199999895,-20.040576185817432],[-57.908704400000005,-20.041153585817444],[-57.9062984,-20.042849685817313],[-57.9036163,-20.043263785817313],[-57.9025119,-20.042396085817348],[-57.9020781,-20.041252185817406],[-57.9009028,-20.03879888581754],[-57.899694,-20.036356685817548],[-57.898954499999896,-20.034887685817715],[-57.8978142,-20.03262218581773],[-57.8960630999999,-20.029143385817985],[-57.8921187999999,-20.02204368581831],[-57.890205799999904,-20.019479885818516],[-57.8884112,-20.01772468581864],[-57.8878953999999,-20.01716418581864],[-57.884545800000005,-20.013524085818755],[-57.88150869999999,-20.01015168581891],[-57.877128000000006,-20.003803585819387],[-57.86999149999999,-19.99360548581978],[-57.867581970040035,-19.990563448518518],[-57.86683609999991,-19.989621785820116],[-57.86539640000001,-19.98656498582019],[-57.86399620000001,-19.981181085820563],[-57.8630143999999,-19.97896068582074],[-57.861659200000005,-19.975895785820743],[-57.8607322999999,-19.97428848582085],[-57.85931239999999,-19.972079685821004],[-57.8590991,-19.97174688582113],[-57.86001220000001,-19.971032885821135],[-57.860536800000006,-19.970627185821137],[-57.8656741999999,-19.966622585821302],[-57.87615759999991,-19.958408185821835],[-57.90878698683236,-19.93275301907717],[-57.9311906999999,-19.91513788582427],[-57.9979681999999,-19.863249985827476],[-58.01739628673613,-19.84812351640802],[-58.0646821999999,-19.811307285830917],[-58.1312679,-19.75945668583441],[-58.13138299999999,-19.759361285834537],[-58.114302625578986,-19.72387439603259],[-58.0890510999999,-19.671410785840905],[-58.06435274095701,-19.620026537234686],[-58.058550430403464,-19.60795499161278],[-58.0516916,-19.593685385847184],[-58.0316372,-19.552531585850648],[-58.01823519999991,-19.523901785853138],[-58.006714699999996,-19.499956985855096],[-58.0009135999999,-19.487059985856288],[-57.99380242908404,-19.472429606082915],[-57.96554230000001,-19.41428778586307],[-57.926243599225266,-19.332466742832548],[-57.8878845999999,-19.25260218587937],[-57.8853948,-19.247530885879915],[-57.878395899999994,-19.23294288588152],[-57.873492600000006,-19.222887085882604],[-57.8635295,-19.202022085884874],[-57.8588985469404,-19.192428568312923],[-57.855749599999996,-19.185905185886643],[-57.85435019999989,-19.182920485886985],[-57.8309841999999,-19.134379685892497],[-57.8092417,-19.089066485897664],[-57.791620100149075,-19.052398330800884],[-57.78329200000001,-19.035068685904264],[-57.7698912,-19.033905185904345],[-57.7430482,-19.03371818590442],[-57.723508,-19.034746585904216],[-57.71992959999991,-19.03470488590435],[-57.713473,-19.034684285904316],[-57.710446299999894,-19.03466238590421],[-57.7103620999999,-19.034631685904312],[-57.7103215,-19.034537585904324],[-57.7103523,-19.034453185904344],[-57.71030390000001,-19.034397285904376],[-57.7101241,-19.034381085904332],[-57.7100028999999,-19.034302685904372],[-57.709911000000005,-19.034103285904397],[-57.7099193999999,-19.033905885904435],[-57.7100176,-19.03376878590444],[-57.7102409999999,-19.033566285904467],[-57.7103473999999,-19.033392285904345],[-57.7103759999999,-19.033251985904393],[-57.7103059,-19.033135185904406],[-57.71015529999989,-19.033007885904517],[-57.71003820000001,-19.032838485904552],[-57.7100566,-19.032633885904563],[-57.710113699999994,-19.032433985904568],[-57.710113699999994,-19.032366385904517],[-57.7100882,-19.03218568590465],[-57.7098617999999,-19.031805485904684],[-57.7098358,-19.031672985904713],[-57.70970599999999,-19.031343185904724],[-57.709765699999906,-19.03117698590475],[-57.70975270000001,-19.031057485904764],[-57.7095937999999,-19.030849785904717],[-57.7092696999999,-19.03060948590481],[-57.7092476,-19.03048488590486],[-57.7091761999999,-19.03043288590475],[-57.7090944,-19.030404385904806],[-57.7091315,-19.030382385904833],[-57.7091905999999,-19.030347985904754],[-57.70935550000001,-19.03012458590486],[-57.7093328,-19.030059685904916],[-57.70909959999991,-19.029797985904903],[-57.709016500000004,-19.029704485904933],[-57.7087152,-19.029299285904877],[-57.7084659,-19.028966885904953],[-57.70828929999989,-19.028701985905062],[-57.7082477,-19.028525385905095],[-57.7082789,-19.028333185905083],[-57.7083984,-19.028063085905025],[-57.708424299999905,-19.027792985905133],[-57.7083724,-19.027652785905076],[-57.7080245,-19.02729378590513],[-57.7078609,-19.02718348590527],[-57.70767130000001,-19.027127585905234],[-57.7075272,-19.02692378590526],[-57.7075389,-19.026622485905303],[-57.7077283,-19.025990685905366],[-57.707744100000006,-19.025765485905403],[-57.70765579999989,-19.02559668590531],[-57.7072712,-19.025107685905486],[-57.7069753,-19.024957785905517],[-57.7063051,-19.024837585905523],[-57.706066199999995,-19.02458828590544],[-57.705983100000005,-19.02429738590561],[-57.7060246999999,-19.023912985905568],[-57.70595189999991,-19.02360138590567],[-57.7056611,-19.02330008590575],[-57.70521439999991,-19.022998885905643],[-57.7043522,-19.0225625859058],[-57.7040405,-19.02221978590581],[-57.7039366,-19.02181458590588],[-57.7043002,-19.021471785905963],[-57.7045807,-19.021139385906],[-57.7046210999999,-19.020818085905912],[-57.7044562,-19.02046488590607],[-57.7040225,-19.020183085905977],[-57.7039159999999,-19.02016878590611],[-57.7036328999999,-19.019922085906135],[-57.7034381999999,-19.01981688590615],[-57.7033342999999,-19.01970398590604],[-57.70334079999999,-19.019549385906153],[-57.703309600000004,-19.01946498590617],[-57.7030551,-19.019301385906218],[-57.7029810999999,-19.01915858590619],[-57.702816199999994,-19.019053385906226],[-57.70265649999989,-19.01900278590627],[-57.7020044,-19.018448885906327],[-57.701942099999904,-19.018261885906348],[-57.7019837,-19.017939785906382],[-57.7022396,-19.017160185906484],[-57.702237000000004,-19.016838085906503],[-57.7021228,-19.016656285906535],[-57.7015473,-19.016288085906496],[-57.701349999999906,-19.01613228590658],[-57.70102789999999,-19.01594528590655],[-57.7005604999999,-19.015841385906544],[-57.7003112,-19.01572718590664],[-57.6998644999999,-19.01534278590657],[-57.6994074,-19.014709085906663],[-57.698701,-19.01356638590682],[-57.6982647,-19.012589885907047],[-57.6980154,-19.011779585907128],[-57.69769329999999,-19.011312185907208],[-57.6973401,-19.01106288590723],[-57.6968414999999,-19.01090698590726],[-57.6951377999999,-19.010803185907136],[-57.6934472,-19.011070585907216],[-57.6925886,-19.010756485907258],[-57.6925653,-19.010730185907292],[-57.6925558999999,-19.01071458590729],[-57.6925371,-19.01069088590717],[-57.69251369999989,-19.01066558590727],[-57.6923305999999,-19.010435785907276],[-57.6921874,-19.010271185907303],[-57.6920277,-19.009758885907384],[-57.692241,-19.009321585907422],[-57.6934408,-19.008698285907435],[-57.6944068999999,-19.008371085907537],[-57.695373,-19.008246385907576],[-57.6972585,-19.008215285907557],[-57.698318099999895,-19.007919185907507],[-57.6992686,-19.00682848590762],[-57.699782799999994,-19.00561298590787],[-57.6999231,-19.004584585907924],[-57.6994711999999,-19.002730285908164],[-57.6990193,-19.00184208590837],[-57.6981311,-19.00086038590849],[-57.69746880000001,-18.999824185908615],[-57.697165,-18.998671085908775],[-57.697165,-18.997860785908863],[-57.69741429999989,-18.99655188590895],[-57.697944099999994,-18.995889685909106],[-57.6990893999999,-18.995110585909185],[-57.7012397999999,-18.99390288590937],[-57.7022448,-18.99274208590938],[-57.7024785999999,-18.9912383859096],[-57.702610999999905,-18.989641185909758],[-57.7027045,-18.988449185909957],[-57.70314080000001,-18.987576485910036],[-57.703802999999894,-18.986797385910165],[-57.7048938,-18.986205285910234],[-57.7067481,-18.985324885910416],[-57.7076675,-18.984600285910542],[-57.70844659999991,-18.98370428591051],[-57.709724299999905,-18.981803285910892],[-57.7110279999999,-18.979325685911082],[-57.7121966999999,-18.978242785911352],[-57.71328749999999,-18.977616885911296],[-57.7146068,-18.977167585911445],[-57.7159027,-18.97721168591135],[-57.719240899999896,-18.978135385911234],[-57.7192502999999,-18.976835185911476],[-57.7192439,-18.9762574859116],[-57.71961609183343,-18.915106702133766],[-57.71971130000001,-18.8994640859214],[-57.725300225259666,-18.899464514208884],[-57.7666894,-18.89946768592139],[-57.73978711962558,-18.81442583896536],[-57.69200293646754,-18.66337339528933],[-57.647137043223516,-18.52154607159672],[-57.636710401797856,-18.488586009028687],[-57.614019858815,-18.416858049287466],[-57.572590765676985,-18.28589492835473],[-57.55828419999991,-18.240669886024065],[-57.50164169999991,-18.236661286024937],[-57.47104259631189,-18.23451985918457],[-57.45823849999991,-18.233623786025465],[-57.45479259999999,-18.233365686025515],[-57.45448579999999,-18.232515486025644],[-57.4540388,-18.231595086025717],[-57.4538196,-18.23075368602596],[-57.45394240000001,-18.230061286026],[-57.454573399999994,-18.22961418602616],[-57.4555376,-18.22949148602607],[-57.456352700000004,-18.22959668602608],[-57.45714159999991,-18.229552886026074],[-57.45763240000001,-18.22908828602618],[-57.4576236999999,-18.2284396860264],[-57.456817300000004,-18.227317786026596],[-57.456493,-18.22669548602659],[-57.4564492,-18.225818986026795],[-57.4571241,-18.225293086026852],[-57.458210900000005,-18.225538486026927],[-57.459289,-18.22585398602689],[-57.45959579999991,-18.22595918602686],[-57.4604548,-18.22603808602684],[-57.461287500000005,-18.22577518602678],[-57.4619360999999,-18.22514408602698],[-57.4625495999999,-18.22448668602703],[-57.463434899999996,-18.22401338602708],[-57.46445159999999,-18.223601386027163],[-57.46555599999989,-18.223417386027325],[-57.4665990999999,-18.223434886027306],[-57.4686326,-18.22313688602728],[-57.4692373,-18.222759986027317],[-57.4694565,-18.221471486027614],[-57.4693599999999,-18.22031448602787],[-57.46964930000001,-18.21971848602788],[-57.4702103,-18.219157586028075],[-57.470770759437954,-18.21906196191203],[-57.4713409,-18.218964686028134],[-57.4721385999999,-18.218894586028025],[-57.4738302,-18.21830728602811],[-57.474820699999995,-18.217430786028295],[-57.4752852,-18.216961886028383],[-57.4756139,-18.216475486028436],[-57.4757365999999,-18.215901286028547],[-57.47517129999991,-18.215463086028723],[-57.4743079,-18.21525708602879],[-57.47371630000001,-18.21515188602883],[-57.4730107,-18.214875786028866],[-57.4728661,-18.214262286028962],[-57.4730676999999,-18.21347338602901],[-57.47446569999989,-18.212246286029252],[-57.4749828,-18.21110688602941],[-57.47560509999991,-18.210107686029726],[-57.4764203,-18.209564186029745],[-57.47772629999999,-18.20897698602982],[-57.4803206999999,-18.208643886029957],[-57.4810395,-18.20822318603003],[-57.4812936,-18.20764468603006],[-57.4805398,-18.20690838603031],[-57.479067299999905,-18.20470838603071],[-57.47840119999999,-18.20405098603074],[-57.4778315,-18.203253386030863],[-57.4776912,-18.202446986031013],[-57.4781821,-18.201877286031202],[-57.4802680999999,-18.200869286031402],[-57.4808290999999,-18.1998349860316],[-57.48105700000001,-18.19881828603179],[-57.48137249999999,-18.1976086860319],[-57.4827048,-18.197073986032006],[-57.4838354999999,-18.197205486031976],[-57.4846769,-18.19843258603174],[-57.4853606,-18.19929158603167],[-57.4861758,-18.200185586031427],[-57.48722320000001,-18.200395986031488],[-57.488160999999906,-18.200374086031513],[-57.4892742,-18.2007290860313],[-57.4904531,-18.202284886031062],[-57.49111920000001,-18.202841386031025],[-57.49215789999991,-18.202815086031034],[-57.493218500000005,-18.202210386031147],[-57.4937224999999,-18.201027086031395],[-57.4940028999999,-18.200010286031553],[-57.49461649999991,-18.198958486031675],[-57.4957646999999,-18.19816088603183],[-57.4974213,-18.197494786032017],[-57.49894640000001,-18.196670886032205],[-57.50025240000001,-18.196171186032252],[-57.50160220000001,-18.195715486032256],[-57.5024437,-18.195592786032236],[-57.50290820000001,-18.195952086032175],[-57.50324129999999,-18.196504286032194],[-57.503451599999906,-18.197713886031885],[-57.5036181999999,-18.198099586031926],[-57.50395999999991,-18.198441386031813],[-57.50459990000001,-18.198590386031693],[-57.50513449999989,-18.19861668603173],[-57.57260817595574,-18.13308031544972],[-57.574130000000004,-18.131602186044272],[-57.5811308999999,-18.10787148604861],[-57.6003827,-18.042673586061138],[-57.62159410000001,-18.00526438606848],[-57.630847583296536,-17.98902155462484],[-57.632734399999904,-17.98570958607243],[-57.6549800999999,-17.946411586080316],[-57.6763711999999,-17.908658386087975],[-57.70704413491202,-17.85442862060378],[-57.71042990000001,-17.8484425861003],[-57.72143109999999,-17.828987486104484],[-57.70478534136667,-17.828989442347204],[-57.68399129999991,-17.828991886104358],[-57.6840139,-17.80904928610868],[-57.704033531348784,-17.788648478632755],[-57.7193078,-17.773083386116344],[-57.71656039849765,-17.757843598050236],[-57.71129949999991,-17.72866148612586],[-57.7134983999999,-17.727175786126164],[-57.71727169999999,-17.724141986126906],[-57.72045999999991,-17.721354686127437],[-57.7256139,-17.721512486127477],[-57.72832229999991,-17.72117068612759],[-57.730294399999906,-17.720013686127828],[-57.733581300000004,-17.71591158612871],[-57.7361056,-17.7095481861301],[-57.7380514,-17.701580786131768],[-57.74023389999999,-17.69616398613307],[-57.7410227999999,-17.69487558613327],[-57.7421535,-17.694191886133495],[-57.7435733999999,-17.694139286133503],[-57.7452299999999,-17.694454786133438],[-57.7500156999999,-17.69613768613308],[-57.7518300999999,-17.694191886133495],[-57.7521455999999,-17.689143186134512],[-57.75314480000001,-17.684357486135685],[-57.756010999999894,-17.677994086137065],[-57.757483500000006,-17.67115738613861],[-57.7596594,-17.666828586139527],[-57.7598338999999,-17.666491386139498],[-57.761019000000005,-17.664200786140036],[-57.76129410000001,-17.663641686140277],[-57.76150779999989,-17.663239786140224],[-57.76210929999999,-17.662031886140483],[-57.76323120000001,-17.660559386140957],[-57.76568539999991,-17.661172886140687],[-57.768718099999894,-17.66124298614079],[-57.775887899999994,-17.658017486141475],[-57.777027399999994,-17.650339286143133],[-57.7805334,-17.647394286143857],[-57.7814099,-17.64401098614463],[-57.7810593,-17.6402770861454],[-57.78145435448477,-17.63957592432877],[-57.783005100000004,-17.63682358614627],[-57.78136304655237,-17.63476391281442],[-57.7799724,-17.633019586147082],[-57.776244895547904,-17.628859407412964],[-57.77408230000001,-17.62644578614849],[-57.77339859999999,-17.620818686149843],[-57.7724694999999,-17.617102286150562],[-57.772557199999895,-17.613596286151388],[-57.7743452999999,-17.612859986151623],[-57.7763611999999,-17.613210586151467],[-57.7783246,-17.614560486151273],[-57.7796569,-17.616313486150737],[-57.78104169999991,-17.616523786150804],[-57.7823916,-17.615542086151013],[-57.7836187,-17.612702286151706],[-57.784547800000006,-17.60954688615229],[-57.7842673,-17.60770618615269],[-57.778254499999896,-17.60453328615354],[-57.775730100000004,-17.601658286154073],[-57.7746081999999,-17.59937938615467],[-57.775362,-17.597871786155014],[-57.7774481,-17.596706086155226],[-57.77981460000001,-17.59643438615536],[-57.7827771999999,-17.596697286155315],[-57.78496849999989,-17.59642558615539],[-57.7867916,-17.59581208615541],[-57.78744900000001,-17.594339486155768],[-57.7866864,-17.593620786155935],[-57.785398,-17.593892486155973],[-57.784039400000005,-17.594444686155747],[-57.7823916,-17.594190486155878],[-57.7816465,-17.593033486156056],[-57.7803317999999,-17.59046538615675],[-57.77896439999989,-17.58876498615712],[-57.7775619999999,-17.5879147861573],[-57.77669430000001,-17.58674898615746],[-57.777360400000006,-17.585767286157672],[-57.7794201999999,-17.585679686157807],[-57.782768499999996,-17.586354586157565],[-57.785494399999905,-17.586512386157533],[-57.7882114999999,-17.587879686157336],[-57.789964600000005,-17.58827408615722],[-57.7911829,-17.58731868615744],[-57.791104,-17.585364086157785],[-57.7895088,-17.583593586158266],[-57.78559080000001,-17.580779986158824],[-57.7837589,-17.580052486159122],[-57.781497499999894,-17.57955288615924],[-57.7810856,-17.577905086159628],[-57.7815237999999,-17.576730586159854],[-57.782838599999906,-17.576011786159956],[-57.784354900000004,-17.575775186160115],[-57.785336599999894,-17.573864386160402],[-57.7851964,-17.570612586161154],[-57.787475300000004,-17.5691224861615],[-57.790367699999905,-17.568316086161683],[-57.7930674,-17.567316886162033],[-57.7950132,-17.566159886162183],[-57.796187700000004,-17.565125686162514],[-57.7987997,-17.562127986163222],[-57.80037739999991,-17.55952478616384],[-57.79191039999991,-17.55952478616384],[-57.7866251,-17.56073438616344],[-57.78315409999989,-17.56161968616323],[-57.78048950000001,-17.562469886163036],[-57.7772113999999,-17.56275908616296],[-57.7736528,-17.562241986163205],[-57.770944400000005,-17.561680986163342],[-57.769208899999995,-17.561698486163312],[-57.7674034,-17.562539986163145],[-57.767193,-17.564415686162587],[-57.76770140000001,-17.565712886162306],[-57.76838500000001,-17.566414086162197],[-57.768648000000006,-17.567185386162027],[-57.767526099999905,-17.568219686161687],[-57.765058699999905,-17.56924518616156],[-57.7622802,-17.568942786161518],[-57.7606279999999,-17.56890778616164],[-57.758292099999906,-17.568359986161685],[-57.75678009999999,-17.56776828616194],[-57.75556180000001,-17.56724238616195],[-57.7547992,-17.5671021861621],[-57.7542908999999,-17.566935586162096],[-57.7540322999999,-17.566970686162097],[-57.7537265,-17.567062086161982],[-57.753574199999896,-17.567161986161977],[-57.7522946999999,-17.564463086162693],[-57.750273899999996,-17.562090386163096],[-57.7478037,-17.557519086164255],[-57.7460528,-17.551417086165703],[-57.743595099999894,-17.542851486167574],[-57.74249939999999,-17.54050638616819],[-57.742445099999905,-17.540413286168228],[-57.74005149999991,-17.53630518616919],[-57.7326280999999,-17.53071728617034],[-57.73097030000001,-17.52984828617066],[-57.72805759999989,-17.529747886170693],[-57.72503149999991,-17.53101238617041],[-57.7243564,-17.532549386169933],[-57.7188611,-17.53652358616911],[-57.7167757999999,-17.54097248616806],[-57.7140889,-17.54243438616765],[-57.71213899999999,-17.54313378616758],[-57.7119319,-17.54380898616744],[-57.711806,-17.544219486167265],[-57.71174949999989,-17.544403886167288],[-57.71250009999991,-17.55211078616554],[-57.7118341,-17.555019586164864],[-57.7121959999999,-17.55890938616386],[-57.7098035,-17.562623386163008],[-57.7099355,-17.5630217861629],[-57.7108332,-17.565730986162365],[-57.71094800000001,-17.566077386162192],[-57.710747500000004,-17.56779398616181],[-57.7094223999999,-17.571147986161044],[-57.7073306,-17.57441628616032],[-57.7061863,-17.575409986160164],[-57.7016408,-17.577751686159644],[-57.7014963999999,-17.578574886159423],[-57.7013772,-17.57925438615927],[-57.7006708,-17.58328188615834],[-57.70139909999989,-17.584566186157993],[-57.701665600000005,-17.585036086157974],[-57.70350519999991,-17.588280086157226],[-57.70388260000001,-17.589734286156883],[-57.70286404140935,-17.59021833147334],[-57.7026979,-17.590297286156794],[-57.7026832,-17.59030438615675],[-57.7023614,-17.590457286156717],[-57.7023151,-17.590711286156676],[-57.70224619999989,-17.5910890861566],[-57.7020808999999,-17.591995886156415],[-57.702443099999996,-17.593168886156104],[-57.7017792999999,-17.5946262861558],[-57.697803399999906,-17.59978788615461],[-57.6972203999999,-17.601234686154296],[-57.6982356999999,-17.601173086154276],[-57.6987440999999,-17.601142186154267],[-57.699336800000005,-17.60088288615428],[-57.7012013999999,-17.600067086154425],[-57.7020547,-17.60124358615426],[-57.70034170000001,-17.6056854861532],[-57.6998343,-17.61111768615203],[-57.6993618,-17.612486786151653],[-57.69727410000001,-17.615476186150964],[-57.69689040000001,-17.620642786149812],[-57.6944156,-17.625081786148897],[-57.6938617,-17.625710686148732],[-57.692918,-17.626782286148405],[-57.692718,-17.62700948614838],[-57.69270160000001,-17.62702808614846],[-57.69199880000001,-17.627826386148143],[-57.691398899999996,-17.628507986148115],[-57.69024350000001,-17.62897608614791],[-57.6896513,-17.628618186147982],[-57.6896032,-17.628589086147976],[-57.689025899999905,-17.628240186148094],[-57.68897589999991,-17.628240086148168],[-57.6879342999999,-17.62823838614807],[-57.6876978999999,-17.628237986148168],[-57.686756800000005,-17.629320786147925],[-57.68646649999991,-17.632379486147265],[-57.686917599999994,-17.636760186146272],[-57.6877504,-17.637943386145885],[-57.68820169999999,-17.6382055861458],[-57.689090500000006,-17.63872188614585],[-57.689163,-17.638763986145822],[-57.69050420000001,-17.638857086145705],[-57.6899099,-17.640311386145438],[-57.6866153999999,-17.642745186144925],[-57.6852723,-17.643023686144865],[-57.68413470000001,-17.64219528614504],[-57.6839452,-17.642267986144923],[-57.68336570000001,-17.64249038614486],[-57.682721599999994,-17.642737586144946],[-57.681585399999996,-17.64799938614366],[-57.68212829999991,-17.64833268614366],[-57.6829102,-17.648812686143568],[-57.68288019999989,-17.649067686143365],[-57.6827278,-17.6503593861432],[-57.6815822,-17.651083386142957],[-57.67694850000001,-17.6521547861427],[-57.6767508999999,-17.65360978614246],[-57.6772291,-17.654142686142375],[-57.67839430000001,-17.65544098614198],[-57.679113799999996,-17.656242886141786],[-57.67938759999999,-17.65770088614156],[-57.677191099999995,-17.65996068614096],[-57.6744424,-17.66158318614064],[-57.671779899999905,-17.664112386140143],[-57.6710284,-17.666561886139604],[-57.6713894,-17.668557586139052],[-57.67249799999999,-17.670737886138568],[-57.66883769999999,-17.671906486138425],[-57.668868,-17.672413386138306],[-57.6689191,-17.673266986138113],[-57.6703333,-17.67318558613816],[-57.6705939,-17.67338798613797],[-57.6718552999999,-17.674367786137864],[-57.67281089999991,-17.677273386137145],[-57.67277440000001,-17.678725486136816],[-57.67100369999999,-17.68107658613632],[-57.6712499,-17.681316086136228],[-57.67199780000001,-17.682043586136096],[-57.6720318,-17.68207668613617],[-57.6776148,-17.68263198613604],[-57.679798600000005,-17.68348248613585],[-57.6807252,-17.68491018613541],[-57.683143899999905,-17.696256386133026],[-57.68011510000001,-17.704044986131326],[-57.68047019999991,-17.705228086130965],[-57.6845284,-17.710215986129835],[-57.68547430000001,-17.713406686129275],[-57.68527739999999,-17.715304586128866],[-57.68461310000001,-17.71648148612852],[-57.6830851999999,-17.717383186128412],[-57.6767002,-17.719210886127986],[-57.676477,-17.71927468612797],[-57.6738331999999,-17.719563486127814],[-57.67239190000001,-17.71972078612776],[-57.6716895,-17.728330086125894],[-57.67111740000001,-17.728455586126003],[-57.670470899999906,-17.728597286125833],[-57.6698059,-17.72706008612629],[-57.6686276999999,-17.726068986126375],[-57.668504,-17.725964886126512],[-57.66705449999991,-17.726144386126496],[-57.66355420000001,-17.729853786125545],[-57.6605383,-17.729140286125734],[-57.66044719999999,-17.72911878612585],[-57.65306280000001,-17.726073986126522],[-57.6520323,-17.725648986126632],[-57.6513823,-17.72551098612651],[-57.6459712,-17.72436148612677],[-57.64530979999989,-17.7233643861271],[-57.64474460000001,-17.718828586127987],[-57.643639,-17.717582986128278],[-57.6435308,-17.717461086128395],[-57.64030389999989,-17.717359286128335],[-57.6382217,-17.71926508612798],[-57.6345286,-17.7242394861269],[-57.63141711414859,-17.7272677190609],[-57.6307202,-17.727945986126098],[-57.62816879999999,-17.731845686125258],[-57.62311090000001,-17.736358986124163],[-57.6186433999999,-17.747781886121718],[-57.6175805999999,-17.74886498612156],[-57.61752190000001,-17.74887038612147],[-57.614155099999905,-17.749184186121397],[-57.61286449999991,-17.749304386121494],[-57.6119988,-17.75029368612116],[-57.6115298999999,-17.75183488612084],[-57.61286499999989,-17.752568986120647],[-57.61365359999999,-17.752421986120805],[-57.6162476,-17.75193838612089],[-57.6172902,-17.752159486120746],[-57.618444,-17.75240398612079],[-57.619477199999906,-17.753131886120656],[-57.62002879999991,-17.754763486120286],[-57.6196664,-17.756394686119823],[-57.6182191,-17.75856828611949],[-57.6148858999999,-17.76681218611761],[-57.6128116,-17.769617886117075],[-57.6099441,-17.77106248611681],[-57.60342000000001,-17.77167858611666],[-57.602278899999995,-17.77258258611646],[-57.60095050000001,-17.775290686115888],[-57.60083350000001,-17.77674958611555],[-57.60272889999991,-17.77902588611506],[-57.6045338,-17.77965938611494],[-57.605807500000004,-17.77962328611496],[-57.6072859,-17.77958128611498],[-57.6073327,-17.77957998611495],[-57.60742350000001,-17.779548886114966],[-57.6115296,-17.778142486115176],[-57.61155980000001,-17.77817888611517],[-57.61258320000001,-17.779411186114984],[-57.612165299999994,-17.78812468611312],[-57.6093088,-17.797541486111143],[-57.60588380000001,-17.80233938611],[-57.6035879999999,-17.804422086109668],[-57.6025802,-17.80478818610959],[-57.6023610999999,-17.804867786109554],[-57.60079439999999,-17.804702386109497],[-57.60073510000001,-17.804696186109616],[-57.598867000000006,-17.804498986109646],[-57.59172799999989,-17.802644486109937],[-57.58741639999991,-17.80102038611041],[-57.5789119999999,-17.80025958611044],[-57.5779469999999,-17.80017318611057],[-57.5763315,-17.800528386110503],[-57.5745340999999,-17.804061286109636],[-57.5735493,-17.812774386107893],[-57.571448700000005,-17.815394486107383],[-57.5698772,-17.816506286107096],[-57.569679199999904,-17.816646386107088],[-57.5677496,-17.81682318610698],[-57.561614600000006,-17.815175786107407],[-57.5593934999999,-17.81537238610722],[-57.558665,-17.815436886107314],[-57.55763119999991,-17.816159286107162],[-57.554585200000005,-17.821409786106056],[-57.552003799999994,-17.828205286104645],[-57.5499104,-17.829741686104217],[-57.5478927999999,-17.830313586104197],[-57.5470066,-17.830564786104052],[-57.54428457880736,-17.83133650970069],[-57.54327800000001,-17.831621886103918],[-57.5411535,-17.83270208610358],[-57.53919769999991,-17.8336965861034],[-57.536524799999896,-17.836136386102872],[-57.53234900000001,-17.83839798610243],[-57.531027900000005,-17.839113486102267],[-57.5304692999999,-17.840925986101954],[-57.5305539,-17.842920786101445],[-57.53102290000001,-17.844644386101077],[-57.535249399999906,-17.852189986099624],[-57.53477689999989,-17.853633786099326],[-57.5319865,-17.855358986098945],[-57.530974199999896,-17.85598488609884],[-57.5285094,-17.856918186098532],[-57.52244029999999,-17.859216086098154],[-57.519639,-17.861270486097652],[-57.51911100000001,-17.861657686097647],[-57.518591899999905,-17.861877986097515],[-57.5163587,-17.862825886097415],[-57.51133200000001,-17.86389868609707],[-57.5112123,-17.86389798609707],[-57.5093603999999,-17.863888086097056],[-57.5038686,-17.86180338609753],[-57.50358070000001,-17.861694086097643],[-57.498446400000006,-17.86122498609765],[-57.4970652,-17.861424086097706],[-57.4967243999999,-17.86147318609767],[-57.4948378,-17.861310886097698],[-57.49427609999999,-17.861262586097748],[-57.492819499999904,-17.861475986097695],[-57.4874728,-17.862259186097535],[-57.4867032,-17.862248286097508],[-57.4859182,-17.862237186097534],[-57.48527440000001,-17.862228086097574],[-57.484746,-17.862009886097592],[-57.4775858,-17.859053286098174],[-57.4773893,-17.860522086097905],[-57.477356,-17.860771486097757],[-57.4786402,-17.863771686097206],[-57.47941529999999,-17.868682786096116],[-57.4793339,-17.87012278609582],[-57.4790826,-17.874566286094954],[-57.478906900000005,-17.87542918609468],[-57.477668999999906,-17.87888208609397],[-57.471796000000005,-17.88514478609279],[-57.46714089999989,-17.888623286091953],[-57.46438979999989,-17.895288686090726],[-57.461935599999904,-17.898535786089933],[-57.46079401281061,-17.899429225707827],[-57.460249999999995,-17.899854986089654],[-57.4563591,-17.90179048608928],[-57.4538878,-17.90275268608917],[-57.45302960000001,-17.902686586089196],[-57.45246889999999,-17.902643486089193],[-57.4470805,-17.89533188609067],[-57.44591969999989,-17.891968286091412],[-57.445977572065985,-17.891606429803556],[-57.4475533,-17.88175388609348],[-57.44727660000001,-17.875686186094754],[-57.44703330000001,-17.87516438609487],[-57.4467253,-17.874504086095023],[-57.44541710000001,-17.873761286095153],[-57.442864,-17.87345438609519],[-57.4390542,-17.87169238609557],[-57.4386342999999,-17.87149808609551],[-57.436383099999894,-17.869661186095904],[-57.431908,-17.862930186097298],[-57.4276634999999,-17.858005486098342],[-57.426276300000005,-17.856395986098725],[-57.421736900000006,-17.854198386099238],[-57.41910940000001,-17.85412888609924],[-57.41722079999991,-17.854650986099003],[-57.413387400000005,-17.8574957860985],[-57.41263190000001,-17.857666886098475],[-57.41075000000001,-17.858093086098382],[-57.4100837,-17.85690478609853],[-57.41066699999989,-17.85537888609883],[-57.4097520999999,-17.853915286099255],[-57.4068219,-17.85305968609944],[-57.4058603,-17.852474486099588],[-57.402724400000004,-17.850565986099955],[-57.40243830000001,-17.850200286099945],[-57.4005784,-17.847822686100425],[-57.3998556,-17.845542786101017],[-57.39927529999991,-17.840374986101956],[-57.3991602999999,-17.84022138610213],[-57.3985211,-17.839366786102225],[-57.39810550000001,-17.839523086102258],[-57.39710740000001,-17.839898386102185],[-57.3950816,-17.842585186101626],[-57.391363,-17.84551878610102],[-57.38993939999991,-17.845841686100872],[-57.3890799,-17.84603658610083],[-57.3856863999999,-17.84427288610127],[-57.384662899999995,-17.843442486101452],[-57.38392793076452,-17.84206628935221],[-57.38207950000001,-17.838605186102487],[-57.38151959999989,-17.83199428610387],[-57.3807214,-17.82854448610459],[-57.3800712999999,-17.82734398610483],[-57.3781397,-17.82648968610503],[-57.3774481999999,-17.826183886104936],[-57.3764978,-17.82576358610515],[-57.3696148,-17.825493386105205],[-57.36808069999999,-17.826199186105082],[-57.364964500000006,-17.8316734861039],[-57.36315350000001,-17.83356048610354],[-57.35860699999991,-17.83609008610297],[-57.3561594999999,-17.837196686102622],[-57.3534564,-17.837858386102646],[-57.3530105999999,-17.83775748610262],[-57.35005849999991,-17.837089286102703],[-57.347887099999994,-17.835192086103184],[-57.3466898,-17.83414598610337],[-57.3439154,-17.836195586102882],[-57.3438045999999,-17.836180786102965],[-57.342411500000004,-17.835994786103026],[-57.3425778,-17.83129408610401],[-57.342578199999906,-17.831282186103973],[-57.3413583999999,-17.83063438610412],[-57.337386,-17.831577386103966],[-57.336816199999994,-17.831456086104],[-57.3351115999999,-17.831092886103963],[-57.333528999999906,-17.830163486104237],[-57.3308885,-17.82984138610429],[-57.326707499999905,-17.829331386104325],[-57.325226299999905,-17.829150786104435],[-57.32479990000001,-17.82452838610545],[-57.3244783,-17.824366986105353],[-57.3225247,-17.823386486105658],[-57.322191499999995,-17.82321928610557],[-57.320857600000004,-17.823025386105645],[-57.3194662999999,-17.821820986105877],[-57.31769189999991,-17.819181186106448],[-57.317554200000004,-17.819094186106472],[-57.316662799999996,-17.81853098610668],[-57.3152517,-17.818239086106765],[-57.3138357999999,-17.818417586106698],[-57.31268970000001,-17.818562086106663],[-57.3113845,-17.817824486106822],[-57.30930319999991,-17.811994786108038],[-57.3083121999999,-17.81102948610829],[-57.3080841,-17.810807286108332],[-57.3064937,-17.810509286108356],[-57.3013017,-17.81596278610723],[-57.299769,-17.816848586107042],[-57.2982492,-17.816441386107133],[-57.2979979,-17.81637398610704],[-57.2965811,-17.815359286107313],[-57.2941187,-17.812752386107903],[-57.2938880999999,-17.812508286107867],[-57.2914459,-17.811393486108198],[-57.2900223999999,-17.811553686108056],[-57.2881937999999,-17.81415588610751],[-57.28997100000001,-17.81599048610709],[-57.2903277,-17.816358686107147],[-57.29202730000001,-17.817466986106897],[-57.29291560000001,-17.818958086106623],[-57.2934963,-17.819932686106366],[-57.2923349,-17.821368786106056],[-57.290112,-17.82208378610593],[-57.2867548,-17.822522786105775],[-57.2851092999999,-17.822605086105828],[-57.2833304,-17.822693986105826],[-57.2828814,-17.821410286106065],[-57.2849413,-17.81546468610722],[-57.2850778,-17.814108986107634],[-57.2845720999999,-17.81364538610762],[-57.2837729,-17.812912786107802],[-57.2774914999999,-17.814550086107527],[-57.2758805,-17.81570588610731],[-57.274803,-17.817142286106883],[-57.2693181,-17.819458386106522],[-57.2692006999999,-17.819507986106377],[-57.2648356999999,-17.820349586106186],[-57.2630727,-17.820053286106265],[-57.2612419,-17.8193014861064],[-57.2603379999999,-17.818930386106516],[-57.2585197999999,-17.817505186106906],[-57.2566916,-17.816071986107218],[-57.2554165999999,-17.812880086107874],[-57.2547635999999,-17.81206308610795],[-57.2543924,-17.81159858610815],[-57.2526121,-17.810761986108346],[-57.2462773999999,-17.811028586108204],[-57.2367017999999,-17.812531586107852],[-57.234155799999904,-17.812439286107853],[-57.2326331,-17.812384086108015],[-57.23161160000001,-17.811191786108264],[-57.2324933,-17.80938968610851],[-57.2341132,-17.808143886108766],[-57.2356415,-17.807622286108895],[-57.243968299999906,-17.806925986109114],[-57.2454666,-17.806314686109292],[-57.2517473,-17.797980386111032],[-57.2527226999999,-17.796005186111458],[-57.2521541999999,-17.79393178611182],[-57.25202369999991,-17.793455986111923],[-57.2504974,-17.792983186112092],[-57.2488886,-17.793687486111963],[-57.2449219,-17.797367486111174],[-57.2444717,-17.797785086110952],[-57.2429682,-17.797584386111037],[-57.2399715999999,-17.796189386111312],[-57.2384615,-17.79462708611179],[-57.2369944,-17.792159086112154],[-57.2367480999999,-17.791380186112338],[-57.2361031999999,-17.789341286112798],[-57.23508409999991,-17.788331286113074],[-57.2324541,-17.789270186112898],[-57.230158,-17.790089986112697],[-57.2280780999999,-17.790301986112578],[-57.22761,-17.789131286112923],[-57.2286079,-17.78525098611374],[-57.2283279,-17.78389298611402],[-57.2276075999999,-17.78322238611407],[-57.227137399999904,-17.78278468611427],[-57.2252435,-17.782842886114167],[-57.222477298086595,-17.78451857799451],[-57.2180763,-17.78718458611324],[-57.2158727999999,-17.787971486113182],[-57.2110524,-17.78889698611296],[-57.2067395,-17.789121986112953],[-57.2042483,-17.789251886112915],[-57.2006365,-17.78882368611301],[-57.1996152,-17.788523486112933],[-57.1945858,-17.78704538611337],[-57.1912445,-17.785808486113652],[-57.1842081999999,-17.781892886114353],[-57.1810523,-17.780136686114812],[-57.1784443,-17.777741586115337],[-57.1780704,-17.777585186115374],[-57.1748514999999,-17.776238586115532],[-57.171630900000004,-17.776472986115614],[-57.1600786,-17.7788342861151],[-57.15692749999991,-17.778512586115095],[-57.15594,-17.77841178611521],[-57.1539698,-17.77729748611545],[-57.1482965,-17.768759386117257],[-57.1481388999999,-17.7685222861173],[-57.1467441,-17.767505086117428],[-57.1439918,-17.768190786117426],[-57.14093869999991,-17.77050388611679],[-57.1347125,-17.77421218611612],[-57.1315255,-17.773622386116244],[-57.1280030999999,-17.77412708611604],[-57.1268878,-17.774916486115963],[-57.1243575999999,-17.77813238611516],[-57.1209426,-17.780163986114815],[-57.1190233,-17.781041886114565],[-57.1179511999999,-17.781055786114536],[-57.1156078,-17.78108628611462],[-57.114413,-17.780066586114735],[-57.1143534,-17.77826268611527],[-57.1149445999999,-17.77699888611549],[-57.1147743,-17.774196786116107],[-57.1137821999999,-17.772091086116543],[-57.1136091,-17.771723686116538],[-57.11199809999991,-17.7713431861166],[-57.1086577,-17.7728300861164],[-57.1052673999999,-17.772253886116527],[-57.1036639,-17.772576186116336],[-57.1022773,-17.772326886116456],[-57.1014954999999,-17.772186286116423],[-57.0985808,-17.770417586116928],[-57.0973031,-17.7681364861174],[-57.0964693,-17.760795686118986],[-57.09468931223353,-17.757029202603036],[-57.0931034,-17.75367338612053],[-57.0924024,-17.752717986120725],[-57.0921686,-17.75239938612069],[-57.0891612999999,-17.750811486121034],[-57.0812397,-17.749880086121212],[-57.079987699999904,-17.749220186121498],[-57.0798245999999,-17.749134286121496],[-57.0796536,-17.748749386121585],[-57.0788883,-17.74702658612195],[-57.0768831999999,-17.742512986122957],[-57.0755048999999,-17.73750178612401],[-57.0753227,-17.736839286124066],[-57.0739121,-17.73546348612449],[-57.0712746999999,-17.73497308612446],[-57.0667051,-17.735602486124407],[-57.0665521,-17.73562358612435],[-57.0641952999999,-17.735047486124532],[-57.0631875999999,-17.734048486124756],[-57.0621861,-17.733055586124877],[-57.059743,-17.730633386125444],[-57.058734,-17.73025438612561],[-57.0567166,-17.72949648612574],[-57.0519694,-17.732140486125157],[-57.0501583,-17.73265778612508],[-57.0482155,-17.732554086125106],[-57.0477997,-17.732531886125113],[-57.0449146,-17.73032128612557],[-57.0439924999999,-17.728763486125924],[-57.0424882,-17.721766286127462],[-57.0398987,-17.717891386128215],[-57.0366038,-17.71108968612968],[-57.0377475,-17.706215686130847],[-57.0372967,-17.70357748613136],[-57.0333769,-17.694741186133363],[-57.0326469,-17.69427748613337],[-57.0323486999999,-17.694088186133513],[-57.0303867,-17.693964986133462],[-57.0290036,-17.6941446861335],[-57.0266041,-17.694456386133453],[-57.024715,-17.694241686133484],[-57.0219908999999,-17.693028186133734],[-57.0206611999999,-17.69300348613377],[-57.0192699,-17.69216648613383],[-57.0187976,-17.690983386134093],[-57.0195770999999,-17.685114186135408],[-57.018828,-17.68383508613578],[-57.0165810999999,-17.682345186135986],[-57.0148272,-17.679601286136624],[-57.0140976,-17.676230586137354],[-57.0140797999999,-17.67614838613738],[-57.0140771,-17.676135686137474],[-57.0140757,-17.676129386137504],[-57.0140752999999,-17.67612738613739],[-57.0140693,-17.676100086137343],[-57.0132748,-17.672429386138212],[-57.0119741,-17.67173318613835],[-57.00960439999991,-17.670464686138722],[-57.0046874,-17.671297786138457],[-57.001237100000004,-17.67083048613864],[-57.000435,-17.670721786138653],[-57.000045400000005,-17.670302386138765],[-56.9966530999999,-17.6666510861396],[-56.9953004,-17.665195186139897],[-56.9906637999999,-17.661834186140553],[-56.9882191,-17.6592899861411],[-56.9868271999999,-17.655936586141973],[-56.9871315999999,-17.65159078614295],[-56.9857031999999,-17.646438686144116],[-56.9852496,-17.64480248614446],[-56.9851829999999,-17.644664186144478],[-56.98396497544967,-17.64213191228237],[-56.9838501,-17.64189308614501],[-56.9811346,-17.63890068614578],[-56.9806245,-17.638610086145757],[-56.9769676,-17.63652678614632],[-56.976482,-17.635949086146347],[-56.9757458,-17.635073186146627],[-56.9740787,-17.631000686147566],[-56.97361380000001,-17.628056986148227],[-56.9736065,-17.62801138614812],[-56.9734996,-17.627944386148133],[-56.9700275,-17.625767086148734],[-56.9666347,-17.623639586149107],[-56.9647732,-17.621763686149635],[-56.9647471,-17.621737386149672],[-56.95910789999991,-17.612838886151582],[-56.957995,-17.608036786152706],[-56.9582622,-17.607301286152897],[-56.9583071,-17.60717798615293],[-56.958849,-17.6056864861532],[-56.9605468,-17.605155586153266],[-56.96235200000001,-17.605426386153223],[-56.9663022999999,-17.607343786152878],[-56.9682983,-17.60897358615252],[-56.9714893,-17.612789486151666],[-56.9728039999999,-17.61360908615146],[-56.9767684999999,-17.614072886151256],[-56.9789413999999,-17.613262986151536],[-56.9812793999999,-17.611135386152043],[-56.9814110999999,-17.61101548615207],[-56.982274,-17.609566586152294],[-56.982454800000006,-17.608240786152685],[-56.9825316,-17.60767818615283],[-56.982829,-17.60549768615322],[-56.9823866,-17.603860886153683],[-56.9813248999999,-17.602042886154106],[-56.9773031999999,-17.59841388615489],[-56.9763728999999,-17.596711686155313],[-56.9759627,-17.59596108615546],[-56.9761607999999,-17.595095486155678],[-56.976547,-17.593408486156072],[-56.9768516,-17.59207768615628],[-56.9781551999999,-17.58986218615684],[-56.9782931999999,-17.589627686156803],[-56.9798835,-17.586924986157563],[-56.9798848999999,-17.586922786157523],[-56.9803853,-17.584923586158016],[-56.9807443999999,-17.583489186158296],[-56.9823557,-17.580232986159086],[-56.9816107999999,-17.579788786159163],[-56.9811303,-17.579502286159133],[-56.9796365999999,-17.579765786159154],[-56.9780205,-17.580668186158842],[-56.9734925,-17.580384286158925],[-56.9711963999999,-17.578864886159277],[-56.9704637,-17.578380086159395],[-56.9686386,-17.57313368616071],[-56.9686053,-17.573037786160725],[-56.9667999,-17.57140418616109],[-56.960023299999904,-17.569838486161363],[-56.9519945,-17.569358986161543],[-56.9512941999999,-17.569045086161623],[-56.9503793,-17.568634886161608],[-56.9499721,-17.568192886161732],[-56.9489629,-17.567097386162075],[-56.9473298,-17.565324586162383],[-56.9463575,-17.5631096861629],[-56.9469329,-17.55983928616372],[-56.9461903,-17.5547607861648],[-56.944960900000005,-17.55294948616533],[-56.9446053,-17.552653986165424],[-56.9416782,-17.550221086165852],[-56.939632,-17.549631386166105],[-56.9375434,-17.54902958616613],[-56.9352904,-17.548966086166246],[-56.9344421,-17.548942186166144],[-56.933660599999904,-17.548920086166273],[-56.9299971999999,-17.54710228616656],[-56.9254632999999,-17.542928086167542],[-56.9240774,-17.542106086167824],[-56.9237704999999,-17.54192408616786],[-56.9234208,-17.54192978616777],[-56.9196269999999,-17.541992286167773],[-56.9193197,-17.54189828616789],[-56.9188412999999,-17.5417518861679],[-56.9175445,-17.541355086168014],[-56.9149113,-17.539265486168375],[-56.9119810999999,-17.53513268616943],[-56.9114335,-17.53436038616964],[-56.9095763,-17.53254638616997],[-56.908176,-17.532627386170013],[-56.9056823,-17.5340746861697],[-56.9013279,-17.538038486168755],[-56.8981582,-17.539178286168408],[-56.89812710806028,-17.539189464123005],[-56.8978296999999,-17.539296386168502],[-56.8972851,-17.539319386168486],[-56.8965896999999,-17.53934868616836],[-56.895772,-17.539383286168352],[-56.8927464,-17.538126486168743],[-56.889828800000004,-17.536914686169045],[-56.886797400000006,-17.536816186169062],[-56.8834967999999,-17.53670888616907],[-56.8830743999999,-17.53622938616922],[-56.8803973999999,-17.533189986169827],[-56.8796943,-17.53239158617008],[-56.8796584,-17.532350886169972],[-56.8782459,-17.532251386170095],[-56.87726320000001,-17.5331725861698],[-56.8771877,-17.533243286169892],[-56.87596749999991,-17.532972186169967],[-56.8748499,-17.53079408617046],[-56.8743856,-17.528166086171044],[-56.8746831999999,-17.525177786171657],[-56.872411400000004,-17.52254348617227],[-56.8722256999999,-17.52240108617241],[-56.8698897,-17.52061008617272],[-56.8698012,-17.520542186172836],[-56.8697900999999,-17.520449586172752],[-56.8696507999999,-17.519279886173123],[-56.8696069,-17.518911286173193],[-56.8705437,-17.516197986173843],[-56.8697826,-17.515454886174016],[-56.8692409999999,-17.514926086174135],[-56.8677405999999,-17.51473928617419],[-56.8670140999999,-17.51520068617406],[-56.8666047999999,-17.515460586173944],[-56.8614704,-17.505209586176296],[-56.8620251,-17.50340358617687],[-56.865271499999906,-17.50083848617733],[-56.8661566,-17.499625186177706],[-56.866516627460214,-17.496623128815692],[-56.8666554,-17.49546598617868],[-56.8652139,-17.490015986179973],[-56.8619646,-17.483906886181423],[-56.8609375,-17.483262786181587],[-56.8579367999999,-17.482782386181686],[-56.8558288,-17.483487786181534],[-56.8537413999999,-17.485550486180973],[-56.8531364999999,-17.48592898618085],[-56.8514668999999,-17.486973986180708],[-56.8502387999999,-17.486781286180737],[-56.8475220999999,-17.483943486181435],[-56.8460451,-17.480578886182236],[-56.8499416999999,-17.470736786184435],[-56.848735,-17.465921386185666],[-56.8478229999999,-17.464006386186135],[-56.845656,-17.462604586186462],[-56.8454081,-17.46244418618638],[-56.844263,-17.46264268618638],[-56.8421008999999,-17.46301768618636],[-56.8321655,-17.4636691861862],[-56.8293623,-17.46255818618638],[-56.8271071,-17.460896786186748],[-56.8254125,-17.458891686187375],[-56.8245984,-17.455797286188094],[-56.8248025,-17.45426078618835],[-56.8254896,-17.45308658618864],[-56.8288292,-17.44986188618948],[-56.831879,-17.447998886189964],[-56.8337774,-17.447452386190097],[-56.8370715999999,-17.446504286190276],[-56.837086999999904,-17.446489286190197],[-56.8398375,-17.443824686190847],[-56.8409099,-17.44200858619136],[-56.8386844,-17.437634486192344],[-56.83703690000001,-17.436539586192588],[-56.834889,-17.4356914861929],[-56.8332416,-17.43504098619305],[-56.82988890000001,-17.437349586192394],[-56.8281835,-17.438523886192204],[-56.8254628999999,-17.4385913861922],[-56.8227198,-17.437563286192447],[-56.8210028,-17.435736186192898],[-56.8204931,-17.434725286193114],[-56.8197009,-17.431691786193806],[-56.8196015999999,-17.430196586194093],[-56.8212439,-17.426129486195038],[-56.82440700000001,-17.423078886195913],[-56.8267049,-17.422334786196],[-56.82780890000001,-17.421977386196048],[-56.8302702999999,-17.421785386196234],[-56.8329960999999,-17.423351586195714],[-56.8342957999999,-17.423452286195843],[-56.8361697999999,-17.422464586196067],[-56.8393490999999,-17.42078898619644],[-56.8420179999999,-17.418189286196995],[-56.84202279999991,-17.41673508619745],[-56.8400492,-17.414993986197832],[-56.8313544,-17.40973688619905],[-56.8302469,-17.407380386199716],[-56.8291907999999,-17.400650786201215],[-56.8302965,-17.39305288620303],[-56.8297428,-17.39132578620348],[-56.8292997,-17.39073888620369],[-56.8287119,-17.38996028620379],[-56.8224380999999,-17.390588086203657],[-56.8213483,-17.39069708620373],[-56.81602619205765,-17.38984993549657],[-56.81524310000001,-17.38972528620398],[-56.8092321,-17.388006486204368],[-56.8044111999999,-17.386627986204736],[-56.8027986,-17.38697638620464],[-56.7965915999999,-17.39030168620384],[-56.796320799999904,-17.390446786203675],[-56.7959681999999,-17.390487986203663],[-56.7942927999999,-17.39068408620366],[-56.79102959999991,-17.391065886203545],[-56.7878621,-17.389544886204003],[-56.7859878,-17.387526486204496],[-56.7861293999999,-17.38444728620528],[-56.7887137,-17.379851786206288],[-56.7894026,-17.376873286206976],[-56.788992900000004,-17.37405368620767],[-56.7867492999999,-17.370504886208657],[-56.7850758,-17.369233386208847],[-56.7843121999999,-17.36865308620909],[-56.782456599999904,-17.368107586209227],[-56.7772373999999,-17.367150586209377],[-56.7731343,-17.366398186209526],[-56.7714766999999,-17.365868586209693],[-56.7674608,-17.3645846862101],[-56.7648480999999,-17.362923786210484],[-56.7628761999999,-17.360639186211078],[-56.7613463,-17.35600148621209],[-56.761009229113924,-17.35266450743936],[-56.7609065999999,-17.35164848621326],[-56.7624671,-17.3490343862138],[-56.7671253,-17.345369286214787],[-56.7686332,-17.344843786214945],[-56.7694925,-17.3438551862152],[-56.7696002,-17.342319186215573],[-56.7692729999999,-17.3416606862157],[-56.7688745,-17.340858686215924],[-56.767546,-17.340298386215956],[-56.7634581999999,-17.340433886215948],[-56.76329810000001,-17.340439186215917],[-56.7593552,-17.33921168621633],[-56.75721120000001,-17.336840086216895],[-56.7571593,-17.33393408621765],[-56.7583208,-17.329873986218644],[-56.7577944,-17.326692886219437],[-56.7571657,-17.325996486219598],[-56.7568856,-17.32568628621967],[-56.7547079,-17.32539118621974],[-56.749005,-17.327926486218992],[-56.7487364999999,-17.328045886218952],[-56.7480399999999,-17.3280385862191],[-56.7470855,-17.328028486219075],[-56.7457158999999,-17.328014086219063],[-56.743462,-17.327342686219286],[-56.7387664,-17.32449928621998],[-56.7368476999999,-17.32173878622052],[-56.7365091,-17.320732386220786],[-56.7359948,-17.312683586222885],[-56.73497728459924,-17.311341507842183],[-56.7338541999999,-17.309860186223492],[-56.7319567,-17.309406486223722],[-56.7318536999999,-17.309381886223616],[-56.7306235999999,-17.309335886223714],[-56.7250756,-17.309128286223665],[-56.7232719,-17.308479586223843],[-56.7210661,-17.307686286224023],[-56.720659,-17.307539886224077],[-56.7198784,-17.30777418622401],[-56.7192747999999,-17.307955286223965],[-56.7180195999999,-17.308332086223942],[-56.717099699999906,-17.310388286223358],[-56.716141400000005,-17.31661478622189],[-56.715161,-17.31808498622145],[-56.714147200000006,-17.318529986221442],[-56.7135438999999,-17.318794786221375],[-56.7109116,-17.318222886221484],[-56.7087754999999,-17.31723598622177],[-56.7082973999999,-17.317015086221694],[-56.7067739999999,-17.316998686221744],[-56.7045749,-17.319149786221196],[-56.7017933,-17.319900086221015],[-56.7016512,-17.31993838622112],[-56.7011084,-17.31981528622112],[-56.7009902999999,-17.319788486221142],[-56.6999605999999,-17.31955498622118],[-56.6974392,-17.317620886221675],[-56.6966186,-17.317298386221715],[-56.6960199,-17.317063186221787],[-56.6944093,-17.316867186221753],[-56.69298919999991,-17.317482986221734],[-56.6919324,-17.318110186221553],[-56.6924908,-17.320918286220827],[-56.6934082,-17.32247678622037],[-56.6953789,-17.324130286220075],[-56.6962935999999,-17.325498286219577],[-56.6960099,-17.326563986219455],[-56.6959100999999,-17.32693878621927],[-56.6944018999999,-17.326743286219372],[-56.6909309,-17.324527586219947],[-56.68551669999991,-17.319306486221258],[-56.6848792,-17.317581786221663],[-56.6842349,-17.317196486221803],[-56.6831814,-17.31656638622181],[-56.6787070999999,-17.320136986220945],[-56.673936,-17.325247886219746],[-56.6743271999999,-17.33205848621808],[-56.6738472,-17.333410886217653],[-56.6725205,-17.33457498621744],[-56.664628400000005,-17.338018486216626],[-56.663575,-17.338829686216407],[-56.6631803,-17.33884888621641],[-56.6620715999999,-17.33890288621629],[-56.660659,-17.33816338621648],[-56.660318100000005,-17.336705386216952],[-56.6593808,-17.335517186217253],[-56.6566553,-17.33448718621749],[-56.6556328,-17.333390286217746],[-56.6551861999999,-17.331843486218037],[-56.6613548999999,-17.328286986218934],[-56.6626868,-17.32675988621939],[-56.6609334999999,-17.32247878622037],[-56.6603069,-17.32196038622058],[-56.6598261,-17.321562686220663],[-56.65812720000001,-17.321178986220783],[-56.6567113,-17.321441486220625],[-56.6536849999999,-17.323034386220215],[-56.6514596,-17.326547586219423],[-56.6484364,-17.33484778621741],[-56.6477482,-17.33922738621631],[-56.647711300000005,-17.339462386216173],[-56.6454628,-17.339347686216286],[-56.6446278999999,-17.338338586216462],[-56.6438740999999,-17.336886886216913],[-56.6423444,-17.33052448621849],[-56.6442663,-17.328007486219096],[-56.6490112,-17.325795386219564],[-56.6498827,-17.32417608621995],[-56.6493831,-17.319453086221237],[-56.6485496999999,-17.31782108622154],[-56.6477656,-17.317232886221774],[-56.6474378999999,-17.31698708622173],[-56.6460949,-17.317149286221778],[-56.6452384999999,-17.318505686221336],[-56.6449090999999,-17.322310686220376],[-56.6407968,-17.326978086219352],[-56.63140329999991,-17.333528386217733],[-56.6304387,-17.334200986217574],[-56.6291027999999,-17.33355138621773],[-56.6282985999999,-17.331186786218307],[-56.6285683,-17.323762386220146],[-56.627701199999905,-17.323352786220237],[-56.6250183,-17.32208548622052],[-56.6219920999999,-17.321781986220557],[-56.6200181,-17.322032586220473],[-56.6167720999999,-17.323807386220125],[-56.61457139999991,-17.326591486219318],[-56.6118524,-17.331908186218037],[-56.6106852999999,-17.332148986218066],[-56.609797,-17.33233218621793],[-56.6091251999999,-17.331328886218234],[-56.6070013999999,-17.329741186218552],[-56.6056829999999,-17.32875558621892],[-56.6032921,-17.32927418621867],[-56.6003483,-17.331415886218288],[-56.5974447999999,-17.33215118621797],[-56.5958922999999,-17.332544386217997],[-56.5937226,-17.331704286218162],[-56.5935368,-17.331632386218104],[-56.5902877999999,-17.330935686218268],[-56.5889938999999,-17.330658286218448],[-56.5883954999999,-17.330365086218446],[-56.5865183999999,-17.329445286218746],[-56.5849077999999,-17.329247586218788],[-56.5807384,-17.33055798621836],[-56.5777687,-17.330911986218375],[-56.57656990000001,-17.331054886218354],[-56.57516940988997,-17.329652299281218],[-56.575100500000005,-17.329583286218703],[-56.5749372999999,-17.328132686219057],[-56.57514881741748,-17.327905133781364],[-56.5782667,-17.324550886219956],[-56.579426,-17.322207686220494],[-56.5793533,-17.320302786221006],[-56.5770681,-17.317322386221747],[-56.5770439999999,-17.317290886221677],[-56.5769622,-17.317263286221745],[-56.575015630057685,-17.31660487053377],[-56.5734325,-17.316069386221976],[-56.5711628,-17.315301686222263],[-56.5676369999999,-17.31491078622235],[-56.5656557999999,-17.31552108622221],[-56.5611833999999,-17.318097186221543],[-56.5555148,-17.32065218622082],[-56.5541517999999,-17.321826086220614],[-56.5522511999999,-17.32246248622044],[-56.5510156,-17.32287628622036],[-56.5480970999999,-17.322117986220448],[-56.54165330000001,-17.317245086221778],[-56.5374325,-17.316107686222058],[-56.5331530999999,-17.31344798622258],[-56.5323741999999,-17.312963786222824],[-56.5310456,-17.313495186222678],[-56.5298514,-17.319100586221285],[-56.5286813,-17.32090298622073],[-56.5281659999999,-17.320990386220856],[-56.5271804,-17.32115758622068],[-56.5259569,-17.32050398622093],[-56.5237089999999,-17.312143986222953],[-56.52241370000001,-17.31086658622324],[-56.522127,-17.310583886223302],[-56.52031909999991,-17.309839186223485],[-56.5152944,-17.312583686222823],[-56.51510139999991,-17.312616186222904],[-56.5138734,-17.31282268622287],[-56.5116836,-17.306470586224435],[-56.5113135,-17.306358486224358],[-56.5098235999999,-17.30590708622458],[-56.50710589999991,-17.306005986224562],[-56.5060448,-17.306044586224512],[-56.5052927,-17.304763786224733],[-56.5067379,-17.303879886225058],[-56.5079253,-17.303645386225032],[-56.50976919999991,-17.303281386225137],[-56.5111869,-17.30238788622535],[-56.5127375,-17.29950458622619],[-56.5139609999999,-17.298161186226505],[-56.5154583999999,-17.29282468622772],[-56.514432499999906,-17.292090886227932],[-56.513016900000004,-17.292442686227915],[-56.5111856999999,-17.294054586227524],[-56.5080718999999,-17.29528438622723],[-56.5068489999999,-17.29472178622726],[-56.5044053999999,-17.292792186227853],[-56.502602,-17.287425486229072],[-56.5017688,-17.286325386229493],[-56.5005193,-17.286440286229418],[-56.4992061,-17.28956338622866],[-56.4994609,-17.2958241862271],[-56.4991055,-17.297566086226574],[-56.4990726999999,-17.297726786226598],[-56.4982102,-17.298710786226373],[-56.4965984,-17.29916518622618],[-56.4900982,-17.298315986226367],[-56.4847065,-17.300991986225817],[-56.4844856999999,-17.301125386225635],[-56.4773991,-17.305407986224637],[-56.4731664999999,-17.309966486223594],[-56.473125,-17.310011186223562],[-56.4724618,-17.30975698622354],[-56.4721979,-17.309655886223517],[-56.4714314,-17.309362086223604],[-56.471503,-17.308177486223915],[-56.4715403,-17.307559186224143],[-56.4716556,-17.305649486224617],[-56.4711822,-17.303381886225242],[-56.4688528,-17.302099586225513],[-56.4681947,-17.302188186225386],[-56.4675176,-17.302279386225457],[-56.4666637,-17.30314888622513],[-56.4664693999999,-17.303346686225208],[-56.4650396,-17.30480268622484],[-56.4644829,-17.30679398622434],[-56.464461,-17.30861088622388],[-56.4655686,-17.3141390862225],[-56.4641695999999,-17.315470386222188],[-56.4639624,-17.315667586222023],[-56.4638707999999,-17.31566458622206],[-56.4619651,-17.315602886222067],[-56.4609308999999,-17.315569386222176],[-56.4559581999999,-17.310195886223415],[-56.4539824999999,-17.30955098622358],[-56.4523737,-17.31017558622352],[-56.4509563,-17.311901186223114],[-56.4506514999999,-17.31738938622173],[-56.4506297999999,-17.317781086221522],[-56.4512877,-17.320500686220928],[-56.4512698,-17.324041986220067],[-56.4510961,-17.325082786219824],[-56.4508776,-17.326391586219525],[-56.4506408999999,-17.326789886219263],[-56.44937839999991,-17.32891468621877],[-56.449269899999905,-17.329097286218705],[-56.4490929999999,-17.329242886218694],[-56.4476281999999,-17.33044818621847],[-56.44449560000001,-17.33148888621823],[-56.4441239,-17.33161238621812],[-56.4429982,-17.331404986218256],[-56.4426680999999,-17.33134418621818],[-56.44233100000001,-17.331282086218295],[-56.4420949999999,-17.331166186218198],[-56.4414040999999,-17.33082678621839],[-56.4405715,-17.330417786218483],[-56.4404215,-17.33016728621853],[-56.438414,-17.32681528621943],[-56.4349621,-17.32105168622072],[-56.4325992999999,-17.318587486221407],[-56.431769099999904,-17.31812748622144],[-56.4297931999999,-17.31703248622181],[-56.4275236,-17.316715086221844],[-56.4237368,-17.316185686221925],[-56.4188490999999,-17.312045786223077],[-56.41868249999991,-17.31190468622311],[-56.4172649,-17.311622886223144],[-56.41496742987506,-17.314302344141804],[-56.41270589999991,-17.316939886221842],[-56.4118817999999,-17.31724468622165],[-56.4114896999999,-17.31738968622172],[-56.4109812999999,-17.31719688622166],[-56.40905800000001,-17.316467386221934],[-56.4080956,-17.316102286222016],[-56.4051794,-17.312643086222785],[-56.4047411,-17.309831286223506],[-56.403904600000004,-17.307646286224035],[-56.4029116,-17.306365286224477],[-56.4028512,-17.30628738622447],[-56.40282269999991,-17.3062761862245],[-56.4005157,-17.30536728622463],[-56.3979871999999,-17.305307686224726],[-56.3954060999999,-17.30524688622465],[-56.3941191,-17.3045908862248],[-56.3925869,-17.30380998622499],[-56.38893,-17.301946286225423],[-56.3868749,-17.298757186226368],[-56.385412,-17.292900186227822],[-56.3846771,-17.289957786228587],[-56.3846531999999,-17.289861886228493],[-56.38306629999991,-17.28795838622905],[-56.3731054,-17.284449186229825],[-56.3725999,-17.284271086230014],[-56.3692230999999,-17.28411768623002],[-56.3659428,-17.283614386230127],[-56.365261000000004,-17.28350978623008],[-56.3639812,-17.282769186230347],[-56.3622142999999,-17.28174668623049],[-56.3606549,-17.28084428623086],[-56.3602964,-17.27921508623116],[-56.3605694999999,-17.277766286231515],[-56.362402,-17.27388018623258],[-56.3624852999999,-17.271703186233026],[-56.361934,-17.27043738623337],[-56.3604301999999,-17.26897248623384],[-56.3571161,-17.267273686234244],[-56.3566795,-17.26704988623431],[-56.3557352999999,-17.266853786234357],[-56.3544077999999,-17.26657808623431],[-56.3489319999999,-17.268640286233897],[-56.3429599,-17.273042286232688],[-56.342569,-17.27485368623222],[-56.3435138999999,-17.275943286231954],[-56.3444087,-17.27595148623207],[-56.3448195,-17.27595518623196],[-56.3477569999999,-17.274701886232364],[-56.3503226,-17.274538286232403],[-56.35198319999991,-17.276358186231878],[-56.3517075,-17.277536986231574],[-56.3502943,-17.27897928623121],[-56.3482139,-17.279508386231093],[-56.3473676999999,-17.28010948623101],[-56.3466850999999,-17.2805943862308],[-56.3444024999999,-17.284608186229885],[-56.3440176999999,-17.285284686229723],[-56.340514,-17.287889886229067],[-56.3388477999999,-17.28821738622897],[-56.3387116,-17.28824408622889],[-56.3381125999999,-17.2886038862288],[-56.3358736,-17.28994848622858],[-56.335041700000005,-17.288945986228818],[-56.3355094999999,-17.285689886229616],[-56.3350917,-17.28308108623018],[-56.3349868,-17.28242548623034],[-56.3322328,-17.281683686230608],[-56.330457,-17.282578386230405],[-56.3261815,-17.285904686229504],[-56.3236362,-17.28573968622963],[-56.3232633,-17.285715486229613],[-56.3235981,-17.27791908623156],[-56.3232369,-17.276187786231944],[-56.3204521,-17.273422086232618],[-56.3195691999999,-17.27254518623294],[-56.313541,-17.269429086233732],[-56.3126248999999,-17.26950148623357],[-56.3092940999999,-17.269764986233522],[-56.3076829999999,-17.272564686232933],[-56.3071593999999,-17.27277828623289],[-56.3066358,-17.272991886232806],[-56.3035093999999,-17.274266786232488],[-56.3032843999999,-17.274401786232453],[-56.2996266,-17.276596586231786],[-56.2988941999999,-17.27659308623192],[-56.2978497999999,-17.27658808623189],[-56.2976267999999,-17.275859786232104],[-56.2972106999999,-17.274501386232426],[-56.2949609999999,-17.271312486233228],[-56.2936217,-17.270936786233307],[-56.29292430000001,-17.270993886233295],[-56.2884334,-17.271361686233124],[-56.2884038999999,-17.27134708623325],[-56.2865700999999,-17.27044018623336],[-56.2860137,-17.26726888623428],[-56.28526110000001,-17.26572438623466],[-56.2835684999999,-17.26498598623481],[-56.28170610000001,-17.26343418623511],[-56.2801206,-17.25916298623621],[-56.2810969999999,-17.255819886237045],[-56.28651330000001,-17.250502186238503],[-56.28718,-17.248969486238792],[-56.2854023,-17.24741848623924],[-56.2836672999999,-17.246762686239453],[-56.2834286999999,-17.246672486239348],[-56.2735102,-17.24842818623899],[-56.2733322,-17.248418286239033],[-56.27010119999991,-17.248237986239058],[-56.2687293,-17.248161386239094],[-56.26841920578776,-17.24814410449166],[-56.26812640000001,-17.248127786239095],[-56.2684316,-17.246861986239384],[-56.2718166,-17.24452028624001],[-56.2726828999999,-17.24307478624029],[-56.27223980000001,-17.241445386240752],[-56.2697008,-17.240132986241104],[-56.2690411,-17.23979198624122],[-56.2666778999999,-17.240323386241073],[-56.2582656,-17.24434618623993],[-56.2578736999999,-17.244533586240035],[-56.2565481,-17.24379178624011],[-56.2580995,-17.237819086241668],[-56.2618168,-17.233036686242933],[-56.2624013999999,-17.231233186243347],[-56.261651300000004,-17.229870886243738],[-56.2600277999999,-17.22951498624369],[-56.2590963,-17.229310786243854],[-56.2570150999999,-17.23137578624333],[-56.2558726,-17.234088586242656],[-56.2546843,-17.234770186242475],[-56.2546202999999,-17.234806886242488],[-56.2543598,-17.23473498624237],[-56.2543424,-17.23473018624238],[-56.2522908999999,-17.234163886242538],[-56.2517319,-17.23234698624297],[-56.2549387,-17.22259978624561],[-56.2549776,-17.222481586245646],[-56.2547532999999,-17.222268086245627],[-56.2515597999999,-17.21922768624642],[-56.2513448,-17.21902308624646],[-56.2501210999999,-17.218828186246554],[-56.2477579,-17.219270786246334],[-56.2433104,-17.221056786245864],[-56.2418524999999,-17.221365386245893],[-56.2383733,-17.22210188624561],[-56.2379298,-17.222195786245678],[-56.2354577,-17.223903686245148],[-56.2350683,-17.22670818624453],[-56.2337302999999,-17.227337086244283],[-56.22856740000001,-17.22712338624441],[-56.2219132,-17.228576186244034],[-56.2209305,-17.22879068624393],[-56.2202609,-17.22688998624448],[-56.2206538999999,-17.22507788624496],[-56.2233163,-17.220559586245997],[-56.2231083999999,-17.219835486246176],[-56.2229523999999,-17.219292186246356],[-56.2200114,-17.220093086246116],[-56.2130102,-17.22593858624461],[-56.2098993,-17.226913786244488],[-56.2087655999999,-17.22726918624441],[-56.2080912,-17.22590308624473],[-56.2082118,-17.224186086245076],[-56.2088706,-17.22273398624544],[-56.2132650999999,-17.217411286246907],[-56.2138432,-17.212981086248067],[-56.213015,-17.210614286248635],[-56.2127477999999,-17.210262686248647],[-56.2121849,-17.20952178624881],[-56.2089584999999,-17.21177128624832],[-56.208096,-17.21285448624797],[-56.2056621,-17.214005586247787],[-56.20545939999991,-17.214101486247753],[-56.2038501,-17.213099586248],[-56.2027403,-17.209101386249042],[-56.2005725,-17.20648018624959],[-56.2004014999999,-17.206273386249666],[-56.1981542,-17.20617148624979],[-56.196902800000004,-17.206889486249523],[-56.1934812,-17.210221886248764],[-56.1919027,-17.21102558624851],[-56.1904587999999,-17.21128508624836],[-56.1903104,-17.211181186248407],[-56.1891495,-17.210368286248706],[-56.1885935,-17.20873978624905],[-56.188092599999905,-17.2021179862507],[-56.1844614999999,-17.194570886252777],[-56.1861782,-17.190415586253714],[-56.1855338999999,-17.189394086254094],[-56.1854319999999,-17.18923258625413],[-56.183175499999905,-17.189211786254145],[-56.1800380999999,-17.194085986252905],[-56.1785123,-17.1955301862525],[-56.1774680999999,-17.19585458625246],[-56.1770969,-17.195969886252406],[-56.1764666999999,-17.19570288625246],[-56.17577970000001,-17.195411786252453],[-56.1749333,-17.19505318625265],[-56.17379616257917,-17.193291701454594],[-56.1712209,-17.189302486254],[-56.1708164,-17.188675986254186],[-56.1693235,-17.18948668625408],[-56.1674793999999,-17.19282878625322],[-56.1646517,-17.194620986252634],[-56.1633476,-17.194695486252726],[-56.162456600000006,-17.193506286253026],[-56.1609526999999,-17.191499086253447],[-56.1571784,-17.18713438625458],[-56.1557749999999,-17.186452786254748],[-56.1545388,-17.185852286254985],[-56.15272950000001,-17.185475086255103],[-56.1489845,-17.185904286254903],[-56.1452876,-17.184886086255265],[-56.1443444999999,-17.186331986254817],[-56.1439546,-17.189135586254057],[-56.1427063,-17.19012408625381],[-56.13987,-17.191191786253626],[-56.1380549,-17.19053968625373],[-56.1378215,-17.190455886253844],[-56.1364071,-17.189179486254144],[-56.1365155,-17.18781018625439],[-56.137763400000004,-17.184650786255226],[-56.1410916,-17.18140878625602],[-56.1407133,-17.18064368625636],[-56.1401494,-17.17950338625657],[-56.1378951999999,-17.17885088625673],[-56.1355407,-17.1801047862565],[-56.133260400000005,-17.180542486256265],[-56.1295435,-17.179599586256618],[-56.1288481999999,-17.17942318625666],[-56.1278141,-17.178513886256788],[-56.1276492,-17.17633928625734],[-56.1269174999999,-17.175007386257782],[-56.1269004,-17.174976286257806],[-56.1253973999999,-17.174321186257984],[-56.1231263999999,-17.17458078625786],[-56.120844,-17.17565228625764],[-56.1192081999999,-17.17475308625788],[-56.1185065999999,-17.174367386257867],[-56.1162889,-17.168555886259412],[-56.11592580000001,-17.168256386259543],[-56.11395470000001,-17.16663058625999],[-56.1123441,-17.16634858625996],[-56.11120240000001,-17.16679578625985],[-56.1085626999999,-17.168682786259343],[-56.1052308,-17.172464286258386],[-56.1037022,-17.173538686258105],[-56.1020915,-17.174078286258062],[-56.0969234,-17.17358928625807],[-56.084462,-17.177663786256996],[-56.0827303999999,-17.177745786257088],[-56.0825670999999,-17.177633886257013],[-56.0796536999999,-17.17563718625754],[-56.0788388,-17.17484568625773],[-56.0768313,-17.17289558625826],[-56.0758820999999,-17.172482886258475],[-56.0724610999999,-17.170995486258757],[-56.0716002,-17.17062118625894],[-56.0695908,-17.170313886258935],[-56.06857080000001,-17.171569786258623],[-56.0677881,-17.174739486257796],[-56.06692520000001,-17.1747821862579],[-56.0661805999999,-17.17481918625775],[-56.0642035,-17.171993686258585],[-56.0632821,-17.171525286258607],[-56.0616803999999,-17.170710886258917],[-56.0600641,-17.171693686258546],[-56.0580652,-17.17530748625774],[-56.0563989,-17.181908886255954],[-56.0554506,-17.18371668625545],[-56.0539297999999,-17.185611486254967],[-56.05098420000001,-17.186948186254714],[-56.0478254,-17.18515418625507],[-56.0472381,-17.18482058625527],[-56.0471802,-17.180576586256283],[-56.0480383999999,-17.177316786257233],[-56.0493959999999,-17.174338986257975],[-56.049516,-17.172434086258477],[-56.0488058999999,-17.17197368625861],[-56.04753830000001,-17.17115188625869],[-56.0457312999999,-17.170954286258727],[-56.044119300000006,-17.171395086258652],[-56.0412992,-17.17490238625784],[-56.0378684,-17.177428686257183],[-56.03544870000001,-17.182759686255803],[-56.0324303,-17.18535768625505],[-56.03015029999991,-17.186708186254695],[-56.0185387,-17.189155586254024],[-56.0160675,-17.19022878625376],[-56.01389691674197,-17.193353959986833],[-56.013124699999906,-17.194465786252692],[-56.0114018,-17.19780548625193],[-56.0055101999999,-17.20419678625028],[-56.0076541,-17.20683968624953],[-56.0078804,-17.206882786249572],[-56.01402257013788,-17.20805329975158],[-56.0170659999999,-17.208633286249142],[-56.0177786,-17.20902418624897],[-56.0180081999999,-17.209149986249045],[-56.0185698,-17.209458086248848],[-56.0196782,-17.210745686248607],[-56.0201812999999,-17.211861286248325],[-56.0209846,-17.213642386247898],[-56.0209558,-17.21591718624729],[-56.0209546999999,-17.216000686247163],[-56.02078560000001,-17.21629858624715],[-56.0202896,-17.21717238624695],[-56.0200279221425,-17.21738072995567],[-56.0191523,-17.218077886246725],[-56.017376,-17.21831958624667],[-56.013609034857424,-17.214425615731205],[-56.0131464999999,-17.213947486247754],[-56.0105078,-17.213295586247938],[-56.0086276,-17.21419038624761],[-56.0082361,-17.215459586247388],[-56.0085066,-17.217091486246954],[-56.008664816957044,-17.2172075527587],[-56.0118720999999,-17.219560386246343],[-56.01270470000001,-17.22264798624548],[-56.0120377,-17.236681786241917],[-56.0107854,-17.239043286241294],[-56.0098454,-17.23853028624154],[-56.0090921999999,-17.238119186241605],[-56.0087329999999,-17.236037486242168],[-56.006298300000005,-17.234228586242537],[-56.0056503,-17.233747186242734],[-56.0037601,-17.23372988624277],[-56.0027933,-17.235717286242227],[-56.0025651,-17.23888858624131],[-56.0038633999999,-17.243216986240345],[-56.0038418,-17.24479128623995],[-56.0005106999999,-17.246243286239473],[-55.9987462999999,-17.24437368623993],[-55.9981792,-17.243772886240166],[-55.9965692,-17.241053386240768],[-55.9946523999999,-17.240142986241036],[-55.9934741,-17.239878386241188],[-55.9920504999999,-17.239883386241104],[-55.9909208999999,-17.240209786240964],[-55.9891848,-17.24124828624074],[-55.9887363999999,-17.24151648624071],[-55.9884544999999,-17.242003586240653],[-55.9879372,-17.24289778624043],[-55.9874115,-17.243806386240177],[-55.9892434,-17.247060286239257],[-55.9914093,-17.24978268623867],[-55.9917599,-17.25022338623856],[-55.9917713999999,-17.250323686238517],[-55.9922386,-17.254419486237396],[-55.9922561,-17.25457328623735],[-55.991784700000004,-17.25524478623729],[-55.9907188999999,-17.256762986236865],[-55.9905342,-17.257026086236852],[-55.9902099,-17.25715798623671],[-55.9887732999999,-17.257742186236587],[-55.9869583,-17.258480286236487],[-55.9857339,-17.25840018623649],[-55.9848971,-17.256480286236997],[-55.9846931,-17.254642986237318],[-55.9846764,-17.254492886237404],[-55.9845318,-17.254127486237554],[-55.98322280000001,-17.25081858623833],[-55.9827046999999,-17.24950908623874],[-55.9824933,-17.249195086238814],[-55.9808136999999,-17.246699986239463],[-55.9794858,-17.24643308623939],[-55.9786928,-17.246611086239415],[-55.978265300000004,-17.246706986239445],[-55.9762883,-17.251792986238122],[-55.9743487,-17.253281886237673],[-55.9739274,-17.253605286237608],[-55.9681762,-17.254710186237403],[-55.966762800000005,-17.254713986237434],[-55.9601547,-17.250190586238457],[-55.9547577,-17.249744586238563],[-55.9519243999999,-17.250198386238452],[-55.9512994999999,-17.250865486238375],[-55.9510706999999,-17.251109786238217],[-55.9514619,-17.251365586238165],[-55.9526309,-17.25212978623809],[-55.9549502,-17.253646086237733],[-55.9558177,-17.256453586236848],[-55.9538441999999,-17.25944498623625],[-55.9500831999999,-17.26300468623531],[-55.9469867999999,-17.27129118623322],[-55.9462038,-17.27250448623293],[-55.9415799,-17.277591386231528],[-55.9413140999999,-17.277883886231493],[-55.9411942,-17.27790838623148],[-55.9389355,-17.278369586231474],[-55.9382085,-17.278518086231344],[-55.9353434999999,-17.276081886232046],[-55.934616994190115,-17.27565497044695],[-55.9337624,-17.275152786232145],[-55.9335144999999,-17.27500708623229],[-55.9314816,-17.27381248623261],[-55.9310076,-17.271640086233184],[-55.9309994,-17.27160278623316],[-55.9307309,-17.270372386233376],[-55.9313673999999,-17.264658386234906],[-55.92937629999991,-17.260395686235885],[-55.9283474,-17.25913298623631],[-55.9269503,-17.25824668623654],[-55.9263405,-17.257859886236623],[-55.9247614999999,-17.258857586236264],[-55.9212649999999,-17.26357928623509],[-55.9201467999999,-17.26449398623494],[-55.9177855,-17.26486428623477],[-55.9166445,-17.26504308623482],[-55.9104917999999,-17.263434786235216],[-55.9093870999999,-17.263145986235173],[-55.9020083,-17.263879786235005],[-55.8989002,-17.26370818623507],[-55.8894893,-17.263188586235266],[-55.8865379,-17.263899086235007],[-55.8865374,-17.266720586234293],[-55.8904297,-17.268070386233973],[-55.8915129,-17.26794648623398],[-55.8944569,-17.267609786234036],[-55.8962767,-17.268164386233952],[-55.8976337,-17.268935286233827],[-55.8997588999999,-17.27014278623356],[-55.90192630000001,-17.273400786232617],[-55.8999406,-17.27692758623183],[-55.8998804,-17.27703458623182],[-55.8985438999999,-17.277308186231597],[-55.8945696,-17.274871086232213],[-55.8923991999999,-17.272506286232943],[-55.8923043999999,-17.272495486232845],[-55.8908747999999,-17.27233278623301],[-55.8897564,-17.27324368623273],[-55.8895633,-17.274602086232385],[-55.8924822,-17.277771786231597],[-55.892677600000006,-17.279314386231235],[-55.8916484,-17.28085848623084],[-55.889755900000004,-17.28168108623064],[-55.8892476999999,-17.282171786230514],[-55.8889978999999,-17.282412886230336],[-55.8865622,-17.284764686229845],[-55.8863097999999,-17.28473978622983],[-55.8792842999999,-17.28404538623004],[-55.875505,-17.280604386230895],[-55.8757077,-17.27915748623113],[-55.8789824,-17.275614386232075],[-55.8799263,-17.273347686232594],[-55.8794601,-17.27170648623305],[-55.8784221,-17.27053388623341],[-55.8768469999999,-17.26970558623365],[-55.8748110999999,-17.268634886233805],[-55.8735093999999,-17.26927108623378],[-55.8721791999999,-17.27063638623333],[-55.8718995,-17.271904386233093],[-55.8700408999999,-17.274755586232292],[-55.8696497999999,-17.27535558623221],[-55.8690779999999,-17.275642686232064],[-55.8656670999999,-17.277355186231624],[-55.8627569,-17.27826638623139],[-55.8606786,-17.28008028623102],[-55.8592575,-17.282895986230216],[-55.8582292,-17.283529586230195],[-55.8572462,-17.282889386230234],[-55.8555888,-17.28180998623062],[-55.8525986,-17.27876498623136],[-55.8525652,-17.27873098623127],[-55.8524489,-17.27878628623136],[-55.8521339,-17.27893618623134],[-55.8514231,-17.279274386231275],[-55.8510613999999,-17.28063248623089],[-55.851236500000006,-17.285068186229786],[-55.8505104,-17.290339486228454],[-55.848982,-17.29279208622777],[-55.8475632,-17.29388808622747],[-55.8463447,-17.297150786226656],[-55.8452305,-17.298606086226403],[-55.8422973999999,-17.300932986225718],[-55.8419201999999,-17.30123228622574],[-55.8399317,-17.301240586225727],[-55.8383168999999,-17.300512986225915],[-55.8374772999999,-17.297521186226568],[-55.8376792999999,-17.295984786226946],[-55.8372894999999,-17.29471488622736],[-55.8350955999999,-17.291357086228192],[-55.8289195999999,-17.288742386228755],[-55.8286802,-17.28864098622881],[-55.8274547999999,-17.288372186228962],[-55.8263211999999,-17.288826886228744],[-55.8259507,-17.290455086228427],[-55.8262283,-17.29199698622807],[-55.8293419,-17.295535286227068],[-55.8317347999999,-17.301610886225667],[-55.8293728,-17.305606486224665],[-55.828166800000005,-17.30650868622431],[-55.8280394,-17.306603986224292],[-55.8261492999999,-17.306772086224232],[-55.8248397,-17.305513186224697],[-55.8210836,-17.29795938622655],[-55.820954,-17.297698886226545],[-55.8203055,-17.297552086226688],[-55.8192744,-17.297318786226715],[-55.8178421,-17.296994586226717],[-55.8095925,-17.29773368622661],[-55.8079033,-17.2978850862266],[-55.806508,-17.298010086226444],[-55.80440350000001,-17.29942628622611],[-55.8025317999999,-17.301280186225718],[-55.8025355,-17.302622286225283],[-55.80520280000001,-17.30807618622405],[-55.805011,-17.309439886223718],[-55.8024066,-17.31091928622335],[-55.79886459999991,-17.31388558622251],[-55.7967077,-17.316426686221973],[-55.7944537,-17.32078038622077],[-55.7898797999999,-17.32680048621931],[-55.7889233999999,-17.327717686219067],[-55.7876444999999,-17.328645786218818],[-55.7847169,-17.329918186218617],[-55.7844216999999,-17.33004648621856],[-55.7833095,-17.32886418621879],[-55.78454120000001,-17.324690386219917],[-55.7833964,-17.32324728622016],[-55.7815988,-17.322055786220492],[-55.7806507,-17.32142738622063],[-55.7767820999999,-17.324244486220014],[-55.7750365593694,-17.32926886366348],[-55.7747022,-17.330231286218527],[-55.773955199999904,-17.331504186218126],[-55.7735312999999,-17.331667486218183],[-55.7725397999999,-17.332049586217995],[-55.7717014,-17.33114478621823],[-55.7709237,-17.32833368621903],[-55.7687857999999,-17.325813486219616],[-55.7687645999999,-17.325788486219526],[-55.7671541,-17.32470988621989],[-55.7612066,-17.323531986220104],[-55.7586504999999,-17.324711486219908],[-55.7551749,-17.328427086218856],[-55.7514787,-17.330428386218454],[-55.7498664999999,-17.331064786218327],[-55.744008,-17.33134258621825],[-55.7425924999999,-17.332884086217803],[-55.740261800000006,-17.33714678621683],[-55.7390422,-17.337652286216592],[-55.7387239,-17.337784286216685],[-55.7356965,-17.337605286216725],[-55.7342063999999,-17.337517186216747],[-55.7298724,-17.33987508621616],[-55.7264592999999,-17.34613768621452],[-55.725427700000004,-17.347500486214315],[-55.723512,-17.348785386213866],[-55.7228684999999,-17.349216986213875],[-55.7215605,-17.34949558621376],[-55.7196726999999,-17.34885968621381],[-55.7170237,-17.345880986214695],[-55.7164529999999,-17.344506686214988],[-55.7164564999999,-17.342962186215285],[-55.7121222,-17.339340286216206],[-55.7090975,-17.3376156862167],[-55.7086421,-17.33781238621666],[-55.7072036,-17.338433886216436],[-55.7076776,-17.34278338621545],[-55.7069246,-17.34387458621505],[-55.7066181,-17.345420886214804],[-55.7050326999999,-17.34786408621417],[-55.7043717999999,-17.351683086213185],[-55.7013468,-17.354129486212535],[-55.7012996999999,-17.354080686212598],[-55.700121300000006,-17.352858286212943],[-55.7005953999999,-17.351316886213365],[-55.6996539,-17.35013358621356],[-55.6957593,-17.347239186214278],[-55.6939791,-17.34097678621589],[-55.6938175999999,-17.340743086215824],[-55.6932285999999,-17.33989018621615],[-55.69039660000001,-17.33997738621612],[-55.6892624,-17.340439486215924],[-55.6885028999999,-17.34288458621529],[-55.6888673,-17.345789086214616],[-55.6881463999999,-17.3478255862142],[-55.6862331999999,-17.35087028621336],[-55.6854819,-17.351077886213425],[-55.6846179,-17.35131658621336],[-55.6823726,-17.34942058621381],[-55.682646,-17.34143278621579],[-55.6821735999999,-17.340074586216147],[-55.6815377999999,-17.339620086216126],[-55.6806488999999,-17.338984586216288],[-55.67781130000001,-17.33908608621639],[-55.6751836999999,-17.34034548621602],[-55.6740343,-17.342978086215393],[-55.67281089999991,-17.348965986213916],[-55.6719805,-17.350050486213632],[-55.6708328999999,-17.35060118621353],[-55.6695283999999,-17.350642286213397],[-55.6681050999999,-17.35068708621349],[-55.6647915999999,-17.347697886214252],[-55.6624237999999,-17.343979886215177],[-55.6604493999999,-17.34226028621557],[-55.6580885,-17.33908138621624],[-55.6578665,-17.33896178621632],[-55.65656729999991,-17.33826208621657],[-55.6553413999999,-17.33899668621627],[-55.654873800000004,-17.34035628621596],[-55.6560057999999,-17.346352686214555],[-55.65500589999991,-17.348580186214022],[-55.6546294999999,-17.349208386213864],[-55.6497909,-17.35377538621274],[-55.6497843,-17.355139386212315],[-55.6487306,-17.35830768621164],[-55.6464089,-17.35931488621136],[-55.6462008,-17.35940518621134],[-55.6445902,-17.359221486211304],[-55.6408405,-17.35615408621216],[-55.6398316999999,-17.354334186212608],[-55.6394094,-17.353198686212913],[-55.6389478,-17.349945886213693],[-55.6389255999999,-17.349790086213712],[-55.6390959999999,-17.349545186213756],[-55.640505,-17.34751988621429],[-55.6427853,-17.345792286214706],[-55.645067,-17.34316308621533],[-55.6452310999999,-17.34162718621561],[-55.6436952,-17.340017986216033],[-55.6430763,-17.3393695862162],[-55.6400300999999,-17.339717886216196],[-55.6371225,-17.34253368621542],[-55.6370411,-17.344068086215138],[-55.637979899999905,-17.346808086214438],[-55.63589480000001,-17.35304858621293],[-55.63161920349964,-17.358428039523286],[-55.6294766999999,-17.36112368621096],[-55.6263398,-17.364029686210134],[-55.6228209,-17.364811586209946],[-55.6209785999999,-17.36493408621],[-55.61787000000001,-17.365933886209756],[-55.6153143,-17.367651786209326],[-55.6138478999999,-17.368088086209244],[-55.6137854,-17.36810668620915],[-55.6122915,-17.367288686209452],[-55.6152008999999,-17.36212378621061],[-55.6148504999999,-17.360632586211093],[-55.6147308,-17.36012318621121],[-55.6134215,-17.359851986211172],[-55.6120132,-17.360215586211094],[-55.606181499999906,-17.36535498620992],[-55.6061482,-17.365384286209927],[-55.60390030000001,-17.366706286209553],[-55.6037047999999,-17.366821286209532],[-55.6033016,-17.36705848620939],[-55.6027802,-17.36736508620944],[-55.6022227999999,-17.367692986209345],[-55.60102449999991,-17.368397186209062],[-55.5997072,-17.369775086208836],[-55.5984428,-17.371097886208393],[-55.597839,-17.371729486208316],[-55.596600800000004,-17.37173168620824],[-55.5950932,-17.371734286208355],[-55.59462810000001,-17.372410386208177],[-55.5933206999999,-17.3743109862077],[-55.5932875,-17.374359086207583],[-55.5927634999999,-17.374134486207787],[-55.5927014,-17.374107886207756],[-55.59136249999991,-17.37353398620779],[-55.5900938999999,-17.372990086208024],[-55.5890694,-17.372550886208142],[-55.5877285999999,-17.372460386208203],[-55.5856090999999,-17.3736171862079],[-55.5855629,-17.375359986207386],[-55.5857545,-17.375463486207423],[-55.5887584,-17.37708598620703],[-55.5892926,-17.37824558620676],[-55.5893434,-17.378355886206723],[-55.5892231,-17.378388586206622],[-55.5881323999999,-17.37868548620667],[-55.5880103,-17.37871878620654],[-55.585725,-17.3784098862067],[-55.5839582,-17.37817098620677],[-55.58290720000001,-17.37907088620646],[-55.5832005,-17.380240086206275],[-55.5841166,-17.38116138620593],[-55.583838,-17.38279768620566],[-55.585255699999905,-17.385695886204942],[-55.5859215999999,-17.388600886204237],[-55.5857321999999,-17.39086778620369],[-55.5833676999999,-17.393767986203],[-55.5836444,-17.3954016862026],[-55.5865965,-17.398214486201834],[-55.5850608,-17.399120986201698],[-55.5817620999999,-17.399661986201576],[-55.5798710999999,-17.400843086201274],[-55.58081359999991,-17.402208586200825],[-55.5809763999999,-17.402231186200947],[-55.5853658,-17.40284178620078],[-55.5856706,-17.402975686200765],[-55.5865939999999,-17.40338128620066],[-55.5852543999999,-17.406292286199992],[-55.5852566999999,-17.407646286199615],[-55.5856433,-17.408827386199338],[-55.58828349999991,-17.412544986198426],[-55.5886417999999,-17.41381668619804],[-55.5867585,-17.415900186197636],[-55.5872271,-17.41817628619705],[-55.5870628,-17.421706686196227],[-55.5859887999999,-17.42225088619599],[-55.5858648,-17.422313686196073],[-55.5854509,-17.422523386195916],[-55.5839266999999,-17.421614186196273],[-55.5825126999999,-17.419078186196764],[-55.5815554,-17.41896088619682],[-55.5791012999999,-17.41866008619699],[-55.5765588,-17.418348486197054],[-55.575339,-17.41879988619694],[-55.5755379999999,-17.420163186196508],[-55.5771215999999,-17.42251718619607],[-55.5774256,-17.42414968619557],[-55.5755061,-17.431579886193866],[-55.5758125999999,-17.43340298619332],[-55.57487270000001,-17.434665986193032],[-55.5734249,-17.43491248619297],[-55.5732541,-17.434941586192945],[-55.5718555,-17.43480118619309],[-55.569675,-17.434582286193066],[-55.5682573,-17.435125486193016],[-55.5670057,-17.438477486192223],[-55.564014,-17.440450286191748],[-55.560982,-17.43947228619198],[-55.5597306999999,-17.439654586191825],[-55.5565328,-17.44218978619125],[-55.5562320999999,-17.443367386190914],[-55.550483,-17.4469087861902],[-55.5496184,-17.448081686189827],[-55.5505674999999,-17.44899378618969],[-55.551522500000004,-17.448781186189663],[-55.5554331,-17.44791068618999],[-55.555866,-17.44781438618997],[-55.5560346999999,-17.44794878618988],[-55.5567983999999,-17.44855738618983],[-55.5570109,-17.448726786189745],[-55.5576474,-17.450176986189327],[-55.5573692,-17.45189538618899],[-55.5547321,-17.453983586188517],[-55.55048559999991,-17.453891086188506],[-55.5489557,-17.45343328618865],[-55.5427381,-17.45651478618792],[-55.5438657,-17.45950678618713],[-55.5435668,-17.460682486186936],[-55.5401765,-17.460320286187017],[-55.5385613999999,-17.46104728618687],[-55.5387603999999,-17.462319386186557],[-55.5373354,-17.463044886186285],[-55.5368673999999,-17.464491986185998],[-55.5378924,-17.46557698618568],[-55.5380034999999,-17.4674838861852],[-55.5374333,-17.468070886185075],[-55.5372015,-17.468309486185102],[-55.5370318,-17.468484086185086],[-55.53583346681579,-17.467594056057095],[-55.535472000000006,-17.467325586185343],[-55.5350779,-17.46703278618541],[-55.5345885,-17.46666928618549],[-55.5332595,-17.466490786185528],[-55.5310944999999,-17.468576886185062],[-55.5308138,-17.47002248618471],[-55.5295905,-17.470204386184562],[-55.5271207,-17.47210228618419],[-55.52569930000001,-17.47156398618424],[-55.5221976,-17.47210298618414],[-55.5211803999999,-17.47319288618396],[-55.5223650999999,-17.474164986183723],[-55.5236158,-17.4751912861834],[-55.5237538,-17.47538638618333],[-55.5248352999999,-17.476915286183086],[-55.5249516,-17.478450886182596],[-55.5240893,-17.48117648618198],[-55.52134420000001,-17.48044678618227],[-55.5186229,-17.481444086182012],[-55.5179527,-17.482713786181613],[-55.5154527999999,-17.48349078618151],[-55.5151420999999,-17.483587386181522],[-55.5150328999999,-17.483621286181464],[-55.513075,-17.483031686181636],[-55.5130318,-17.483018686181538],[-55.5117008999999,-17.482617786181713],[-55.5100251,-17.482886686181544],[-55.5097787,-17.48292628618166],[-55.5088704999999,-17.48307198618154],[-55.5072145999999,-17.481524786181897],[-55.5067832,-17.48112158618199],[-55.506337,-17.480704686182058],[-55.50453240000001,-17.480981286182],[-55.5041413,-17.48288108618156],[-55.5056761,-17.485969586180936],[-55.5043416,-17.48651178618079],[-55.5032667999999,-17.48602848618091],[-55.502956700000006,-17.485889086180933],[-55.502725499999904,-17.485785086180915],[-55.4999361,-17.48348188618153],[-55.4994778999999,-17.483103486181616],[-55.4993421,-17.48299148618166],[-55.4990799,-17.48404728618129],[-55.4987578,-17.485344386181087],[-55.4983579,-17.485756486180993],[-55.4976187,-17.486518286180694],[-55.4962002,-17.485879486180973],[-55.4961142999999,-17.485809086180893],[-55.4949713999999,-17.48487218618109],[-55.4939214999999,-17.48401148618142],[-55.4934567999999,-17.483630486181408],[-55.4932085,-17.483426886181416],[-55.49130239999991,-17.484474386181283],[-55.4907049999999,-17.484802686181137],[-55.4900936,-17.48513858618113],[-55.4895478999999,-17.48461798618125],[-55.4890402999999,-17.484133886181358],[-55.4889127,-17.483084286181658],[-55.4888329999999,-17.482428886181662],[-55.4886769999999,-17.481146686182107],[-55.488467,-17.48092228618215],[-55.4876522,-17.48005228618235],[-55.4863154999999,-17.47965598618242],[-55.4850554,-17.479282286182503],[-55.4830435,-17.478685686182644],[-55.4828893,-17.47882228618253],[-55.4821858,-17.479445286182457],[-55.4817113999999,-17.47986538618228],[-55.4814249,-17.48077048618207],[-55.4813139,-17.481121286182013],[-55.4788196,-17.481362786181943],[-55.4788075,-17.481363986181957],[-55.4785855,-17.481385486181907],[-55.4784850999999,-17.481618486181983],[-55.4778082,-17.483188786181504],[-55.4768667,-17.484182186181346],[-55.4767821999999,-17.48427138618136],[-55.4727240999999,-17.48141418618199],[-55.4726421,-17.481356386182046],[-55.4726168,-17.48144958618198],[-55.4724763,-17.481965686181795],[-55.4719764,-17.483802986181484],[-55.4712906,-17.484299686181345],[-55.4707313,-17.484704686181264],[-55.46870460000001,-17.485341886181118],[-55.4667593999999,-17.48595348618084],[-55.4654475,-17.486857386180752],[-55.4644335,-17.488740386180183],[-55.46302940000001,-17.49134748617969],[-55.4627075999999,-17.49194498617944],[-55.4626734,-17.492008586179512],[-55.4591631,-17.493755186179104],[-55.4586967,-17.493987186178945],[-55.4588998999999,-17.4946016861789],[-55.4589543,-17.49476608617877],[-55.4595808999999,-17.496661086178324],[-55.4598353,-17.497430386178188],[-55.4588767,-17.499061786177794],[-55.45881,-17.499175186177812],[-55.4585068,-17.4996911861777],[-55.4540289999999,-17.50036068617745],[-55.4538621999999,-17.500385586177543],[-55.4537862999999,-17.50039698617754],[-55.4537845999999,-17.500505986177508],[-55.4537639,-17.501840186177123],[-55.4537222,-17.504531886176586],[-55.4538165,-17.50481778617655],[-55.4541766999999,-17.50590968617629],[-55.454063000000005,-17.506634886175984],[-55.4539710999999,-17.50722178617596],[-55.4538987999999,-17.507683086175845],[-55.4538631,-17.50769748617572],[-55.4499063,-17.509291286175458],[-55.4484100999999,-17.509893986175335],[-55.4449188999999,-17.51130018617492],[-55.4437374,-17.511776086174898],[-55.4430096999999,-17.510616986175155],[-55.4433926,-17.509821986175247],[-55.444018,-17.508523686175675],[-55.44457440000001,-17.507368586175826],[-55.4451286999999,-17.506217686176196],[-55.44528890000001,-17.505885186176293],[-55.4450477,-17.50584788617617],[-55.4439199,-17.505673786176324],[-55.4412027,-17.507052986175893],[-55.4390336,-17.509155386175394],[-55.4375153999999,-17.50988158617533],[-55.4366731,-17.510284386175137],[-55.4350628,-17.51105458617507],[-55.4347686,-17.511195286174917],[-55.4336436,-17.511494786174975],[-55.4327246999999,-17.511739386174906],[-55.4306812,-17.510601386175072],[-55.4292035,-17.509778586175255],[-55.4281478,-17.509190686175497],[-55.4267788,-17.509644486175365],[-55.4254238999999,-17.510093686175292],[-55.425136951871536,-17.510064625388786],[-55.4244987,-17.50999998617519],[-55.4233411,-17.509882786175325],[-55.423334,-17.510210686175235],[-55.4233040999999,-17.51157828617483],[-55.4232863,-17.51239258617463],[-55.422632500000006,-17.513447786174385],[-55.4225868999999,-17.51352138617435],[-55.4207858999999,-17.51309798617455],[-55.4197606,-17.512040286174823],[-55.4194459,-17.51230898617476],[-55.4183947,-17.513206286174587],[-55.4176707999999,-17.51456648617416],[-55.4163634999999,-17.51491808617406],[-55.4161379999999,-17.51478808617417],[-55.4154523999999,-17.51439278617419],[-55.4149738999999,-17.514116886174353],[-55.413435299999904,-17.51373268617432],[-55.4118716,-17.51334218617451],[-55.4107318,-17.513521686174474],[-55.410535,-17.51355268617438],[-55.4089820999999,-17.513797286174416],[-55.4077766999999,-17.5130774861746],[-55.4074401999999,-17.51287658617465],[-55.4066169,-17.51238498617466],[-55.4064185,-17.51238658617475],[-55.4052043999999,-17.512396786174737],[-55.4050667,-17.51246748617472],[-55.40352310000001,-17.513259886174566],[-55.4007331999999,-17.514692086174097],[-55.3998920999999,-17.515123886174013],[-55.3991167,-17.515521886174007],[-55.3952566,-17.515528286173996],[-55.3937026,-17.515977486173913],[-55.3934242,-17.516057886173897],[-55.3920378999999,-17.517159786173526],[-55.391978400000006,-17.518655886173196],[-55.3918975999999,-17.52069028617283],[-55.3918957,-17.520737986172715],[-55.3910835999999,-17.52114088617269],[-55.3907323,-17.521315186172554],[-55.3869486999999,-17.519281486173128],[-55.3866197999999,-17.519104586173068],[-55.3853079,-17.520223986172816],[-55.3836110999999,-17.524545686171923],[-55.3834795,-17.52488078617173],[-55.382335,-17.525475886171574],[-55.3821747,-17.525324286171696],[-55.3806190999999,-17.52385278617197],[-55.37945,-17.520914986172656],[-55.3771472,-17.515127786174066],[-55.3771133,-17.515042586174108],[-55.3768863,-17.515173186173982],[-55.3757338999999,-17.515836386173973],[-55.3755118,-17.515964286173872],[-55.37378180000001,-17.518968086173096],[-55.3733103,-17.52150968617262],[-55.3719025999999,-17.522678386172323],[-55.3689103,-17.523265386172213],[-55.3685359999999,-17.523338886172105],[-55.36747810000001,-17.523546386172054],[-55.3635396999999,-17.526190386171525],[-55.3622305,-17.527069386171338],[-55.3608118,-17.5262660861714],[-55.3594272999999,-17.526390186171454],[-55.35861800000001,-17.526462686171474],[-55.3579773,-17.527142386171217],[-55.3576586,-17.527480586171166],[-55.3539868,-17.531376186170327],[-55.3537598999999,-17.53161688617022],[-55.3539979,-17.53337588616986],[-55.3541764,-17.53469448616944],[-55.3533421,-17.535981086169286],[-55.3540647,-17.540838886168054],[-55.3519247,-17.543229186167476],[-55.3515863,-17.54472298616723],[-55.351797,-17.547451386166497],[-55.3518155,-17.547691586166515],[-55.3506728,-17.548558386166278],[-55.3493745,-17.548503086166228],[-55.3491698,-17.548217586166295],[-55.3483121,-17.547021586166615],[-55.34826,-17.546948886166735],[-55.3467327,-17.546749686166763],[-55.344139,-17.547267186166653],[-55.3438641,-17.547321986166654],[-55.3427301,-17.547789386166396],[-55.34217670000001,-17.548017486166437],[-55.3414466,-17.5483183861664],[-55.3408113,-17.548580286166334],[-55.3394554,-17.548507186166376],[-55.3391169999999,-17.547810886166413],[-55.337867800000005,-17.54523968616714],[-55.3366374999999,-17.546619586166674],[-55.3364496999999,-17.546830086166704],[-55.3363196999999,-17.547458486166498],[-55.3361477,-17.548289886166295],[-55.3360658,-17.54868548616628],[-55.3339161,-17.548518386166364],[-55.3319633999999,-17.549143386166108],[-55.331581,-17.54926578616607],[-55.3277002,-17.55234608616547],[-55.3263322999999,-17.552937786165234],[-55.3258974,-17.553125986165323],[-55.3240881999999,-17.55302968616528],[-55.323474,-17.55147278616559],[-55.3237616,-17.55093258616581],[-55.3241988,-17.55011108616601],[-55.3283102999999,-17.549215486166094],[-55.3287174,-17.548979386166206],[-55.3296496999999,-17.54843868616635],[-55.3286618,-17.547884486166485],[-55.3286267,-17.547864786166475],[-55.3256216999999,-17.546179286166772],[-55.3255549,-17.545990786166914],[-55.3250919,-17.54468418616716],[-55.3228444,-17.54272978616769],[-55.3225075999999,-17.542436986167647],[-55.3202219,-17.544709986167252],[-55.32015269999991,-17.54477908616722],[-55.3196146999999,-17.545315986167108],[-55.3182128999999,-17.545572786166957],[-55.3159199,-17.545992786166927],[-55.3151391,-17.545539486167062],[-55.3135629,-17.54462448616716],[-55.31299640000001,-17.544755486167226],[-55.3104499,-17.545344286167087],[-55.3099793,-17.545453086167058],[-55.3087548,-17.545180286167085],[-55.3081443999999,-17.544128286167364],[-55.30722059999991,-17.543563486167404],[-55.3058655,-17.542734986167588],[-55.3036701,-17.542746686167696],[-55.2996749,-17.54119298616807],[-55.29596715993066,-17.541569311204686],[-55.2945584999999,-17.541712286167897],[-55.2944231,-17.541725986167826],[-55.2926677,-17.542549586167716],[-55.2923332999999,-17.54454908616719],[-55.2958725,-17.5491276861661],[-55.296003562540534,-17.54952113722994],[-55.296171,-17.550023786165983],[-55.2965346999999,-17.551115186165756],[-55.29601039201088,-17.55101297422199],[-55.2924505,-17.55031898616585],[-55.2911639,-17.550333186165908],[-55.2904609999999,-17.550340986165846],[-55.2900658,-17.550345386165954],[-55.2898226,-17.550416086165825],[-55.2880731,-17.5509247861658],[-55.2853224,-17.551724686165617],[-55.2838346999999,-17.552157286165492],[-55.2844229999999,-17.554111986165083],[-55.2890601,-17.558364686164083],[-55.2891193,-17.55859438616391],[-55.2895617999999,-17.560312686163535],[-55.2858059,-17.557871786164096],[-55.284454,-17.55738558616431],[-55.2840022999999,-17.557223186164318],[-55.2827895999999,-17.557437886164312],[-55.2821977999999,-17.55900538616387],[-55.2822816,-17.560341886163595],[-55.2815729,-17.561577586163324],[-55.2811113,-17.562382486163173],[-55.2808415,-17.56285288616295],[-55.2807834,-17.562954086163025],[-55.2805620999999,-17.562977086163006],[-55.2795492,-17.563082486162966],[-55.2784763,-17.563193986162975],[-55.276449,-17.564553086162636],[-55.275674900000006,-17.56507208616255],[-55.2740019999999,-17.564540786162667],[-55.2741692,-17.56272398616296],[-55.2751976,-17.56027108616367],[-55.275155,-17.559007686163792],[-55.2751489,-17.558825986163964],[-55.2745136,-17.55902898616393],[-55.2722755,-17.55974398616376],[-55.2721505,-17.55978388616375],[-55.2712587999999,-17.560068786163676],[-55.26930490000001,-17.556940786164308],[-55.2692011999999,-17.556774686164346],[-55.2679486,-17.558013186164064],[-55.2680905,-17.559729486163636],[-55.2673923999999,-17.560934586163366],[-55.2659825,-17.562204186163104],[-55.2630592,-17.56483678616262],[-55.2633612,-17.56601798616222],[-55.2634765,-17.56646918616223],[-55.2670888,-17.56603148616234],[-55.2665411,-17.56798388616176],[-55.2664564,-17.5682857861618],[-55.2641426,-17.570287986161233],[-55.263501,-17.571628186161018],[-55.264109,-17.575241986160123],[-55.2643146999999,-17.576464086159913],[-55.2643361999999,-17.576592186159793],[-55.2642304,-17.577309086159755],[-55.2641401,-17.57792138615957],[-55.2621487,-17.57766308615955],[-55.2596427,-17.57478828616034],[-55.2583624,-17.574455286160415],[-55.2580864999999,-17.57438358616041],[-55.2561980999999,-17.575398286160166],[-55.2555096999999,-17.576376486159933],[-55.2540902,-17.576946486159805],[-55.2551478999999,-17.578692286159324],[-55.2554516,-17.580387786159047],[-55.2550694,-17.58111838615887],[-55.254811,-17.58161228615875],[-55.2541396,-17.581748686158605],[-55.2534012,-17.581898686158723],[-55.2521487,-17.582153086158606],[-55.2506672,-17.583444386158305],[-55.25030960000001,-17.584876686157873],[-55.2503457999999,-17.586581986157615],[-55.2523947999999,-17.592310786156304],[-55.2521148,-17.59239868615618],[-55.2501508,-17.59301518615614],[-55.2482001,-17.591709486156436],[-55.2466109,-17.59156628615648],[-55.2449204,-17.59141398615643],[-55.2458652999999,-17.59319668615607],[-55.2485828,-17.594065786155895],[-55.249142400000004,-17.59508438615565],[-55.2492802,-17.59533508615551],[-55.2478702,-17.595947486155488],[-55.247148,-17.595752086155525],[-55.246343,-17.595534286155463],[-55.2468157,-17.597272986155204],[-55.2452823,-17.600364986154457],[-55.2444331999999,-17.600908386154366],[-55.2425337999999,-17.602123986153977],[-55.2422017,-17.60040238615445],[-55.243225900000006,-17.598768086154845],[-55.2433377,-17.594306586155845],[-55.2413114,-17.5954484861556],[-55.2400099,-17.599674486154548],[-55.2382279,-17.600860986154373],[-55.2371481,-17.599737586154646],[-55.2371486,-17.597317486155163],[-55.2366623,-17.5959901861555],[-55.23661,-17.59584748615539],[-55.2363364,-17.596084686155322],[-55.2345326,-17.597648186155098],[-55.2339168,-17.59576488615539],[-55.23263569999991,-17.59564548615546],[-55.2319191999999,-17.59557868615555],[-55.2298137999999,-17.59979368615462],[-55.2297346,-17.599952286154483],[-55.2295106999999,-17.60040048615446],[-55.2281431,-17.60142978615412],[-55.2278228,-17.600523086154436],[-55.2272296,-17.598843686154826],[-55.227030399999904,-17.59934318615472],[-55.2266175,-17.6003788861545],[-55.226367,-17.601007186154305],[-55.2250294,-17.602306386154034],[-55.2226916,-17.604074686153616],[-55.2211411,-17.60524748615341],[-55.2196062,-17.60640838615311],[-55.21814030000001,-17.60751718615286],[-55.2178929,-17.608328286152645],[-55.2171714,-17.610693086152004],[-55.2178615999999,-17.61245038615164],[-55.2180541,-17.612569186151603],[-55.219138900000004,-17.61323838615148],[-55.2210651999999,-17.611981286151842],[-55.2214476,-17.611731786151914],[-55.223954999999904,-17.609243686152475],[-55.2256704,-17.60932248615247],[-55.2254091,-17.610780286151986],[-55.2252799,-17.61150118615197],[-55.2237347,-17.61378938615143],[-55.2224333999999,-17.615716586150903],[-55.22178699999991,-17.616673886150767],[-55.2214997,-17.617099286150605],[-55.2189478999999,-17.6170698861506],[-55.2143991999999,-17.615877486150975],[-55.2103208999999,-17.615780786150964],[-55.2089503,-17.615748286150968],[-55.2063896999999,-17.614518586151142],[-55.2057588,-17.61421558615135],[-55.2048101,-17.613759986151454],[-55.204193,-17.615729586151012],[-55.2038693,-17.61676288615076],[-55.2034998,-17.617942386150403],[-55.1998379999999,-17.61705228615069],[-55.196769699999905,-17.61822098615033],[-55.1954777999999,-17.61871298615031],[-55.1952377,-17.619050786150225],[-55.1942837,-17.62039238614995],[-55.1942268999999,-17.622910586149406],[-55.1941743,-17.625244086148843],[-55.1938104,-17.626775786148496],[-55.1936499999999,-17.627450786148327],[-55.1935875,-17.627713886148186],[-55.1922547999999,-17.62824588614815],[-55.190893100000004,-17.627802486148255],[-55.1904337999999,-17.626837686148477],[-55.1896806999999,-17.62525568614883],[-55.1886764,-17.62314628614935],[-55.1869905999999,-17.6209897861498],[-55.1866724,-17.620582786149917],[-55.1860040999999,-17.62039568614995],[-55.1859731,-17.620386986149832],[-55.1838951999999,-17.61980538615009],[-55.1843732,-17.6218549861496],[-55.18482470000001,-17.623791086149076],[-55.1849237,-17.62421578614898],[-55.1829926,-17.62375018614918],[-55.1822832,-17.623579086149192],[-55.18086220000001,-17.62323648614928],[-55.1807125999999,-17.623200386149296],[-55.1807707,-17.623509986149248],[-55.1809524999999,-17.624478486149],[-55.1810854999999,-17.62518738614885],[-55.1798338999999,-17.62673878614841],[-55.1789613999999,-17.627172886148283],[-55.1778126,-17.627744586148292],[-55.1740705,-17.630631486147532],[-55.1754541,-17.63247878614712],[-55.1764469,-17.63380438614689],[-55.1757294999999,-17.634921686146605],[-55.174256,-17.635534286146545],[-55.1733067,-17.635928886146424],[-55.1686526999999,-17.633671386146954],[-55.1685045,-17.633599586146996],[-55.16772836697288,-17.633878328465407],[-55.1668112999999,-17.634207686146713],[-55.1701696,-17.636219486146352],[-55.170981,-17.63717058614609],[-55.1717267999999,-17.638044986145985],[-55.17095950000001,-17.63996818614544],[-55.1707266,-17.6405517861454],[-55.1706799999999,-17.640668686145272],[-55.1706139999999,-17.640833986145243],[-55.1705769,-17.64080988614536],[-55.1682008999999,-17.63926828614569],[-55.1680092999999,-17.63904898614563],[-55.1664731,-17.637290186146064],[-55.1649992,-17.637596486146055],[-55.1638184999999,-17.63784198614602],[-55.1634804,-17.637912186145986],[-55.1634197,-17.638122386145845],[-55.1628076,-17.640243286145477],[-55.1629755,-17.641505786145093],[-55.1630648,-17.642170486145034],[-55.1602928,-17.641836886145025],[-55.1602166,-17.641827786145026],[-55.1569178999999,-17.642476886145],[-55.1541175999999,-17.643027986144855],[-55.1515592,-17.642960086144857],[-55.148955300000004,-17.642890986144895],[-55.1487567999999,-17.642788086144886],[-55.145704,-17.641205486145275],[-55.1429012999999,-17.639752586145587],[-55.14200329999991,-17.639287086145604],[-55.1428650999999,-17.642100586144952],[-55.143638,-17.644623886144412],[-55.1431656999999,-17.645546486144287],[-55.142951,-17.645965786144107],[-55.142333199999904,-17.646001586144184],[-55.1403885999999,-17.64611438614404],[-55.1396862999999,-17.646981086143846],[-55.138996399999904,-17.647832486143695],[-55.1384128999999,-17.648552486143515],[-55.1373887,-17.64981618614332],[-55.1370875,-17.65018778614326],[-55.1364159999999,-17.65033108614318],[-55.1335696,-17.650938186142966],[-55.1331332999999,-17.651031186143058],[-55.1310630999999,-17.65147278614296],[-55.1296472,-17.651254186143035],[-55.1274584999999,-17.652597886142647],[-55.1272559999999,-17.65272228614261],[-55.1248342,-17.651047586143047],[-55.1247552999999,-17.650992986143066],[-55.1235009,-17.649349386143346],[-55.1234441,-17.64927498614338],[-55.1223848,-17.64888888614355],[-55.12161170000001,-17.64860698614363],[-55.1192306999999,-17.648760286143478],[-55.11808749999991,-17.648833886143464],[-55.1165612,-17.647209186143925],[-55.1167326,-17.645961586144196],[-55.1166343,-17.645631586144155],[-55.1163256999999,-17.644595786144425],[-55.1160877999999,-17.643797086144655],[-55.1158073999999,-17.64401228614455],[-55.1148183999999,-17.64477138614446],[-55.1146424,-17.64490648614435],[-55.1138921,-17.643963086144606],[-55.1137259,-17.64297898614486],[-55.1134743,-17.641488586145122],[-55.1131899,-17.63980438614549],[-55.112612,-17.63638268614634],[-55.1119788,-17.635211986146608],[-55.1115636,-17.6344444861468],[-55.1114014999999,-17.631821886147353],[-55.1113647999999,-17.631228586147415],[-55.1108391,-17.630710686147612],[-55.110751724905455,-17.63062461660003],[-55.1087577,-17.628660386147995],[-55.107773800000004,-17.628615986148077],[-55.1059155,-17.62853208614809],[-55.1043935,-17.62846338614798],[-55.104308800000005,-17.628459486148113],[-55.1021631999999,-17.62998488614774],[-55.1007614,-17.630981486147547],[-55.100583,-17.631108286147427],[-55.1004333,-17.630861286147503],[-55.0991147,-17.628686086148058],[-55.0984842999999,-17.627645986148323],[-55.0984223,-17.627543786148344],[-55.0976295999999,-17.627589086148337],[-55.0967042,-17.627641886148314],[-55.0969382,-17.628852286147936],[-55.0971641,-17.63002058614777],[-55.097503800000005,-17.631776786147352],[-55.0958368,-17.632862086147153],[-55.0948820999999,-17.634088886146763],[-55.0943217999999,-17.6348088861466],[-55.0935994,-17.63573718614639],[-55.09336630000001,-17.63603678614634],[-55.0927043,-17.63588908614634],[-55.0911968999999,-17.635552786146555],[-55.0901451,-17.63470988614671],[-55.0897333,-17.63437998614679],[-55.08795,-17.632950886147135],[-55.08794970000001,-17.632691686147155],[-55.0879484,-17.631432286147426],[-55.0877950999999,-17.63105238614743],[-55.0874411999999,-17.630175486147714],[-55.0873809,-17.630026086147765],[-55.0873372,-17.62991788614781],[-55.0872934,-17.629939086147704],[-55.0870861999999,-17.630039286147735],[-55.0868725,-17.63014268614772],[-55.0852803,-17.63091298614754],[-55.08507000000001,-17.631014786147468],[-55.0827001,-17.63216118614721],[-55.0819595999999,-17.63251948614709],[-55.0799519,-17.633490786146897],[-55.0796298,-17.63292858614709],[-55.07883689999991,-17.631544586147324],[-55.0771948999999,-17.63051558614765],[-55.0766325,-17.630653786147548],[-55.0765785999999,-17.630666986147624],[-55.0726481999999,-17.63163258614732],[-55.0703637,-17.63365868614694],[-55.0704852,-17.634431986146684],[-55.0706731,-17.635628186146395],[-55.0705877,-17.63570778614649],[-55.0692589,-17.636944886146107],[-55.0667804,-17.63676138614625],[-55.0666578999999,-17.637265186146024],[-55.0664768,-17.638009786145965],[-55.0669976999999,-17.639087786145733],[-55.0670863999999,-17.639271186145592],[-55.0638152999999,-17.64245988614488],[-55.0636746,-17.642203786144915],[-55.0627018,-17.640433186145454],[-55.0626602999999,-17.640144386145405],[-55.0625032999999,-17.639051186145632],[-55.0606964999999,-17.63931938614568],[-55.0589714,-17.63957548614565],[-55.0588719,-17.639590186145515],[-55.0585884,-17.639632286145602],[-55.05731990000001,-17.640533486145312],[-55.0572276,-17.640598986145392],[-55.0570926999999,-17.640919786145243],[-55.0565321,-17.642252686145],[-55.0564747,-17.642389086144885],[-55.0563321,-17.642359786145022],[-55.0552019,-17.64212758614505],[-55.055201,-17.640060886145537],[-55.0552003999999,-17.638639586145818],[-55.0527006999999,-17.638536386145837],[-55.0511428999999,-17.63950138614565],[-55.0503317,-17.6396774861455],[-55.0491292999999,-17.639938586145412],[-55.0473122999999,-17.640332986145378],[-55.0469616999999,-17.639792586145543],[-55.0455608999999,-17.637633386146053],[-55.0447546999999,-17.636390586146362],[-55.0440156999999,-17.637619686146092],[-55.0431007999999,-17.63914178614563],[-55.0429998,-17.639309686145694],[-55.0419406,-17.639085486145735],[-55.0413215999999,-17.638954386145684],[-55.0398595,-17.638644786145854],[-55.0383591999999,-17.638327186145816],[-55.0382539999999,-17.638304886145942],[-55.0365616,-17.638811586145728],[-55.0348078,-17.638630186145825],[-55.0339392,-17.638240586145933],[-55.0336482,-17.63811008614586],[-55.0334738,-17.63803188614588],[-55.0334665,-17.63817618614594],[-55.0334625,-17.638253786145924],[-55.0333992,-17.63950478614553],[-55.0332677,-17.639602586145536],[-55.0320563999999,-17.640502886145327],[-55.03091380000001,-17.63893148614576],[-55.0307442,-17.638818086145772],[-55.0270098999999,-17.63632198614637],[-55.025421299999906,-17.636595886146296],[-55.0251186,-17.636648086146163],[-55.024692,-17.636914386146227],[-55.0246546,-17.63693768614621],[-55.0230610999999,-17.637932586145894],[-55.0227705999999,-17.636690186146268],[-55.0227530999999,-17.636615186146205],[-55.0230235,-17.634829786146675],[-55.0230338,-17.63476168614672],[-55.02293980000001,-17.634797586146686],[-55.0205415,-17.63571258614653],[-55.0189528,-17.636318586146345],[-55.0171736999999,-17.63497088614654],[-55.0184007999999,-17.6325140861472],[-55.0184209,-17.632467686147116],[-55.0182354999999,-17.63203538614723],[-55.0176107999999,-17.63057888614753],[-55.01757669999991,-17.630558686147562],[-55.0163413,-17.62982628614775],[-55.01631460000001,-17.62981048614785],[-55.016313800000006,-17.62982128614772],[-55.0161833999999,-17.631789186147344],[-55.0161763999999,-17.631895386147356],[-55.0159434,-17.632229886147307],[-55.0154191999999,-17.632982486147103],[-55.0146346,-17.63230798614724],[-55.0140850999999,-17.631835686147365],[-55.01402369999991,-17.631997986147333],[-55.0137951999999,-17.63260238614711],[-55.0135371,-17.63328498614692],[-55.0131549,-17.634295886146703],[-55.0130617,-17.634542086146748],[-55.0112813,-17.63447718614668],[-55.0112655999999,-17.634111586146755],[-55.0111947,-17.632464786147214],[-55.0116687,-17.631106386147557],[-55.0115092,-17.63079868614758],[-55.01087,-17.62956558614789],[-55.010817,-17.62946328614783],[-55.0107532,-17.629340286147894],[-55.0107182,-17.62937228614782],[-55.0097731,-17.63023208614762],[-55.0081427,-17.630806386147466],[-55.0081367999999,-17.630898086147585],[-55.0080831999999,-17.631731886147406],[-55.0080030999999,-17.632977986147097],[-55.0078826,-17.63293028614702],[-55.0070507,-17.6326007861472],[-55.0061992999999,-17.632263586147165],[-55.0061396,-17.632668386147078],[-55.0060219,-17.633466786147],[-55.00599949015479,-17.633618606204664],[-55.0059712999999,-17.63380958614681],[-55.0049066999999,-17.634211186146832],[-55.0031183999999,-17.634885886146705],[-55.0026434,-17.63506508614665],[-55.0015549999999,-17.636091486146448],[-55.0007752,-17.636344786146367],[-55.0000037999999,-17.636595386146286],[-54.9998629,-17.63618678614636],[-54.999534599999905,-17.63523448614658],[-54.9988344,-17.635191186146592],[-54.9977529,-17.635124286146606],[-54.9975185,-17.63555078614651],[-54.9962077,-17.637935186146002],[-54.9960311,-17.638256486145917],[-54.9959241999999,-17.638450886145904],[-54.995809,-17.638428986145858],[-54.9957648,-17.63842058614589],[-54.9943959999999,-17.63816048614594],[-54.9918340999999,-17.638399186145907],[-54.9917846,-17.63833088614588],[-54.9908914,-17.6370977861461],[-54.9908371,-17.637022886146195],[-54.9909296,-17.636982986146112],[-54.9922567,-17.63641048614632],[-54.99235480000001,-17.63641188614624],[-54.9927799,-17.63641838614634],[-54.9935573,-17.63643008614622],[-54.9939744,-17.63516228614652],[-54.9927845,-17.632973886147074],[-54.9923194,-17.633076386146993],[-54.9908644,-17.633397286146984],[-54.9905899999999,-17.633334886147015],[-54.9902102,-17.633248486147032],[-54.9891661999999,-17.63301098614708],[-54.9884130999999,-17.6317921861473],[-54.9878241,-17.630838886147576],[-54.9877021,-17.63064148614763],[-54.9886663999999,-17.62965998614777],[-54.9881807,-17.628039386148245],[-54.9881488,-17.62793308614824],[-54.9881202999999,-17.627837786148252],[-54.9872298,-17.627691386148197],[-54.9871995999999,-17.627686386148262],[-54.9868941999999,-17.627636186148177],[-54.9868468,-17.627549686148345],[-54.9866949999999,-17.627272686148256],[-54.9857886,-17.62561898614875],[-54.9851677999999,-17.624486486148907],[-54.9849431,-17.624076486149047],[-54.9846099,-17.62437808614895],[-54.9835881,-17.625302886148848],[-54.9825332999999,-17.626257586148615],[-54.9828352,-17.62822208614818],[-54.9829587,-17.62902538614788],[-54.9830021,-17.629307986147943],[-54.9827086,-17.629200286147963],[-54.9814734999999,-17.628747286147984],[-54.982120199999905,-17.627236886148427],[-54.9821984,-17.627054286148354],[-54.982197500000005,-17.626901886148506],[-54.9821918,-17.625843686148727],[-54.981853300000004,-17.62540978614869],[-54.98182580000001,-17.62537448614882],[-54.98051339999991,-17.623692086149198],[-54.9804164999999,-17.623567786149117],[-54.98039820000001,-17.62369108614922],[-54.9803183,-17.62422988614898],[-54.9802081,-17.624972886148832],[-54.98013960000001,-17.625435386148816],[-54.9801083,-17.625646286148744],[-54.9792614,-17.625449286148815],[-54.9788912,-17.625363286148744],[-54.9788568,-17.625317486148727],[-54.9779804999999,-17.624151986149084],[-54.977180599999905,-17.62308828614924],[-54.9770301,-17.622887986149294],[-54.9759113,-17.622261586149413],[-54.9756307,-17.62210448614954],[-54.9755283,-17.62204718614946],[-54.9755228,-17.621995986149617],[-54.9754722,-17.621521786149653],[-54.9751115999999,-17.61814548615046],[-54.9748658,-17.61782268615055],[-54.974743923150406,-17.61766261762347],[-54.9744818999999,-17.617318486150644],[-54.9742755,-17.61704738615061],[-54.9740634,-17.617271386150556],[-54.9734066999999,-17.617964986150508],[-54.9733395,-17.618035886150384],[-54.97328814571845,-17.61846877224123],[-54.9731341,-17.619767286150065],[-54.9731141999999,-17.61993508615004],[-54.9714686,-17.619699886150002],[-54.97114770878324,-17.619654065460843],[-54.9710302,-17.619637286150073],[-54.97095376181369,-17.619761465975245],[-54.9703483,-17.620745086149864],[-54.9702548,-17.620896886149726],[-54.968878985491855,-17.620910398824435],[-54.9679232,-17.6209197861498],[-54.9675425,-17.620923486149707],[-54.9672472,-17.62092638614981],[-54.96639079999991,-17.620934786149675],[-54.9664516999999,-17.620804486149844],[-54.9673607,-17.61886028615018],[-54.9673925,-17.618634686150337],[-54.9675903999999,-17.617232086150647],[-54.9670313999999,-17.615592386151008],[-54.96499690000001,-17.61518838615113],[-54.9645892999999,-17.615107386151045],[-54.9631730999999,-17.61535748615108],[-54.96133580000001,-17.61760408615046],[-54.9612782999999,-17.617557186150577],[-54.9597517,-17.616313586150856],[-54.9597067999999,-17.61630698615078],[-54.9587668999999,-17.616167786150864],[-54.9572042,-17.615936386150953],[-54.956832600000006,-17.615881386150935],[-54.9548063999999,-17.615581386150932],[-54.9543692,-17.615516686150958],[-54.954368299999906,-17.615487786151057],[-54.954325099999906,-17.614079686151296],[-54.9543135,-17.613703686151453],[-54.95187190000001,-17.613669186151334],[-54.9513621999999,-17.613661986151467],[-54.9496695,-17.614096486151343],[-54.9483370999999,-17.615346986150964],[-54.9473065999999,-17.614511686151264],[-54.9472435,-17.6142852861512],[-54.9471430999999,-17.613924986151307],[-54.9469523,-17.613240486151543],[-54.944475,-17.613207186151545],[-54.9438329,-17.611665386151824],[-54.9443361,-17.61039808615212],[-54.9434244,-17.60902838615239],[-54.941701,-17.6090013861525],[-54.9402815,-17.6099837861523],[-54.9386721,-17.610145086152283],[-54.9370575,-17.609484186152276],[-54.9352775999999,-17.609647086152354],[-54.9329736,-17.610695186152128],[-54.9308953,-17.61092188615198],[-54.9307229999999,-17.610940686152087],[-54.92940620000001,-17.610150086152156],[-54.9285596,-17.609641786152334],[-54.926433,-17.60985188615233],[-54.924815200000005,-17.610011786152178],[-54.9218675,-17.610302986152117],[-54.9204975,-17.610438386152193],[-54.9197214,-17.609895286152216],[-54.9193061,-17.609604586152383],[-54.9143074999999,-17.60845068615254],[-54.9115593,-17.609053286152477],[-54.9105709,-17.61025978615213],[-54.9105228999999,-17.610318286152214],[-54.9103868999999,-17.61048438615218],[-54.91015359999991,-17.610476786152184],[-54.9096926999999,-17.61046178615206],[-54.9057806,-17.610334786152197],[-54.9021686,-17.611553786151948],[-54.9018816999999,-17.611877586151884],[-54.9001147,-17.613872086151424],[-54.8998131,-17.614212586151346],[-54.8970355,-17.62034608614984],[-54.8961186999999,-17.620832586149827],[-54.8952267,-17.621305886149734],[-54.8948533999999,-17.62150398614967],[-54.8948288999999,-17.62151698614956],[-54.8934652999999,-17.621458186149628],[-54.891679,-17.621381086149707],[-54.8915312,-17.621374686149608],[-54.8912814999999,-17.621144886149658],[-54.8898326999999,-17.61981168615004],[-54.8875274,-17.617690386150535],[-54.8864513999999,-17.61738028615063],[-54.8855553,-17.61712198615059],[-54.8840971,-17.617047286150687],[-54.8810604,-17.616891886150636],[-54.8806365999999,-17.616870186150607],[-54.8806046,-17.61688278615062],[-54.8796636,-17.617252486150544],[-54.8768381,-17.61836248615029],[-54.8755039,-17.618177786150444],[-54.8730619999999,-17.61885618615031],[-54.8717933,-17.61900098615026],[-54.8682686,-17.619403186150137],[-54.8673636,-17.61950648615003],[-54.8637249,-17.623261086149302],[-54.8608637999999,-17.623853486149027],[-54.8607067999999,-17.623775186149174],[-54.8586159,-17.622733086149296],[-54.8561093,-17.620711186149887],[-54.8543678,-17.617058786150587],[-54.8529741,-17.61523258615108],[-54.85272100000001,-17.613499086151478],[-54.8520566999999,-17.613226386151528],[-54.8515863,-17.6130332861515],[-54.8465841999999,-17.612874086151507],[-54.84183119999991,-17.61398758615143],[-54.8401167,-17.613958486151407],[-54.839108,-17.613941386151282],[-54.8385400999999,-17.61365108615145],[-54.8359842,-17.612344486151642],[-54.8300055,-17.609288186152437],[-54.8277186999999,-17.60998478615218],[-54.8265891999999,-17.610328786152095],[-54.8250985,-17.609714786152264],[-54.8250042,-17.609675886152367],[-54.8224938,-17.605831286153208],[-54.8215377999999,-17.604799286153465],[-54.8201978,-17.603352686153798],[-54.8203473999999,-17.602836286153895],[-54.8210604999999,-17.60037588615447],[-54.8212765,-17.59779638615495],[-54.8213107999999,-17.59738618615516],[-54.8181954999999,-17.595989686155473],[-54.8174059,-17.595901886155403],[-54.8159282999999,-17.595737586155405],[-54.8156423,-17.595705686155437],[-54.815466373589786,-17.59568614589507],[-54.8153677,-17.59567518615553],[-54.8152196999999,-17.595579286155445],[-54.8144321,-17.595068586155605],[-54.8132227999999,-17.59428458615588],[-54.8110606,-17.592149486156256],[-54.808118,-17.58805258615728],[-54.8080019,-17.587962486157185],[-54.8066587,-17.58692008615744],[-54.8050600999999,-17.585679586157703],[-54.8050258,-17.585652986157832],[-54.8049463,-17.5856378861577],[-54.8040816,-17.585473586157786],[-54.8034428,-17.5853521861578],[-54.8026278,-17.584516986158004],[-54.8007542,-17.58259668615853],[-54.7990543999999,-17.581666686158748],[-54.7974454,-17.581374486158794],[-54.7960323999999,-17.5823446861586],[-54.7915857,-17.582291186158482],[-54.7903714,-17.58149678615878],[-54.7898852,-17.581178586158767],[-54.789248,-17.579807886159053],[-54.78580490000001,-17.57676778615986],[-54.7853622,-17.576622886159917],[-54.7812471,-17.575275786160084],[-54.7811938,-17.57525828616021],[-54.7811680999999,-17.575234886160082],[-54.7809887999999,-17.575071386160225],[-54.7802773999999,-17.57442258616032],[-54.7799919,-17.57383678616052],[-54.7788138,-17.571418886161073],[-54.7784321,-17.571217286161048],[-54.7773872,-17.57066558616114],[-54.777085499999906,-17.570574586161175],[-54.7720112,-17.569044686161487],[-54.7684854,-17.567981586161746],[-54.768276,-17.56791848616191],[-54.7659768,-17.568208186161833],[-54.7625037,-17.5686454861616],[-54.7617714,-17.56806538616183],[-54.760848,-17.567333886161947],[-54.7592028,-17.566030586162295],[-54.7587809,-17.56569638616237],[-54.759750600000004,-17.56398598616266],[-54.760146,-17.56051248616359],[-54.7601622,-17.560369586163525],[-54.7570439,-17.559975886163645],[-54.7568909999999,-17.559956586163715],[-54.7569994,-17.558601886163924],[-54.7575697,-17.558162186164132],[-54.7583485,-17.557561886164173],[-54.7586143,-17.557356986164322],[-54.7596454,-17.558183386164117],[-54.7605316,-17.556861486164436],[-54.7605751,-17.556796586164367],[-54.762171,-17.554416086165],[-54.7615357999999,-17.552892086165343],[-54.76152400000001,-17.552863686165207],[-54.7600006,-17.551657186165627],[-54.759663200000006,-17.5513900861656],[-54.7587250999999,-17.550021286165986],[-54.7586979,-17.54933048616606],[-54.7586712999999,-17.54865538616631],[-54.7583251999999,-17.548315486166285],[-54.75689429999991,-17.546910386166616],[-54.7568869999999,-17.546896586166735],[-54.7559927999999,-17.54520668616704],[-54.7559773,-17.545177386167037],[-54.7559914999999,-17.54510198616704],[-54.7561464,-17.544283086167304],[-54.7569781,-17.539884586168252],[-54.7570029,-17.534494286169462],[-54.7552241,-17.5327483861699],[-54.755216,-17.53273408617001],[-54.7540635999999,-17.53071148617037],[-54.75402780000001,-17.530648686170487],[-54.7532624999999,-17.52778258617115],[-54.7532252,-17.527643086171196],[-54.7517314999999,-17.52715638617132],[-54.7515966999999,-17.526789386171277],[-54.7503776,-17.523469986172152],[-54.75036570000001,-17.523437386172162],[-54.7502853,-17.523416986172077],[-54.7494189,-17.523196486172147],[-54.748182400000005,-17.5228818861723],[-54.7481124999999,-17.522864086172234],[-54.7469675999999,-17.520075086172866],[-54.7469129999999,-17.51994218617289],[-54.7444667,-17.519857586173],[-54.7435632,-17.519826286172997],[-54.7423911,-17.519785686172916],[-54.7399104,-17.520422696172798],[-54.73972029,-17.52047149117275],[-54.739318505,-17.51971648117304],[-54.7388769899999,-17.518886776173204],[-54.738555995,-17.518283491173293],[-54.7383643049999,-17.517923286173342],[-54.73791539,-17.518080591173405],[-54.7369002999999,-17.518436101173265],[-54.7358900949999,-17.518789896173253],[-54.73546799,-17.518243291173263],[-54.7352439049999,-17.51795308117336],[-54.7349718099999,-17.517600686173438],[-54.732830995,-17.516694291173636],[-54.7300853899999,-17.515531681173933],[-54.7280772999999,-17.516330686173855],[-54.727885300000004,-17.516407091173694],[-54.72777889,-17.518039196173305],[-54.7277684049999,-17.518041891173414],[-54.72347071,-17.518405471173345],[-54.7222688849999,-17.51850718617321],[-54.720502605,-17.518656676173183],[-54.718804505,-17.518364676173263],[-54.717673405,-17.517170896173543],[-54.7175845899999,-17.517077076173546],[-54.71686091,-17.514802886174085],[-54.7158113049999,-17.513552586174473],[-54.7154672899999,-17.513142781174587],[-54.715420395,-17.51311638617447],[-54.7098640899999,-17.509984491175327],[-54.7082463899999,-17.51000808117523],[-54.70667201,-17.510031076175196],[-54.70516790999991,-17.509497296175407],[-54.705061395,-17.50945948117531],[-54.704816705,-17.509316086175463],[-54.702540805,-17.5079823961758],[-54.7020591849999,-17.50770018117574],[-54.702035805,-17.50767819617574],[-54.70121869,-17.50690899117599],[-54.7005857899999,-17.506313076176063],[-54.7002227,-17.5049500811765],[-54.70022432513289,-17.504520968012187],[-54.700246115000006,-17.498767396177943],[-54.699909395,-17.49787478117817],[-54.699722890000004,-17.497380576178248],[-54.69724941,-17.500623786177492],[-54.69647550500001,-17.50263229117702],[-54.69552691,-17.503520986176813],[-54.692234205,-17.503310196176766],[-54.6911543149999,-17.503240976176766],[-54.6900545899999,-17.50317059117689],[-54.689114095,-17.503923576176636],[-54.68746499,-17.505243876176387],[-54.687276595,-17.505394691176377],[-54.6861138049999,-17.506922876175928],[-54.6846928099999,-17.507172676175863],[-54.6813110099999,-17.506849971176027],[-54.678929395,-17.505455186176366],[-54.6787818,-17.505368791176274],[-54.6778848,-17.50218249617716],[-54.677162805,-17.50176407617715],[-54.6767533899999,-17.50152678117731],[-54.67238801,-17.50282370117696],[-54.6713369999999,-17.50380307617673],[-54.669445805,-17.50423408117664],[-54.669255595,-17.504148771176606],[-54.66794990499991,-17.50356329117674],[-54.666665995,-17.500601391177412],[-54.6647761999999,-17.499334686177793],[-54.6614689099999,-17.498721486177846],[-54.6595507,-17.496876591178385],[-54.658137795,-17.496474676178476],[-54.656727905,-17.496903996178396],[-54.6563870099999,-17.49137569617955],[-54.6551462049999,-17.490290481179912],[-54.654996610000005,-17.490159676179825],[-54.654077705,-17.490172086179886],[-54.65382741,-17.490175486179947],[-54.6523602949999,-17.490195391179963],[-54.651566305,-17.492456471179302],[-54.6514476949999,-17.49279417617926],[-54.650120310000005,-17.49286718617929],[-54.647694085,-17.491087096179715],[-54.6472141049999,-17.490922991179804],[-54.64630649,-17.49061280117986],[-54.6424661999999,-17.493144186179258],[-54.640247809999906,-17.493898391179055],[-54.6398124949999,-17.494046376178936],[-54.63894879,-17.49433998617897],[-54.6378140049999,-17.495193281178768],[-54.637305295,-17.495575886178568],[-54.6360807899999,-17.49572439117865],[-54.63341481,-17.494825781178733],[-54.630123195,-17.493051586179174],[-54.6295186899999,-17.492725791179332],[-54.6271910899999,-17.49245478617942],[-54.62687539,-17.49206058117942],[-54.6256393099999,-17.490517186179762],[-54.6228328949999,-17.48982130118001],[-54.62061391000001,-17.488238976180394],[-54.62013359,-17.488199991180405],[-54.6189940049999,-17.48810760118031],[-54.618612205,-17.48937280118016],[-54.617838795,-17.490009876179975],[-54.61733621,-17.49042388617981],[-54.61455219,-17.488554176180234],[-54.609501095,-17.487269591180524],[-54.60741891,-17.487130481180646],[-54.6047201,-17.485350676181096],[-54.60183001,-17.48435539118131],[-54.599891605,-17.48368779118138],[-54.5985563049999,-17.483227976181492],[-54.59761399,-17.482323086181765],[-54.59648680999991,-17.481240601181963],[-54.5945025999999,-17.479335181182492],[-54.588613805,-17.477121876183055],[-54.586888895,-17.474189696183743],[-54.585304,-17.472884291184055],[-54.583335205000004,-17.46895658618496],[-54.58331701,-17.46894337618489],[-54.5821274149999,-17.468269991185146],[-54.5816627949999,-17.468006981185088],[-54.5802523099999,-17.468245986185128],[-54.579997600000006,-17.47104767618447],[-54.577968905,-17.47289400118401],[-54.57504292297166,-17.473572950680627],[-54.57330431,-17.473976381183782],[-54.572328305,-17.475586476183416],[-54.570656315,-17.475933291183306],[-54.5705613,-17.475952991183334],[-54.570371995,-17.47403288118365],[-54.57030659,-17.47336969618385],[-54.568023605,-17.474307781183704],[-54.5673307,-17.475556581183277],[-54.569671515,-17.480140696182215],[-54.5709978049999,-17.480352786182184],[-54.56902891,-17.48302377618154],[-54.5680253949999,-17.48245638618167],[-54.5673594049999,-17.48207987618186],[-54.5667620899999,-17.48082179118207],[-54.56675189,-17.480800376182145],[-54.56670839,-17.480781691182173],[-54.5654140949999,-17.480225096182213],[-54.5644986949999,-17.47921488618243],[-54.5643231999999,-17.479210086182437],[-54.56304671,-17.479175596182525],[-54.56044099,-17.48301298118164],[-54.559361205,-17.48401049618141],[-54.5589116149999,-17.484425881181345],[-54.557754095,-17.48456520118126],[-54.5563600099999,-17.484732986181154],[-54.555608085,-17.48797778118035],[-54.55521671,-17.48816817118031],[-54.5541884149999,-17.488668401180213],[-54.5504967049999,-17.484965296181176],[-54.549354805,-17.484779781181217],[-54.548527,-17.48464539618115],[-54.547125205,-17.485245591181013],[-54.5467214999999,-17.485418391181092],[-54.54513801,-17.48484539118109],[-54.5406682949999,-17.481938276181918],[-54.53674259,-17.477997391182743],[-54.53633201,-17.47758519618292],[-54.5343319899999,-17.479441876182484],[-54.53343369,-17.479620096182323],[-54.533080495,-17.479690091182448],[-54.532136,-17.478795586182642],[-54.5316067049999,-17.478294476182665],[-54.5297391,-17.478291076182764],[-54.52805761,-17.478288091182673],[-54.527341013,-17.478286799182744],[-54.5271637,-17.47828648118279],[-54.526446505,-17.480980781182037],[-54.5251972899999,-17.48204307618177],[-54.5237751999999,-17.481920291181876],[-54.523752805,-17.481898776181843],[-54.52174539,-17.479974076182263],[-54.5212578049999,-17.47982598618232],[-54.52044489000001,-17.479578986182354],[-54.517441805,-17.479696191182413],[-54.512939904999904,-17.482218676181855],[-54.5111211999999,-17.48261119618172],[-54.511028805,-17.482631181181723],[-54.5095474899999,-17.481515496181984],[-54.5092726949999,-17.48013039118232],[-54.50922279,-17.47987908618229],[-54.5079968049999,-17.479483791182474],[-54.50375221,-17.480109891182234],[-54.502304895,-17.480710786182062],[-54.5017881099999,-17.482144191181746],[-54.500412715,-17.48391408118131],[-54.49879909,-17.482961281181577],[-54.498704695,-17.483406871181565],[-54.498529510000004,-17.48423317618127],[-54.49827239,-17.48424519618125],[-54.4970514949999,-17.48430198118133],[-54.49744679,-17.485350081180968],[-54.497582604999906,-17.4857100811809],[-54.4946907,-17.485590876181067],[-54.4932608999999,-17.485910986180865],[-54.492773004999904,-17.48602027118085],[-54.49139379,-17.48797739118046],[-54.490943005,-17.488616986180332],[-54.4891901949999,-17.48843157618026],[-54.487836,-17.48903218618015],[-54.4877140949999,-17.489034576180224],[-54.4859204099999,-17.489069586180115],[-54.484664005,-17.489094086180103],[-54.4813091949999,-17.487664781180445],[-54.481120415,-17.48811100118042],[-54.480831005000006,-17.488795386180286],[-54.48307799500001,-17.491427291179555],[-54.483354295,-17.492657196179263],[-54.483056405,-17.493968981178977],[-54.48140341,-17.4955274811787],[-54.48049221,-17.49638669617851],[-54.480171505,-17.49653828617839],[-54.4792226,-17.496986996178293],[-54.4758128999999,-17.497673876178084],[-54.474230005,-17.4979927911781],[-54.474190995,-17.499302996177704],[-54.477167300000005,-17.502828681176883],[-54.477201505,-17.502952481176845],[-54.477629995,-17.504503891176608],[-54.47799529,-17.505826401176176],[-54.4784158149999,-17.50636939617607],[-54.47945361,-17.50770957617576],[-54.479553295,-17.507838381175784],[-54.4794427099999,-17.507846686175814],[-54.47644551,-17.50807089617577],[-54.476129605,-17.5083015961756],[-54.475209405,-17.508973476175544],[-54.4747693899999,-17.509294881175467],[-54.47339389,-17.510300681175256],[-54.4754741049999,-17.51077469117513],[-54.475521805,-17.510818996175104],[-54.4768618049999,-17.51206249617481],[-54.4775116,-17.51333450117441],[-54.477609495,-17.513526191174368],[-54.4774687999999,-17.513714481174322],[-54.476261785,-17.515329091174042],[-54.47423015286008,-17.518046779723825],[-54.473854795,-17.51854889117319],[-54.4733005849999,-17.51885737117315],[-54.472417005,-17.51934919117311],[-54.4716662,-17.520334896172887],[-54.47135349,-17.521795786172454],[-54.47108739,-17.522340571172315],[-54.4707147,-17.523103786172125],[-54.47010041,-17.524361486171863],[-54.469239300000005,-17.526124781171443],[-54.46895039000001,-17.526716286171407],[-54.468718285,-17.527191491171298],[-54.4669148899999,-17.529074201170836],[-54.46538061,-17.529774396170673],[-54.4604176,-17.530094581170612],[-54.459335395,-17.53016439617053],[-54.45890501000001,-17.53043207617053],[-54.45505779,-17.532825186169905],[-54.4530827099999,-17.53352538116981],[-54.4468351949999,-17.532545696170036],[-54.44305379,-17.534035986169698],[-54.4340502049999,-17.534832886169518],[-54.43387071,-17.535149181169448],[-54.433429087,-17.535927779169175],[-54.43268991,-17.53723090116898],[-54.432418205,-17.537709686168757],[-54.4318382,-17.53814378116865],[-54.4314710099999,-17.53841798116868],[-54.4305022,-17.53914148116854],[-54.428994905,-17.539387776168446],[-54.428495095,-17.538944391168492],[-54.42793741,-17.53844980116869],[-54.4273188129999,-17.537901093168834],[-54.426303205,-17.53700009616904],[-54.4240235899999,-17.53643488116915],[-54.423230195,-17.53645359616913],[-54.4232128099999,-17.536453986169047],[-54.4225496999999,-17.536469791169175],[-54.421472400000006,-17.536495486169045],[-54.4210806849999,-17.53775219616884],[-54.42135761,-17.539386091168375],[-54.420372215,-17.54006949616833],[-54.4188447,-17.541128781168084],[-54.41686090500001,-17.54250459616774],[-54.4172235,-17.544138281167346],[-54.4165281049999,-17.544227381167342],[-54.414765895,-17.54445327616728],[-54.4139976,-17.544551691167168],[-54.4149154899999,-17.548102396166456],[-54.41460919,-17.55008988116587],[-54.4137176949999,-17.551529281165678],[-54.412509515,-17.551688996165637],[-54.4118354,-17.55177809616551],[-54.4106091049999,-17.5509484961658],[-54.4093377,-17.551907991165553],[-54.4086043899999,-17.55246150116534],[-54.407661605,-17.554078781165046],[-54.407554395,-17.554262586165024],[-54.4059422999999,-17.553605391165057],[-54.405816505000004,-17.553942476164973],[-54.4053646049999,-17.555153486164826],[-54.40633370500001,-17.56058619616346],[-54.4061131,-17.5622174961632],[-54.404717795,-17.563570081162798],[-54.403714410000006,-17.564542686162575],[-54.403702005,-17.56454457616267],[-54.40287939,-17.564675801162554],[-54.401388915,-17.564913581162614],[-54.398997805,-17.565294891162498],[-54.3989843099999,-17.56550218116246],[-54.3989395149999,-17.566190981162187],[-54.3988629,-17.567367891162014],[-54.3988619899999,-17.56738138616189],[-54.3988475099999,-17.567369576161905],[-54.3985699099999,-17.56714227616194],[-54.396413885,-17.565377471162368],[-54.39616219,-17.56517137616243],[-54.39392579,-17.56581979616225],[-54.39314039,-17.566047486162315],[-54.393424710000005,-17.56693799616201],[-54.3935757049999,-17.56741099616192],[-54.392310505,-17.569984301161313],[-54.392029195,-17.570556491161277],[-54.3914978,-17.570720386161263],[-54.389524595,-17.571329176161115],[-54.38919659500001,-17.571430396160988],[-54.3881936,-17.571416796161103],[-54.387388785,-17.57140589616109],[-54.3852801049999,-17.572919781160742],[-54.3846348,-17.57270418616078],[-54.3838849049999,-17.572453581160847],[-54.3832374949999,-17.571822081160978],[-54.382941005,-17.57153298616096],[-54.3821607949999,-17.57279037616077],[-54.382060795,-17.573209081160673],[-54.38201299,-17.573409181160653],[-54.38146981499991,-17.575682981160103],[-54.3828359949999,-17.579410091159243],[-54.3833052099999,-17.579037686159328],[-54.3845879,-17.578019591159574],[-54.38540821,-17.577368576159596],[-54.384051704999905,-17.580060976158993],[-54.38591051,-17.581449691158745],[-54.3852462099999,-17.583157781158423],[-54.3854828,-17.583772076158258],[-54.3863345999999,-17.58598368615766],[-54.3849597999999,-17.58728058615732],[-54.3845304,-17.58768578615736],[-54.384128,-17.587785886157317],[-54.382806300000006,-17.588114686157187],[-54.3801905,-17.594154386155903],[-54.3825788999999,-17.597348286155153],[-54.3825833,-17.598984486154794],[-54.3837720999999,-17.599812586154616],[-54.3846045,-17.601364086154256],[-54.3814957,-17.601045786154316],[-54.3808306,-17.60285498615392],[-54.3823044,-17.604324886153467],[-54.38257309999991,-17.606231686153127],[-54.3814121999999,-17.60636208615311],[-54.3801005,-17.606509386152958],[-54.3770818,-17.607433986152863],[-54.3767210999999,-17.606152586153183],[-54.3753652999999,-17.606524286152982],[-54.3747992,-17.60667938615307],[-54.3744167999999,-17.60857748615259],[-54.3755017999999,-17.6090969861525],[-54.3756852,-17.609184786152483],[-54.37733009999991,-17.60997248615228],[-54.3776397,-17.61386598615145],[-54.3783610999999,-17.615961686150943],[-54.3793823999999,-17.61769538615045],[-54.3803829999999,-17.618130786150456],[-54.3814403,-17.61953378615006],[-54.3816664,-17.623527786149236],[-54.3826619,-17.627337786148388],[-54.3841609,-17.627725186148176],[-54.3840519,-17.62917018614794],[-54.386770000000006,-17.630744186147613],[-54.3877987,-17.631936686147217],[-54.3866957,-17.635354186146472],[-54.3866897999999,-17.635363486146538],[-54.3851212,-17.635936186146335],[-54.3845284,-17.63615258614629],[-54.383008699999905,-17.635669086146525],[-54.382832,-17.635612786146392],[-54.3823183,-17.63604258614635],[-54.3818944,-17.63639728614626],[-54.3808274,-17.637289986146126],[-54.3796376,-17.640174586145484],[-54.3794015999999,-17.639877186145462],[-54.37830819999991,-17.6384999861459],[-54.3780776999999,-17.638209686145835],[-54.3773874,-17.639133286145697],[-54.3773080999999,-17.63923938614572],[-54.3760899,-17.639514386145557],[-54.3754147999999,-17.639666686145596],[-54.37543411060757,-17.64011462622342],[-54.3754733,-17.64102368614521],[-54.3731103,-17.641722986145133],[-54.3725004999999,-17.643974786144607],[-54.3716358,-17.645050686144398],[-54.3700008,-17.64510708614437],[-54.369667299999904,-17.645118586144314],[-54.3686185999999,-17.645869986144113],[-54.3676065,-17.646595186144072],[-54.3674905999999,-17.646607886143936],[-54.3663179,-17.646736486144025],[-54.3652858,-17.646849686143995],[-54.3642414,-17.646964286143984],[-54.3636681,-17.647027186143944],[-54.3618605999999,-17.647924986143675],[-54.3615545,-17.647873386143754],[-54.3608239,-17.64775028614367],[-54.3606349999999,-17.647718486143688],[-54.3597791999999,-17.64907708614341],[-54.3590323999999,-17.649066486143415],[-54.3580876,-17.64905308614342],[-54.3578745999999,-17.649531386143266],[-54.357375700000006,-17.65065138614313],[-54.3568837999999,-17.651755886142897],[-54.3566595,-17.65036608614308],[-54.3564726,-17.649207786143347],[-54.3551368,-17.650457986143188],[-54.3531313999999,-17.65143828614285],[-54.3534647,-17.653703786142454],[-54.3528221,-17.65394368614244],[-54.3519886,-17.65425498614234],[-54.3514418999999,-17.654459086142182],[-54.3508083,-17.656405086141838],[-54.35058,-17.65710618614163],[-54.3490722,-17.656325986141862],[-54.3488439,-17.656207886141917],[-54.3484394,-17.655998586141955],[-54.3476125999999,-17.655921486142],[-54.346733,-17.655839386141896],[-54.3461007,-17.65578038614201],[-54.3450271999999,-17.655680286142],[-54.3445566,-17.656263486141896],[-54.3440861,-17.65684648614176],[-54.3434427999999,-17.65557368614194],[-54.343345999999904,-17.655609786142062],[-54.3408613999999,-17.65653678614183],[-54.3403779,-17.657481586141596],[-54.3399171,-17.658381786141444],[-54.3388874,-17.660393586140984],[-54.33883410000001,-17.660497686140975],[-54.3366306,-17.660467786140877],[-54.3359981999999,-17.660459186140862],[-54.3355849,-17.66172308614065],[-54.3351524999999,-17.661450186140627],[-54.3338275999999,-17.66061398614094],[-54.333244900000004,-17.660246186141038],[-54.3321918999999,-17.661675486140616],[-54.3316538,-17.661596586140625],[-54.3308522999999,-17.661478986140644],[-54.3293899999999,-17.659103386141165],[-54.3281362,-17.6588703861413],[-54.3278043,-17.658808686141306],[-54.3276607,-17.658910286141214],[-54.3269218,-17.659432986141184],[-54.3261656,-17.659967986140966],[-54.3256082999999,-17.659631986141033],[-54.32494,-17.659229086141103],[-54.3241504,-17.659288286141226],[-54.3225719,-17.65940668614118],[-54.3219549999999,-17.659452986141062],[-54.320888,-17.659532986141155],[-54.320936,-17.66107978614079],[-54.319994199999904,-17.662334286140442],[-54.3192667,-17.661491886140603],[-54.31896820000001,-17.661146186140794],[-54.3179612,-17.66130308614068],[-54.3168305999999,-17.66147918614072],[-54.31613659999991,-17.661587286140705],[-54.3157449,-17.6616482861407],[-54.314048,-17.66135288614067],[-54.314083,-17.659274686141227],[-54.3138312,-17.659320786141144],[-54.3127441999999,-17.65951988614119],[-54.3120630999999,-17.660274986141005],[-54.3116896999999,-17.6606888861409],[-54.3107742999999,-17.65940738614116],[-54.3097102999999,-17.659009786141294],[-54.3092766999999,-17.658847686141332],[-54.3082972,-17.659734686141036],[-54.3070822999999,-17.65971858614112],[-54.3058708999999,-17.660771086140873],[-54.3056321,-17.660978486140763],[-54.3050574,-17.660784386140893],[-54.3041269,-17.66046998614096],[-54.3028313999999,-17.660032286141025],[-54.3027633999999,-17.660301586141],[-54.3024204,-17.66166018614069],[-54.3015846,-17.661315886140788],[-54.2964967999999,-17.65921978614122],[-54.2952964,-17.65766658614158],[-54.2962729,-17.655417186142003],[-54.2924816999999,-17.653287286142472],[-54.2919724,-17.65300118614255],[-54.2903339,-17.653798686142448],[-54.2883285999999,-17.65567198614203],[-54.2869115999999,-17.655292386142097],[-54.286547599999906,-17.65519478614205],[-54.2862714999999,-17.65402058614238],[-54.2852768,-17.653639286142454],[-54.2843015999999,-17.653265386142525],[-54.2750315,-17.654009486142375],[-54.2745495999999,-17.65404818614239],[-54.2739265,-17.653808686142433],[-54.2733125999999,-17.653572786142394],[-54.272576899999905,-17.653290086142462],[-54.2737438,-17.65149948614286],[-54.27320751696583,-17.651416888079744],[-54.2724128,-17.651294486142916],[-54.2698619,-17.65208398614273],[-54.2685509,-17.651334986142967],[-54.2692448,-17.649627286143375],[-54.26811309999991,-17.64843618614356],[-54.2665287,-17.64768928614381],[-54.2650755,-17.647514586143824],[-54.262839,-17.647245686143812],[-54.2622777999999,-17.647178186143805],[-54.2601399,-17.646252986144006],[-54.2594678,-17.64596208614419],[-54.2578677,-17.645060586144403],[-54.2568279,-17.64447478614456],[-54.25724910000001,-17.64312798614473],[-54.2551642,-17.641468186145204],[-54.2544775,-17.64142268614519],[-54.2527018,-17.64130498614517],[-54.2516864999999,-17.64123768614527],[-54.2503568,-17.64049758614533],[-54.2492415999999,-17.63885548614577],[-54.2490218,-17.63595548614642],[-54.2478039,-17.634212286146717],[-54.2465534,-17.633377586147006],[-54.2460424,-17.633036486147],[-54.2453044,-17.632543886147207],[-54.2438400999999,-17.629129086147902],[-54.243743799999905,-17.628904586147947],[-54.2400769,-17.627861886148256],[-54.2391100999999,-17.627844986148286],[-54.2379963,-17.627825586148155],[-54.236034,-17.626892586148454],[-54.2352705,-17.626529486148478],[-54.2329132,-17.6267672861484],[-54.2324355,-17.62633708614848],[-54.2316886999999,-17.62566458614863],[-54.231130900000004,-17.624204186149086],[-54.2305587,-17.623951286149005],[-54.22929329999991,-17.62339198614924],[-54.2270966999999,-17.622421086149398],[-54.226276500000004,-17.622058486149577],[-54.2252994,-17.621932486149586],[-54.2246658999999,-17.62185078614952],[-54.223165799999904,-17.62111248614975],[-54.2222202999999,-17.619922686150034],[-54.2199388999999,-17.620457786149803],[-54.2177551999999,-17.62097008614984],[-54.2167209999999,-17.62121268614964],[-54.2150473999999,-17.620575286149787],[-54.214781899999906,-17.620474186149856],[-54.2139956999999,-17.620174786150024],[-54.2107829999999,-17.617862586150522],[-54.2102725999999,-17.6174952861506],[-54.209646399999905,-17.617230686150528],[-54.2085003,-17.616746386150798],[-54.2073844,-17.6148320861511],[-54.20466099999991,-17.61280188615163],[-54.204355,-17.61291278615157],[-54.2000313999999,-17.61447938615118],[-54.1998293999999,-17.614552486151176],[-54.1983289999999,-17.613350486151518],[-54.1957697999999,-17.60796798615274],[-54.1935619,-17.60624318615302],[-54.1934133,-17.60612708615315],[-54.1916302,-17.605649086153182],[-54.1897324,-17.606229286153024],[-54.1890778,-17.60642948615299],[-54.1882712,-17.60556328615331],[-54.1881355,-17.605417486153225],[-54.1869531,-17.605608286153274],[-54.1853134999999,-17.60587268615323],[-54.1839717999999,-17.606089186153056],[-54.1828897999999,-17.605407386153235],[-54.1799632999999,-17.603563386153674],[-54.1788328,-17.602851086153905],[-54.177025,-17.60309848615373],[-54.175414700000005,-17.6038949861537],[-54.174460684815905,-17.60482771199216],[-54.1732234,-17.606037386153073],[-54.170657999999904,-17.605181286153364],[-54.1696886999999,-17.60744098615275],[-54.1684453,-17.608083086152625],[-54.1681641,-17.608228386152696],[-54.1674404999999,-17.607284386152894],[-54.1672490999999,-17.60703468615284],[-54.1633856999999,-17.606533686152982],[-54.1632738,-17.60659268615305],[-54.1627187999999,-17.606885486153015],[-54.1620475,-17.607239586152904],[-54.1618151,-17.607058886152974],[-54.1607473,-17.606228686153155],[-54.1589193,-17.605551086153284],[-54.1585901,-17.605429086153315],[-54.15743919999991,-17.605002486153396],[-54.1568946,-17.60540298615333],[-54.1561106,-17.605979386153166],[-54.1542168,-17.605872486153235],[-54.154326,-17.606428286153015],[-54.1545007,-17.607317886152813],[-54.1519143,-17.60946128615242],[-54.1507458999999,-17.611620786151935],[-54.1489374,-17.612318686151642],[-54.14671689999991,-17.61500478615115],[-54.1456347,-17.61431668615135],[-54.1444973,-17.613593486151462],[-54.1435403,-17.612984986151606],[-54.1430791,-17.61269168615168],[-54.1428253,-17.611283986152003],[-54.1428008999999,-17.61114868615191],[-54.1416589,-17.61078318615214],[-54.1413052,-17.610669986152114],[-54.140844,-17.611287586152034],[-54.1399875,-17.612434386151637],[-54.1399676999999,-17.612460786151747],[-54.1391338,-17.61226368615175],[-54.1387445,-17.612171686151786],[-54.1365008999999,-17.616570986150805],[-54.13649409999991,-17.616584286150694],[-54.1362526999999,-17.616808486150628],[-54.1345319,-17.618406286150307],[-54.1341872,-17.61872638615032],[-54.1333941999999,-17.617941886150394],[-54.1330746,-17.617625686150546],[-54.1317789999999,-17.617466186150594],[-54.1313888,-17.61741808615062],[-54.1306766,-17.616939086150726],[-54.1295373,-17.61617288615089],[-54.1293233,-17.616028886150847],[-54.1290357,-17.616198986150785],[-54.1282674999999,-17.61665308615079],[-54.128026,-17.61648368615075],[-54.1275527999999,-17.616151786150894],[-54.1262983,-17.615271886151078],[-54.1257514,-17.615178686151],[-54.1250836,-17.615064886151075],[-54.123601900000004,-17.613790286151307],[-54.1229425999999,-17.613222986151467],[-54.1225477999999,-17.61457768615112],[-54.11950669999991,-17.61661518615078],[-54.1193842,-17.618068186150474],[-54.1187583999999,-17.6189299861503],[-54.1186038,-17.619142886150133],[-54.1171558,-17.616661686150792],[-54.1167435999999,-17.615955486150852],[-54.1165806,-17.61609618615089],[-54.1161906999999,-17.616432786150742],[-54.1157171999999,-17.61684148615077],[-54.1154936999999,-17.618106586150482],[-54.1138819999999,-17.61881228615018],[-54.1139747999999,-17.618196186150346],[-54.1142970999999,-17.616057886150845],[-54.1143041999999,-17.6160101861508],[-54.1142874999999,-17.61600308615085],[-54.112522,-17.615252186150972],[-54.1120208999999,-17.613697086151443],[-54.1119659999999,-17.61352678615136],[-54.1116974,-17.61367028615145],[-54.1114115,-17.613822986151405],[-54.1091193999999,-17.61504748615103],[-54.10883039999991,-17.61520188615101],[-54.108308,-17.614856386151196],[-54.107161,-17.61409778615135],[-54.1054367999999,-17.61416288615123],[-54.1038555,-17.613682086151343],[-54.101489899999905,-17.614112486151363],[-54.10100140000001,-17.61386218615144],[-54.10011550000001,-17.613407986151394],[-54.0995493,-17.613117786151477],[-54.0981920999999,-17.614149386151347],[-54.0968548,-17.613588086151466],[-54.094216,-17.614278786151306],[-54.0901944999999,-17.617658086150573],[-54.087519,-17.61870828615033],[-54.08525,-17.618970386150277],[-54.08469250000001,-17.61903478615023],[-54.0839195,-17.61735448615062],[-54.083853,-17.61720998615056],[-54.0838383,-17.617202086150566],[-54.08224460000001,-17.616342686150876],[-54.0814402999999,-17.61590898615086],[-54.0794437,-17.615702886151027],[-54.0793293999999,-17.617237186150643],[-54.079039200000004,-17.6170892861507],[-54.0764096999999,-17.615749286150862],[-54.0770295,-17.615020186151057],[-54.0770376,-17.61501068315108],[-54.07763219,-17.614310691151292],[-54.0781614049999,-17.613687681151458],[-54.0780670899999,-17.613281096151436],[-54.07788669,-17.612503196151618],[-54.0781461949999,-17.612450691151746],[-54.079130295,-17.612251476151688],[-54.0797996049999,-17.61090498615196],[-54.078826695,-17.607534296152746],[-54.079434105,-17.604763876153516],[-54.079438905,-17.604742076153354],[-54.07860520500001,-17.6043072811536],[-54.0778274099999,-17.603901576153675],[-54.07841001,-17.60263728615397],[-54.0782068999999,-17.60237079615399],[-54.078105395,-17.602237576154067],[-54.075866995,-17.59930108615462],[-54.075828095,-17.599249981154717],[-54.074132095,-17.598862086154803],[-54.07330029,-17.5976776011551],[-54.0726605099999,-17.596766481155225],[-54.07346919,-17.592789701156185],[-54.0732692999999,-17.587801281157326],[-54.072440715,-17.586518586157645],[-54.0718489,-17.586089681157592],[-54.0712113,-17.585627581157716],[-54.0706588049999,-17.585227176157893],[-54.070498105,-17.583963196158194],[-54.068802105,-17.583213791158386],[-54.066412605,-17.579734796159062],[-54.066220495,-17.57945509615925],[-54.064438905,-17.578886381159275],[-54.0623837099999,-17.577145091159643],[-54.06186171000001,-17.576919791159728],[-54.05959071,-17.57593989615992],[-54.0595891,-17.57593919615994],[-54.059587495,-17.575938491160063],[-54.0589081099999,-17.57564529616014],[-54.057907895,-17.573458181160532],[-54.055298595000004,-17.57034167616134],[-54.05608,-17.569085481161608],[-54.0551571999999,-17.567170281162056],[-54.0535604999999,-17.565176701162503],[-54.052133505,-17.563394896162848],[-54.051632995,-17.562770096163046],[-54.051856685,-17.561044276163344],[-54.05149181,-17.55986788616377],[-54.052186505,-17.558243181164016],[-54.0521559049999,-17.553174281165262],[-54.051167005,-17.550255176165948],[-54.051297599999906,-17.548899891166172],[-54.05216561,-17.547462076166582],[-54.052079495,-17.54619718616678],[-54.050825795,-17.542467691167758],[-54.04948569,-17.540454771168225],[-54.0492427949999,-17.54008989616821],[-54.049177495,-17.54003388616829],[-54.0459079949999,-17.537227396168948],[-54.04910781,-17.5318396861702],[-54.049409595,-17.529943091170644],[-54.052827990000004,-17.529081986170876],[-54.054223195,-17.53037638117056],[-54.055465995,-17.529299891170798],[-54.05493709,-17.52730239117115],[-54.052995285,-17.524556991171888],[-54.0531926899999,-17.523202486172227],[-54.05460611,-17.5229482961722],[-54.055302695,-17.52187279117245],[-54.05652689,-17.521708896172566],[-54.057768810000006,-17.520823991172783],[-54.05775399,-17.520650491172717],[-54.05772931,-17.520360281172767],[-54.05759861,-17.51882719117325],[-54.057031605000006,-17.517761881173474],[-54.0569672949999,-17.517641096173428],[-54.0571851999999,-17.51675507117363],[-54.057564613,-17.51521279917397],[-54.0580647099999,-17.513179686174542],[-54.05807712,-17.513129286174497],[-54.05690949,-17.512320896174785],[-54.05646741000001,-17.51201480617473],[-54.0556625799999,-17.511052776175042],[-54.0549788,-17.510235376175174],[-54.0542433099999,-17.50935629617533],[-54.05315150799671,-17.50760431224766],[-54.05235369,-17.506324076176174],[-54.05196427999991,-17.505699276176234],[-54.0507959999999,-17.506683586176095],[-54.04784991,-17.507204666175934],[-54.04655028,-17.507434616175885],[-54.04865911,-17.505474296176377],[-54.04784440000001,-17.504528996176482],[-54.04737718,-17.503986866176717],[-54.045990020000005,-17.502377266177096],[-54.0458047,-17.502162266177034],[-54.04502329,-17.501255606177256],[-54.0443276899999,-17.50073339617747],[-54.043554,-17.50015267617749],[-54.041246199999904,-17.500523576177425],[-54.04099969,-17.4988581761779],[-54.04092209,-17.498333696177944],[-54.03987982,-17.491290496179595],[-54.0376378,-17.48644879618085],[-54.0324942199999,-17.481839786181812],[-54.0286468099999,-17.47956706618246],[-54.02844698,-17.47944898618239],[-54.02738312,-17.478819976182635],[-54.0232665899999,-17.47707308618295],[-54.01468362,-17.475039106183523],[-54.0109054,-17.474540576183564],[-54.00735679,-17.473175486183955],[-54.0010809199999,-17.472615396184015],[-53.99971098,-17.471296176184435],[-53.99841372,-17.47167656618433],[-53.99724528,-17.47136130618441],[-53.9968593199999,-17.469698716184702],[-53.99499431,-17.46839578618498],[-53.9894688099999,-17.47016739618459],[-53.9879145799999,-17.471224296184428],[-53.98728082000001,-17.47165519618426],[-53.98410111,-17.473817396183836],[-53.98027702,-17.47305638618398],[-53.97991572,-17.472984506184037],[-53.979441,-17.472889966183917],[-53.97883168,-17.472768756184056],[-53.97847109,-17.471894206184274],[-53.97816031000001,-17.471140596184448],[-53.97788881,-17.470482386184596],[-53.97783312,-17.470347206184627],[-53.97773971,-17.47035751618451],[-53.97530051,-17.47062701618448],[-53.9745471099999,-17.472162896184198],[-53.9730500699999,-17.47224400618409],[-53.9729647,-17.47193538618416],[-53.9727989799999,-17.471336596184436],[-53.97266531,-17.470853606184516],[-53.97250751,-17.470283576184666],[-53.9721782199999,-17.469093766184912],[-53.9718359199999,-17.467857056185228],[-53.9715343199999,-17.466767406185383],[-53.9712717199999,-17.46581859618562],[-53.9710454,-17.465877206185674],[-53.9691693199999,-17.4663632161856],[-53.96852439,-17.466530176185525],[-53.96808128,-17.46490546618592],[-53.9679417799999,-17.46475576618596],[-53.9657911799999,-17.462447486186388],[-53.96570948,-17.462395676186436],[-53.96393869,-17.46127256618678],[-53.9634852199999,-17.46118060618674],[-53.95894091,-17.46025959618706],[-53.95825389,-17.460005256187078],[-53.95734917,-17.459670406187183],[-53.9544959,-17.458614156187448],[-53.95366268999991,-17.45888209618727],[-53.9522467099999,-17.459337396187152],[-53.9507548,-17.457339786187635],[-53.95024122,-17.45665200618791],[-53.9493303,-17.45543240618818],[-53.9485551,-17.45356760618853],[-53.9485443,-17.45354170618863],[-53.94793612,-17.452078986188994],[-53.9478883099999,-17.452045476188896],[-53.94766861999991,-17.451891566188934],[-53.94647908,-17.451058576189094],[-53.94585800000001,-17.45062367618923],[-53.94569248999991,-17.450385686189403],[-53.94510428,-17.4495400661896],[-53.94370292,-17.449533266189583],[-53.94293921,-17.449529596189603],[-53.94249962,-17.449245366189647],[-53.9418743799999,-17.44884100618973],[-53.94156101,-17.44863836618979],[-53.93899570000001,-17.44697949619009],[-53.93663387999991,-17.443989796190788],[-53.93460045183124,-17.442998916264475],[-53.9338301999999,-17.442623576191245],[-53.9311006199999,-17.439450296191872],[-53.93063258,-17.434923306192964],[-53.9294085,-17.43337776619335],[-53.9287811099999,-17.431752566193815],[-53.92867361,-17.4314739961938],[-53.92857162,-17.43120989619396],[-53.92792431,-17.43103726619389],[-53.92613592,-17.43056026619415],[-53.92595682,-17.430365406194067],[-53.9232174099999,-17.427384996194842],[-53.92103621,-17.426089566195053],[-53.9208502,-17.425979106195214],[-53.9195484099999,-17.425206006195396],[-53.91843862000001,-17.423299006195737],[-53.91880477,-17.422105466196143],[-53.9189099,-17.42176317619623],[-53.91824138,-17.42013559619652],[-53.9175222,-17.419518996196665],[-53.9157952199999,-17.41803826619711],[-53.91578972,-17.417976686197022],[-53.91563511,-17.416231956197578],[-53.91534111000001,-17.41571557619757],[-53.91460061,-17.414414486197987],[-53.90849472,-17.40951368619909],[-53.90632292,-17.406974596199785],[-53.8993799899999,-17.401963716201017],[-53.8982422,-17.400247206201293],[-53.89797,-17.398801386201765],[-53.89784281,-17.3986508762017],[-53.8973922,-17.398117706201933],[-53.897154219999905,-17.397836066201936],[-53.89690798,-17.397544876201966],[-53.89666282,-17.397254706202133],[-53.89628069,-17.39697527620212],[-53.8954995,-17.39640378620233],[-53.89519018,-17.39617746620231],[-53.8942773099999,-17.395509816202555],[-53.893549,-17.394976966202705],[-53.89329337,-17.39486800620262],[-53.89268989,-17.394610596202785],[-53.88836219,-17.392765066203165],[-53.8879886999999,-17.392605816203265],[-53.88774878,-17.392305286203364],[-53.88357008,-17.387069906204484],[-53.88266148,-17.383374676205527],[-53.88266099,-17.382856776205536],[-53.88265981,-17.381551266205854],[-53.8821521099999,-17.38111960620593],[-53.8817308,-17.380761386206068],[-53.8812679,-17.380367656206108],[-53.88074789,-17.3781776662068],[-53.88060061999991,-17.377557186206925],[-53.8796402099999,-17.376509296207164],[-53.87957341,-17.376436386207075],[-53.8784388,-17.375198606207405],[-53.87815468,-17.375089106207437],[-53.876548899999904,-17.374470566207687],[-53.8755935199999,-17.37410258620778],[-53.8739626,-17.37347448620785],[-53.8720428,-17.372735066207976],[-53.86999231,-17.369944606208787],[-53.869438800000005,-17.36919136620898],[-53.86838362,-17.368377476209062],[-53.86679420000001,-17.36854816620904],[-53.86675659,-17.368525066209035],[-53.8647157,-17.36727190620942],[-53.85888418,-17.366626266209526],[-53.85605228,-17.364979806210027],[-53.85182922,-17.36406499621012],[-53.85071399,-17.363579266210316],[-53.85012669,-17.3633234762104],[-53.84804711,-17.362417676210598],[-53.8462269899999,-17.362022976210703],[-53.84494139,-17.361744196210697],[-53.84471609,-17.361695306210827],[-53.8446604,-17.361683166210675],[-53.84378099,-17.36115166621093],[-53.84311372,-17.360748386211018],[-53.84261352,-17.36044596621108],[-53.84093684496601,-17.359432542834117],[-53.84043788,-17.359130956211434],[-53.839635210000004,-17.358958976211486],[-53.83874458,-17.358768206211415],[-53.83753188,-17.35900926621143],[-53.8374364699999,-17.359028206211434],[-53.83326808,-17.357110196211927],[-53.83132331,-17.355020366212326],[-53.8310461999999,-17.350411086213573],[-53.83151882,-17.347340176214335],[-53.83154791,-17.34715145621436],[-53.8334142699999,-17.345587506214756],[-53.8337991,-17.345264906214812],[-53.83390352,-17.343268166215204],[-53.83425003,-17.3421452662156],[-53.83455061,-17.34117125621584],[-53.83515841,-17.339202306216293],[-53.83511519,-17.338442106216487],[-53.8350089799999,-17.33657126621689],[-53.83496301,-17.335760386217174],[-53.83371281,-17.33219570621804],[-53.8336594899999,-17.332043896218117],[-53.8332966899999,-17.32861099621894],[-53.83271252,-17.32769510621906],[-53.8319064,-17.326431306219366],[-53.83163862,-17.32438486622],[-53.8313459199999,-17.322147376220435],[-53.83085468,-17.318392686221348],[-53.83070968,-17.31728446622177],[-53.8283793699999,-17.31447420622245],[-53.826958700000006,-17.313741096222607],[-53.82613277,-17.31265607622291],[-53.82535147,-17.310038796223566],[-53.82472289,-17.30793266622406],[-53.82212908,-17.299243716226137],[-53.820072710000005,-17.29461570622739],[-53.814715580000005,-17.290434476228334],[-53.8066370299999,-17.287961106229062],[-53.80569853,-17.288081076228938],[-53.80079692,-17.28870798622876],[-53.80048878,-17.288747486228797],[-53.7993776,-17.288197906228987],[-53.79901727,-17.28824998622885],[-53.79805411,-17.28838926622884],[-53.7965076999999,-17.288612896228805],[-53.7963494799999,-17.288635776228784],[-53.79595732,-17.288545386228915],[-53.79438339,-17.28818290622894],[-53.7941385999999,-17.28830567622898],[-53.79412732,-17.288311286228964],[-53.7929633099999,-17.288895296228723],[-53.7910725999999,-17.289073106228756],[-53.78902319000001,-17.288158406228888],[-53.78571332,-17.2875150962292],[-53.7822557,-17.281294586230718],[-53.78204221,-17.2809104662307],[-53.78165853,-17.280220096230988],[-53.7811081899999,-17.27923006623113],[-53.77991309,-17.27707989623172],[-53.776737270000005,-17.27380548623262],[-53.774335580000006,-17.272722686232854],[-53.77410542,-17.27261891623289],[-53.77427562,-17.271710576233033],[-53.7744944999999,-17.270541976233407],[-53.77224002,-17.267638196234167],[-53.77112862,-17.263652206235047],[-53.7709701799999,-17.263469106235206],[-53.77043458000001,-17.262849806235266],[-53.76963359,-17.26192376623556],[-53.7657078199999,-17.260103116235943],[-53.7642684799999,-17.25827527623654],[-53.76438288,-17.256289376236943],[-53.76340941,-17.254363276237527],[-53.76293528,-17.253425476237673],[-53.76268613,-17.252932396237856],[-53.763138080000004,-17.252322706237912],[-53.76402461,-17.251126906238223],[-53.76312000000001,-17.247709106239174],[-53.76282681,-17.246601266239363],[-53.76275909,-17.246538886239517],[-53.76211,-17.24593987623955],[-53.7619255,-17.24576967623969],[-53.7590783799999,-17.24314245624039],[-53.75162948,-17.24364940624015],[-53.74708549,-17.24265607624048],[-53.7470147999999,-17.242640696240375],[-53.7469021699999,-17.24257027624042],[-53.74540919,-17.241636576240623],[-53.74406018,-17.24028438624109],[-53.74287199,-17.239093496241395],[-53.74247751000001,-17.238461186241516],[-53.74185338809166,-17.237461002836664],[-53.74168142,-17.237185416241875],[-53.73651889,-17.232181106243136],[-53.73492791,-17.23156618624332],[-53.73321,-17.23090177624345],[-53.72918542,-17.231161176243408],[-53.728283780000005,-17.23106738624342],[-53.72549068,-17.23077668624351],[-53.72134712,-17.229496096243796],[-53.71373999,-17.229819676243626],[-53.70865588,-17.22816700624406],[-53.70514499,-17.228153786244192],[-53.70450060000001,-17.22839516624401],[-53.70168489,-17.229450396243823],[-53.69846811,-17.23065579624355],[-53.69449572,-17.233983906242685],[-53.6942951899999,-17.235257686242385],[-53.69433631,-17.23551547624229],[-53.694470300000006,-17.236357166242097],[-53.69499532,-17.239652566241126],[-53.6951161,-17.2404109862409],[-53.69498243,-17.240715506240953],[-53.6940109,-17.24292778624042],[-53.69245818,-17.246463606239413],[-53.69003921,-17.24804379623907],[-53.6840478999999,-17.251957686238036],[-53.6835296199999,-17.252167986237975],[-53.68007491,-17.253569666237592],[-53.68010141,-17.25405950623749],[-53.68010972,-17.254214276237448],[-53.680123191129894,-17.254463837936537],[-53.6820330199999,-17.289844696228567],[-53.6821411069999,-17.29184677922798],[-53.685619197422966,-17.35619736081799],[-53.6934024999999,-17.500201681177533],[-53.69514920105767,-17.52705218315496],[-53.701202738385575,-17.620107898253643],[-53.703885295,-17.661344486140646],[-53.70460750000001,-17.663509489140168],[-53.709325795,-17.665643481139735],[-53.709597995,-17.665667276139686],[-53.7112105049999,-17.665808881139675],[-53.71620681,-17.66775008613933],[-53.71851889,-17.668648386139054],[-53.7194401049999,-17.668747191139015],[-53.7200464049999,-17.6688122811391],[-53.72446081,-17.66650549613963],[-53.727830905,-17.66357279114018],[-53.7297756949999,-17.663766791140237],[-53.73095961,-17.663884776140073],[-53.731156385,-17.663904476140086],[-53.73368359499991,-17.66297547614042],[-53.7354112099999,-17.663429191140224],[-53.73795731,-17.66409777614016],[-53.738355515,-17.66420239614013],[-53.738984205,-17.664561276139956],[-53.73976901,-17.665009281139845],[-53.7424415049999,-17.668608781139117],[-53.74674400000001,-17.671288881138526],[-53.74729481,-17.67134587113844],[-53.749042405000004,-17.671526691138478],[-53.750488295,-17.669441391138854],[-53.7577985999999,-17.67137509613842],[-53.75724421,-17.672764093138184],[-53.7571186,-17.673078786138035],[-53.75696640000001,-17.67346028613796],[-53.7582002,-17.673405686138008],[-53.7618328999999,-17.67324488613799],[-53.7650153,-17.673660686138014],[-53.7684108,-17.672544286138308],[-53.771605,-17.672510986138196],[-53.77353160032672,-17.672863963387087],[-53.7759081999999,-17.67329938613811],[-53.7774770999999,-17.67358688613806],[-53.7777685999999,-17.673640286137925],[-53.7794656999999,-17.67243958613829],[-53.7801911,-17.672895186138202],[-53.7817439,-17.673870586137866],[-53.7826032,-17.674943986137787],[-53.7854894,-17.67636928613741],[-53.785930300000004,-17.676242386137467],[-53.7897181,-17.675151386137593],[-53.7937691,-17.675210786137598],[-53.7941298,-17.673748386138016],[-53.7954319,-17.672473986138293],[-53.7988271999999,-17.670534886138725],[-53.8002415999999,-17.67078928613866],[-53.8007822,-17.671155986138483],[-53.8030189999999,-17.672673286138156],[-53.8033078999999,-17.672646886138253],[-53.8063284999999,-17.67237118613822],[-53.8067470999999,-17.67278488613821],[-53.8101502,-17.676148886137383],[-53.811881,-17.679565886136643],[-53.8134069,-17.681455686136303],[-53.814072,-17.681793186136236],[-53.8155144999999,-17.682524986135952],[-53.8177961,-17.6836824861358],[-53.8185384,-17.683675186135787],[-53.8193795999999,-17.68366678613579],[-53.8197974999999,-17.68407758613571],[-53.8213014999999,-17.685556086135293],[-53.8229403999999,-17.68600828613528],[-53.8232135,-17.686083586135286],[-53.8236199,-17.686487186135075],[-53.8251063,-17.687963786134873],[-53.8257484,-17.68772028613492],[-53.8268224999999,-17.687312886134904],[-53.827595,-17.687429586134968],[-53.8285198999999,-17.687569186134887],[-53.8307134,-17.689450486134525],[-53.8307531,-17.689443586134445],[-53.8340224999999,-17.68887498613454],[-53.8343915,-17.688904086134528],[-53.8361055,-17.6890393861346],[-53.8376316,-17.690025486134303],[-53.8389418,-17.690097986134386],[-53.8419092,-17.692151386133844],[-53.8436894,-17.692687686133826],[-53.8447725,-17.695930386133128],[-53.8460239,-17.69755868613267],[-53.8471496,-17.697455086132788],[-53.8489245,-17.697291686132687],[-53.8493243,-17.69725488613279],[-53.8535257,-17.70083698613204],[-53.8538263,-17.702100286131646],[-53.8546833999999,-17.70300358613143],[-53.8551327,-17.70289858613159],[-53.8559091,-17.70271718613152],[-53.8559003,-17.703058186131415],[-53.8557729,-17.707975586130363],[-53.857024700000004,-17.708149086130415],[-53.8579933999999,-17.71230508612953],[-53.8594424,-17.714647186128918],[-53.8609367,-17.720711786127563],[-53.8662972,-17.727183886126156],[-53.8677106,-17.726986986126317],[-53.8716027999999,-17.729128186125727],[-53.8748247999999,-17.729999486125678],[-53.8754112999999,-17.731175386125308],[-53.8770211999999,-17.731881986125135],[-53.8768515,-17.733333886124832],[-53.877832,-17.734781886124615],[-53.8785268,-17.737583286123918],[-53.8783553,-17.73893848612372],[-53.8798811,-17.741279586123117],[-53.8828328,-17.74352208612273],[-53.8827357,-17.744878186122445],[-53.8840754,-17.74523048612222],[-53.8856297999999,-17.7473004861218],[-53.8883810999999,-17.748992586121567],[-53.8900493,-17.753419886120483],[-53.8896887999999,-17.75541738612006],[-53.8926574,-17.758292186119505],[-53.8928543,-17.76018878611914],[-53.8938241,-17.761084686118938],[-53.8938429,-17.761939086118648],[-53.8938466,-17.762108186118603],[-53.8939637,-17.767429386117566],[-53.8964700999999,-17.769309086117055],[-53.896422297226266,-17.769480058752798],[-53.895629,-17.7723173861165],[-53.8954942999999,-17.77702468611549],[-53.8976913,-17.77917798611497],[-53.898848,-17.781707586114443],[-53.9003006999999,-17.782872986114167],[-53.8997442,-17.784689686113765],[-53.9011857,-17.7854945861136],[-53.9027960999999,-17.788016186113193],[-53.904192,-17.788659086112993],[-53.9047186999999,-17.78890168611288],[-53.9048819,-17.78890908611297],[-53.9057505,-17.788948586112944],[-53.9063239,-17.788974686112837],[-53.9063366999999,-17.78899288611294],[-53.9072757,-17.790319586112684],[-53.9062774,-17.793069486111964],[-53.9073567999999,-17.795851886111397],[-53.9102991,-17.798455386110934],[-53.9110709,-17.79989508611065],[-53.9114949999999,-17.80234288611],[-53.910353,-17.80388558610968],[-53.9122766999999,-17.804781886109605],[-53.9131345,-17.805947786109357],[-53.9131618,-17.808034986108886],[-53.9147732,-17.80910178610867],[-53.9154339,-17.810187186108422],[-53.9177443,-17.811435986108165],[-53.9189881,-17.8142283861075],[-53.9190252,-17.815590886107298],[-53.9199672,-17.816395386107104],[-53.9207511,-17.81838618610669],[-53.9219947999999,-17.819460086106485],[-53.9234097,-17.819714486106474],[-53.9243526,-17.82060848610617],[-53.925607,-17.821051686106056],[-53.9272473999999,-17.82330298610568],[-53.927742,-17.823501986105644],[-53.9279076999999,-17.82356868610563],[-53.9287753,-17.823917886105548],[-53.9297468999999,-17.826355986105018],[-53.9309727,-17.827794786104636],[-53.9317164999999,-17.82809868610458],[-53.9324996999999,-17.828418786104624],[-53.9324910999999,-17.828452786104602],[-53.93213309999991,-17.829875086104295],[-53.9326616,-17.830183586104123],[-53.9359416,-17.832098086103723],[-53.9360440999999,-17.832354686103642],[-53.9362624999999,-17.832900786103544],[-53.936439,-17.833342286103562],[-53.9370254999999,-17.834809086103267],[-53.9369409999999,-17.83625278610298],[-53.9396293,-17.83876768610234],[-53.9398050999999,-17.838932086102396],[-53.9411651,-17.84020428610212],[-53.9419376,-17.843457186101343],[-53.9429931,-17.844172186101208],[-53.9429095,-17.845987386100912],[-53.9419639,-17.846897786100733],[-53.9416358999999,-17.848626186100383],[-53.9424771,-17.84914248610024],[-53.9429929999999,-17.849459086100108],[-53.9431961999999,-17.84958378610007],[-53.9435195999999,-17.84978228610015],[-53.9437207,-17.8503814861],[-53.9442170999999,-17.85186058609969],[-53.944824000000004,-17.85232328609959],[-53.9456744999999,-17.85297178609948],[-53.9457452,-17.853025686099336],[-53.9456608,-17.854299586099113],[-53.9468292999999,-17.855737386098887],[-53.9482434999999,-17.8560819860988],[-53.9476033,-17.857998186098293],[-53.9478028999999,-17.85935268609802],[-53.946686400000004,-17.860445586097818],[-53.9483003999999,-17.86161248609767],[-53.95080060000001,-17.86548018609686],[-53.9498851,-17.866581286096597],[-53.9512993,-17.86720598609649],[-53.9517053,-17.86882188609606],[-53.9517784999999,-17.869113286096095],[-53.9517987999999,-17.869193886096102],[-53.9518327,-17.869186486096105],[-53.9542153,-17.868664786096215],[-53.9544371,-17.868616286096092],[-53.9550242999999,-17.871243786095572],[-53.9537984999999,-17.871523586095478],[-53.95305280000001,-17.87252728609529],[-53.9530207,-17.872643486095363],[-53.9529163999999,-17.873021886095323],[-53.9523245999999,-17.875166186094862],[-53.9524772999999,-17.876205386094565],[-53.9525515999999,-17.876711286094555],[-53.9525877999999,-17.876756686094428],[-53.95341,-17.877788486094282],[-53.9537574999999,-17.878789986094098],[-53.9538477,-17.879049886093956],[-53.95438119999991,-17.880587786093646],[-53.9557114999999,-17.881292886093476],[-53.9557242,-17.881865586093483],[-53.9557381,-17.88249348609332],[-53.9557498,-17.88301948609315],[-53.9540506,-17.8854847860927],[-53.9539976,-17.885711786092664],[-53.9539200999999,-17.886043786092618],[-53.9536947,-17.887009486092424],[-53.9536897999999,-17.88703058609232],[-53.9537392999999,-17.887180886092377],[-53.9540764,-17.888204386092067],[-53.95363350000001,-17.88947728609192],[-53.951274,-17.89058988609164],[-53.9513305,-17.890693486091532],[-53.9518596999999,-17.89166518609145],[-53.9517746999999,-17.89175608609146],[-53.9509058,-17.89268568609125],[-53.9506767999999,-17.892930786091117],[-53.94971600000001,-17.893958686090897],[-53.9505735,-17.895124386090675],[-53.9494417999999,-17.896046586090545],[-53.9492714,-17.8976818860902],[-53.9485230999999,-17.898231286090077],[-53.947918300000005,-17.898675186090017],[-53.9477716,-17.898782886090004],[-53.9501299,-17.89995358608965],[-53.950273,-17.90002458608965],[-53.9506306,-17.900202186089675],[-53.9509035,-17.90183728608938],[-53.95097140000001,-17.902244186089163],[-53.9511299,-17.903193786088966],[-53.950195400000005,-17.90428588608876],[-53.9486732999999,-17.904853486088648],[-53.94793860000001,-17.905127386088672],[-53.9462695,-17.904357086088876],[-53.9462128,-17.90433098608883],[-53.9449941,-17.905432886088544],[-53.9449903999999,-17.905453886088527],[-53.9449691999999,-17.90557588608861],[-53.944803,-17.906533186088396],[-53.9447805999999,-17.906662286088274],[-53.9446632,-17.907338286088148],[-53.9458906999999,-17.908315386087928],[-53.9462371,-17.90835498608804],[-53.9467313,-17.90841158608803],[-53.9474091,-17.90848918608801],[-53.9472168,-17.909698586087753],[-53.9471349,-17.91021308608767],[-53.947827,-17.910152986087674],[-53.9483807999999,-17.910104986087568],[-53.9493242999999,-17.911009586087395],[-53.9495289,-17.912258886087116],[-53.949573,-17.91252848608716],[-53.9496351999999,-17.912907986087106],[-53.9508481,-17.913437086087026],[-53.9512498,-17.91361228608698],[-53.9514614999999,-17.913829786086914],[-53.9522962,-17.91468768608663],[-53.951906010409544,-17.9153679122888],[-53.9516634999999,-17.915790686086385],[-53.9503327315108,-17.916226558419158],[-53.9491055999999,-17.916628486086253],[-53.949030198986925,-17.91693743969532],[-53.948662399999904,-17.918444486085953],[-53.9492471999999,-17.919800786085695],[-53.9489306999999,-17.923251186084993],[-53.948914900000005,-17.923423786084957],[-53.94882630000001,-17.923401286084943],[-53.9465261999999,-17.92281868608497],[-53.9468484,-17.921716886085306],[-53.9472443,-17.920363086085583],[-53.9470484999999,-17.918373586085906],[-53.94683572059536,-17.918135116967015],[-53.9461547999999,-17.91737198608611],[-53.9456049999999,-17.916755886086232],[-53.9439892,-17.916682186086327],[-53.9407143,-17.919256286085794],[-53.9385526999999,-17.92008678608565],[-53.9372084,-17.919295286085706],[-53.9367409,-17.91902008608586],[-53.9358525,-17.917212786086214],[-53.9328500999999,-17.913688986086946],[-53.9324111,-17.913173786087032],[-53.932015,-17.913254186086938],[-53.9298598999999,-17.913691486086957],[-53.9283014,-17.91400778608688],[-53.927219799999904,-17.914227286086735],[-53.9279931999999,-17.915484286086485],[-53.9275005,-17.91593048608637],[-53.92536,-17.917868586086115],[-53.9242445,-17.919963386085662],[-53.92296041347568,-17.9200993333888],[-53.9228153999999,-17.92011468608555],[-53.92235670000001,-17.920163286085607],[-53.92206797979069,-17.91960477745777],[-53.9202749999999,-17.916136386086432],[-53.9202160999999,-17.91602248608634],[-53.9198091,-17.916138286086365],[-53.9197354999999,-17.91615918608641],[-53.9189125999999,-17.916393286086382],[-53.91784172747269,-17.917262734362367],[-53.9171858,-17.917795286086122],[-53.91710069999991,-17.917864386085988],[-53.9155244,-17.918244086085977],[-53.9127116,-17.91491878608668],[-53.9112981,-17.914293786086724],[-53.9100334,-17.914404486086692],[-53.9096575,-17.914437386086675],[-53.90779650000001,-17.914600286086777],[-53.9045204,-17.916719286086327],[-53.9025182999999,-17.917289286086106],[-53.90130190000001,-17.916846886086162],[-53.9019352,-17.915120586086665],[-53.9027679,-17.914833386086723],[-53.9041063999999,-17.914371686086678],[-53.9044827,-17.913902586086927],[-53.9051358,-17.913088386086955],[-53.903693,-17.910838786087492],[-53.9028246,-17.910660086087532],[-53.9022308,-17.910537886087575],[-53.9007488,-17.910232886087673],[-53.89904690000001,-17.90912528608784],[-53.89855060000001,-17.908802386087917],[-53.8942403999999,-17.910472486087592],[-53.8922433,-17.912223286087155],[-53.8902702,-17.91315368608708],[-53.8889604,-17.91287048608702],[-53.88769610000001,-17.912597186087062],[-53.8870439,-17.912456186087205],[-53.8854398999999,-17.913284686087],[-53.8845206,-17.916285586086428],[-53.8827459999999,-17.918117686086024],[-53.8808577,-17.91904808608574],[-53.8804666,-17.91976798608573],[-53.880319299999904,-17.920038986085657],[-53.878825999999904,-17.922787386085],[-53.8769409,-17.92352768608493],[-53.8744923,-17.923553486084934],[-53.8733227,-17.922474886085027],[-53.8740511,-17.920200286085617],[-53.8754686999999,-17.918827886085793],[-53.8739419,-17.917119286086237],[-53.87307620000001,-17.916943686086153],[-53.8726857999999,-17.916864586086213],[-53.8723922999999,-17.917285686086178],[-53.8721489,-17.917634886086024],[-53.8707103,-17.919698486085736],[-53.8698671999999,-17.92140558608537],[-53.8693598999999,-17.923331486084955],[-53.871273,-17.925935786084356],[-53.8705481,-17.92688868608413],[-53.8701601,-17.927398686084164],[-53.8679701999999,-17.926339186084356],[-53.86710409999991,-17.924532486084647],[-53.8639694,-17.92365398608482],[-53.8626035999999,-17.921312886085367],[-53.8609921999999,-17.9212157860854],[-53.8600552999999,-17.921159286085288],[-53.8604678999999,-17.92460018608461],[-53.8575314,-17.924934086084647],[-53.854247,-17.925834286084452],[-53.8524426,-17.927847786083962],[-53.8503838,-17.929227686083774],[-53.85126419999991,-17.931747286083162],[-53.851192,-17.93348378608293],[-53.8505491,-17.934668686082677],[-53.84916509999991,-17.93475498608257],[-53.84883210000001,-17.93477578608265],[-53.8467461,-17.933615886082805],[-53.8464087999999,-17.93360548608279],[-53.8446602,-17.933551886082764],[-53.8442229,-17.93817658608197],[-53.8428855999999,-17.93982308608166],[-53.8427392999999,-17.94000318608159],[-53.8414086,-17.93982858608152],[-53.8409094,-17.93648518608222],[-53.838988899999904,-17.934360086082673],[-53.8388828999999,-17.934242886082775],[-53.837551600000005,-17.93470258608268],[-53.838462400000004,-17.93895878608184],[-53.8374424,-17.940592386081494],[-53.836215,-17.940972686081388],[-53.8356090999999,-17.94693618608018],[-53.8348301,-17.94717468608005],[-53.8339907,-17.94743178607998],[-53.8324365,-17.943913986080705],[-53.8311123999999,-17.943031086080854],[-53.8308234,-17.94283828608094],[-53.8269938999999,-17.947587386080098],[-53.8241628,-17.94870428607984],[-53.8236055,-17.949978586079574],[-53.8243009,-17.95223708607903],[-53.8253568,-17.95358608607876],[-53.8254696,-17.955039886078577],[-53.8232111,-17.9564210860782],[-53.8216322,-17.958885386077693],[-53.8214695,-17.962056486077177],[-53.8208663999999,-17.962294986077037],[-53.8200519,-17.96261718607708],[-53.8190820999999,-17.960085586077565],[-53.81924430000001,-17.958369086077894],[-53.8178462,-17.958723286077856],[-53.8140508,-17.95968508607754],[-53.813982800000005,-17.95967898607756],[-53.8121619999999,-17.959516986077574],[-53.8117697,-17.959624186077672],[-53.810076,-17.960086886077573],[-53.8086599,-17.961006186077277],[-53.8092422,-17.96208188607706],[-53.8095954,-17.96194518607707],[-53.8106597999999,-17.961533086077164],[-53.8113001999999,-17.9618845860772],[-53.8122741,-17.962419186076993],[-53.8131599,-17.963956886076804],[-53.8120254999999,-17.965418586076506],[-53.8116927999999,-17.968408786075873],[-53.8101032,-17.97087288607539],[-53.8086091,-17.972246586075002],[-53.8082704,-17.972142486075114],[-53.8071548,-17.971799686075194],[-53.80782740000001,-17.97052918607536],[-53.8073287,-17.968992686075655],[-53.806206,-17.96810618607593],[-53.8055176,-17.96756248607596],[-53.8043243,-17.971020786075353],[-53.8043585,-17.974194786074754],[-53.8034264999999,-17.974846686074528],[-53.8026596999999,-17.975382986074504],[-53.8018006999999,-17.973586886074752],[-53.7993147999999,-17.9739805860747],[-53.7981851,-17.974159586074745],[-53.7996368,-17.975237186074526],[-53.799191999999906,-17.977052686074057],[-53.7979296,-17.978337086073925],[-53.7974887,-17.97878568607373],[-53.7969047999999,-17.97752918607397],[-53.7971639,-17.97553368607446],[-53.7946803999999,-17.974283286074733],[-53.7938288,-17.974499086074566],[-53.7931892,-17.974661186074652],[-53.7945174,-17.977282786074127],[-53.7940192,-17.980553386073446],[-53.79399319999991,-17.98072448607343],[-53.7921827,-17.980388286073527],[-53.7904516,-17.98061758607346],[-53.7892734,-17.9807736860733],[-53.789185599999904,-17.983130786072973],[-53.7902703,-17.98483958607253],[-53.7882491999999,-17.98926728607163],[-53.7868233,-17.991766586071147],[-53.7865159999999,-17.993775286070854],[-53.7864625999999,-17.99412428607078],[-53.7860484999999,-17.99442708607063],[-53.7844699,-17.995580886070382],[-53.7839412,-17.995967386070294],[-53.781741,-17.995347786070454],[-53.7806093999999,-17.996037886070372],[-53.77901860000001,-17.99700808607021],[-53.777135900000005,-17.999201386069704],[-53.7755266,-18.00006638606958],[-53.7742172,-18.000770086069462],[-53.77214554382765,-18.000428855380054],[-53.7698472,-18.000050286069513],[-53.7662404,-17.999124386069777],[-53.7645328999999,-17.999066686069796],[-53.7640792,-17.999051386069667],[-53.7630252,-17.99943518606963],[-53.7625487999999,-17.999608686069717],[-53.7579138,-17.998654286069762],[-53.754408,-17.999236286069735],[-53.7506045,-17.998635986069882],[-53.7434696999999,-17.996170086070364],[-53.7419464,-17.99640828607024],[-53.74043890000001,-17.99664398607017],[-53.7404064,-17.996628886070262],[-53.7366835,-17.994895186070618],[-53.7348095999999,-17.995183186070467],[-53.7340872999999,-17.995294086070547],[-53.7338219,-17.995334886070435],[-53.7298812,-17.998130286070005],[-53.7281060999999,-18.001210486069347],[-53.7277298,-18.00186338606913],[-53.7268023,-18.003472886068916],[-53.7251328,-18.00350668606882],[-53.7238307,-18.00226608606907],[-53.7239367,-18.000894786069455],[-53.723248,-17.999880986069652],[-53.71929550000001,-17.99807008606989],[-53.717391500000005,-17.998958586069804],[-53.7172578,-17.99902098606979],[-53.7155724,-17.99980748606966],[-53.7161887999999,-18.002304786069054],[-53.7158244999999,-18.005359186068446],[-53.7157817999999,-18.00571788606849],[-53.7157139999999,-18.006285786068283],[-53.7064118,-18.00693228606825],[-53.7005771,-18.005820186068497],[-53.6991146,-18.007424486068135],[-53.69810890000001,-18.008527786067948],[-53.6958978,-18.01015568606751],[-53.6957442,-18.010268686067494],[-53.6956441,-18.010597486067542],[-53.6954522,-18.01122718606738],[-53.6954178,-18.011339986067362],[-53.6950259,-18.012626386067005],[-53.694823,-18.013292186066995],[-53.6921877,-18.013676486066903],[-53.6920825,-18.01333008606696],[-53.6916763,-18.011993186067134],[-53.6914929,-18.011389586067363],[-53.6913112,-18.011314586067282],[-53.6912035999999,-18.0112700860673],[-53.690054,-18.010795586067385],[-53.6900209,-18.01078188606738],[-53.690326,-18.010345086067467],[-53.6918899999999,-18.008106486067913],[-53.6925050999999,-18.00722598606809],[-53.6927188,-18.006920086068156],[-53.6925893,-18.006800486068155],[-53.6913618999999,-18.005665986068507],[-53.6904656,-18.00483758606864],[-53.6903564,-18.00248108606912],[-53.6859947999999,-18.00198438606926],[-53.6823580999999,-17.997470986070102],[-53.6805198,-17.995805486070424],[-53.6790487,-17.995314286070535],[-53.6773568999999,-17.99133798607123],[-53.6773252999999,-17.991263786071343],[-53.6773717,-17.991101986071385],[-53.6777471999999,-17.989793586071507],[-53.6771294,-17.989856786071527],[-53.6764429999999,-17.989926986071584],[-53.6762894,-17.99009248607145],[-53.6749378,-17.991548886071197],[-53.673684799999904,-17.99109238607137],[-53.6747664,-17.9894673860717],[-53.6748976,-17.989270286071648],[-53.6732623999999,-17.98919298607166],[-53.6717424,-17.989121286071747],[-53.670500699999906,-17.98887558607183],[-53.6695266,-17.98868298607185],[-53.6673243,-17.988247286071918],[-53.6669808,-17.987093686072082],[-53.666749799999906,-17.986317986072216],[-53.6665164999999,-17.985534486072492],[-53.6652149999999,-17.985730186072445],[-53.6650329,-17.98592268607231],[-53.664390099999906,-17.98660208607226],[-53.6643521999999,-17.986642086072134],[-53.6624659999999,-17.986022586072384],[-53.6612474999999,-17.977526786074062],[-53.6612454,-17.977512286073953],[-53.6595023,-17.977420086074087],[-53.6584028999999,-17.977361886074],[-53.65727,-17.977822486073933],[-53.6564676,-17.97859568607385],[-53.6558502,-17.979190586073706],[-53.6552516,-17.979035986073765],[-53.653492,-17.97858188607376],[-53.6542113,-17.977219786074034],[-53.6524827,-17.97650928607428],[-53.6523898999999,-17.976471086074294],[-53.6520434,-17.97632868607431],[-53.6505213999999,-17.977338786074036],[-53.6505088,-17.9773604860741],[-53.6501613,-17.977956286073955],[-53.6497863,-17.97859968607385],[-53.6480601,-17.977246186074122],[-53.6472939,-17.97664538607414],[-53.6471953,-17.976673186074123],[-53.64531920000001,-17.977202786074006],[-53.6439865999999,-17.977578986073947],[-53.643296,-17.97820068607382],[-53.6429651,-17.978498686073763],[-53.6409568,-17.977827286073918],[-53.64057899999991,-17.977700986074037],[-53.63860520000001,-17.977985586074013],[-53.63754230000001,-17.978478386073864],[-53.6368002,-17.97882238607382],[-53.6356466999999,-17.977785986074043],[-53.6348796999999,-17.977096886074065],[-53.6346035,-17.976848686074074],[-53.6317685,-17.978144386073954],[-53.6305515,-17.977698386074056],[-53.6297934999999,-17.9789708860738],[-53.62974270000001,-17.97984558607362],[-53.6297142,-17.9803358860734],[-53.629104,-17.980384286073516],[-53.6284894,-17.9804329860734],[-53.6269609999999,-17.97990508607349],[-53.6260703,-17.978738486073837],[-53.6257181999999,-17.978277286073816],[-53.6251078,-17.978055086073844],[-53.6240190999999,-17.97765878607404],[-53.623839099999905,-17.978607986073868],[-53.62374320000001,-17.979113786073697],[-53.6220711999999,-17.978875986073803],[-53.6219394999999,-17.978857286073804],[-53.6218261,-17.978913186073786],[-53.6214221,-17.97911218607376],[-53.6202392,-17.979695086073647],[-53.6199789,-17.979211786073744],[-53.6198429999999,-17.978959386073754],[-53.6196543,-17.97860888607376],[-53.6194925999999,-17.978614486073763],[-53.6183066,-17.97865588607382],[-53.6162447999999,-17.978727686073803],[-53.616797,-17.977454886073986],[-53.6164649999999,-17.976824286074223],[-53.6164431,-17.97678278607422],[-53.6161304,-17.976188686074316],[-53.6125461999999,-17.978032786073854],[-53.6127423,-17.97948058607362],[-53.611618200672964,-17.98080856586363],[-53.6108869999999,-17.98167238607323],[-53.6111860999999,-17.983037186072973],[-53.6095797999999,-17.984045886072785],[-53.6086612999999,-17.992934386071045],[-53.6072101999999,-17.995159486070477],[-53.6069947999999,-17.995489686070496],[-53.6045849,-17.99661118607028],[-53.6037707,-17.996990086070124],[-53.6026826999999,-17.99796548606999],[-53.600936100000006,-17.99786158607005],[-53.5970531999999,-17.99920258606968],[-53.5964157999999,-17.999422786069626],[-53.5931323999999,-18.00055668606942],[-53.5928519,-18.003047086068907],[-53.591996299999906,-18.003862686068842],[-53.5915176,-18.00431908606875],[-53.5891553,-18.005010686068605],[-53.5892742999999,-18.006889186068154],[-53.5893002,-18.007297686068174],[-53.589058,-18.008194386067974],[-53.5887319999999,-18.009401986067775],[-53.5886467999999,-18.009717586067588],[-53.5900518999999,-18.009719686067587],[-53.5899951,-18.010043486067538],[-53.5896675,-18.011911486067138],[-53.5895447,-18.012611586067134],[-53.5883813999999,-18.012995786066945],[-53.58827,-18.012662086066992],[-53.5879247999999,-18.011627186067322],[-53.587573,-18.010572786067563],[-53.5874117,-18.01061138606755],[-53.5865319,-18.01082228606747],[-53.5854396,-18.01108408606731],[-53.5842901,-18.010038286067655],[-53.5840587,-18.009827786067685],[-53.5840459,-18.009816186067575],[-53.5840284,-18.009824086067603],[-53.5822515,-18.010619386067386],[-53.5821354999999,-18.010671286067517],[-53.5822022,-18.011294386067267],[-53.5822853,-18.012069786067116],[-53.5823202999999,-18.01239648606718],[-53.5810494999999,-18.0121655860671],[-53.5780046,-18.011612286067304],[-53.5773837,-18.01149938606721],[-53.5770568,-18.01165858606729],[-53.5764826,-18.01193818606726],[-53.5750192,-18.012650686066998],[-53.5739834999999,-18.01200778606715],[-53.5720497999999,-18.01080748606738],[-53.5719910999999,-18.010770986067463],[-53.5718803,-18.01070218606749],[-53.5715288,-18.01025008606758],[-53.56896110000001,-18.006946286068256],[-53.5687626,-18.006826886068268],[-53.5669516,-18.005737286068495],[-53.566562099999906,-18.005502886068534],[-53.5649925,-18.004558586068583],[-53.5586908,-18.005449486068443],[-53.5572372999999,-18.00565498606839],[-53.5566554,-18.00739788606804],[-53.5566284,-18.007478586068164],[-53.5568226,-18.00782098606808],[-53.55746509999991,-18.008953186067867],[-53.5572066999999,-18.009385986067652],[-53.5564419,-18.01066658606755],[-53.5565318,-18.01075678606751],[-53.5575525,-18.011781286067194],[-53.5567361999999,-18.013069586066912],[-53.5551881,-18.01398938606686],[-53.5557135,-18.014974186066567],[-53.5557398999999,-18.01502348606654],[-53.55599169999991,-18.01549558606657],[-53.55649079999991,-18.01643088606626],[-53.5559026,-18.016144286066424],[-53.5537651,-18.01510268606654],[-53.5535697999999,-18.015007486066676],[-53.5531789999999,-18.015190686066507],[-53.5527432,-18.015394986066568],[-53.5519047999999,-18.015787886066512],[-53.551567000000006,-18.015692586066532],[-53.5510118,-18.015535986066446],[-53.5475451999999,-18.014558086066646],[-53.5456480999999,-18.015090386066657],[-53.5432916999999,-18.015751486066538],[-53.5428684,-18.016015186066447],[-53.5419752,-18.016571586066316],[-53.5416559,-18.01677048606627],[-53.5412977999999,-18.01699358606627],[-53.5366213,-18.018576686065952],[-53.5356239,-18.018914286065797],[-53.5339082,-18.019495086065792],[-53.5336918,-18.019568386065764],[-53.5316541,-18.020258186065497],[-53.5307978,-18.02054798606556],[-53.5302346999999,-18.020879786065382],[-53.5290461,-18.02158008606524],[-53.5282033999999,-18.021336786065408],[-53.5271729999999,-18.021039386065354],[-53.5265022999999,-18.02084578606551],[-53.5257756999999,-18.020636086065434],[-53.5255735,-18.020577786065562],[-53.5252702999999,-18.020692086065537],[-53.5244276999999,-18.02100968606549],[-53.5233804,-18.021404486065407],[-53.5197084,-18.02089988606553],[-53.5178768,-18.02064818606554],[-53.5146846,-18.024219786064837],[-53.5138095999999,-18.026311486064426],[-53.5135448,-18.026944486064323],[-53.5128083,-18.0269933860643],[-53.512482,-18.027015086064328],[-53.510454200000005,-18.027149786064268],[-53.5104142,-18.027152486064164],[-53.506881,-18.02738728606416],[-53.5066022,-18.02740578606409],[-53.50549779999991,-18.028613086064016],[-53.5043750999999,-18.029840386063725],[-53.5037882,-18.029441786063813],[-53.502849,-18.028804186063937],[-53.5019804,-18.028214486063987],[-53.5018772,-18.02814448606395],[-53.5018631999999,-18.028212186063964],[-53.5011112999999,-18.031837686063355],[-53.5010483,-18.032141786063328],[-53.500626699999906,-18.03417468606283],[-53.5006038999999,-18.034284786062884],[-53.5005687999999,-18.034323286062882],[-53.4991459,-18.03588638606257],[-53.4991269,-18.035907186062488],[-53.4990698,-18.03591718606256],[-53.4972625999999,-18.03623388606252],[-53.4958116,-18.036488186062428],[-53.49543508913366,-18.036554150489167],[-53.4951591999999,-18.036602486062428],[-53.4937573,-18.037561886062214],[-53.4934928,-18.037742886062222],[-53.4915169999999,-18.038407086062076],[-53.4901838,-18.038428086062076],[-53.4894958,-18.038438886062085],[-53.4887782,-18.038849886061875],[-53.4880325999999,-18.039276886061824],[-53.4860712,-18.040400286061598],[-53.4843586,-18.039836686061804],[-53.484241600000004,-18.03979818606183],[-53.4835777,-18.039154786061804],[-53.4828864,-18.038484886062086],[-53.4828289,-18.03842928606209],[-53.4827145,-18.03848838606197],[-53.4810686,-18.039337986061817],[-53.4809569,-18.039291486061785],[-53.4807828,-18.039218986061833],[-53.4795243,-18.038695086061907],[-53.4794084,-18.038646886061922],[-53.4791691,-18.03829528606207],[-53.47904160000001,-18.03810798606214],[-53.4782987999999,-18.037016686062337],[-53.4782304999999,-18.036987086062375],[-53.4773696,-18.03661298606233],[-53.4765980999999,-18.036277786062413],[-53.4765434,-18.03625398606238],[-53.4764941,-18.036310986062492],[-53.4759711,-18.036915886062257],[-53.4759359,-18.03695658606227],[-53.4750036,-18.038034786062074],[-53.4743515,-18.038789086061982],[-53.4740424999999,-18.039146386061823],[-53.4729364,-18.03914818606182],[-53.4725784999999,-18.03914878606192],[-53.472765,-18.037982386062136],[-53.4728277999999,-18.037590086062142],[-53.4721972999999,-18.037126486062206],[-53.4712837,-18.03645488606247],[-53.4697934,-18.03535918606266],[-53.4694354,-18.035273386062563],[-53.4678502,-18.034893086062784],[-53.4678104,-18.034616386062712],[-53.4676577,-18.033554586062923],[-53.4673488,-18.031406186063347],[-53.4674621999999,-18.031241786063458],[-53.4682708,-18.03006978606373],[-53.4682065,-18.029919186063626],[-53.467634,-18.028578186064003],[-53.4657654,-18.02781228606405],[-53.4658353999999,-18.027417986064197],[-53.4658984,-18.027062186064175],[-53.4663793,-18.024350086064718],[-53.4659597,-18.024202286064845],[-53.4658277,-18.024155686064784],[-53.4650228,-18.023872086064802],[-53.4636858,-18.02524748606463],[-53.4636538,-18.02528038606455],[-53.4636302,-18.02530468606454],[-53.4635905,-18.02524998606464],[-53.4630678,-18.024528386064777],[-53.4628946,-18.02428938606473],[-53.4626332999999,-18.023928686064796],[-53.4615401999999,-18.023092286065037],[-53.4609351,-18.02262928606503],[-53.4601569,-18.022033686065267],[-53.4600270999999,-18.021164486065363],[-53.4596243,-18.018439486065873],[-53.4596222,-18.018425086065882],[-53.4596012,-18.01828258606599],[-53.4594822,-18.018159986066024],[-53.45829080000001,-18.016931886066278],[-53.4587094999999,-18.01663598606624],[-53.45912703418861,-18.016340969854564],[-53.4596534999999,-18.01596898606633],[-53.4596804,-18.01578888606651],[-53.4598554,-18.014616386066734],[-53.4599042,-18.014289186066826],[-53.4588965999999,-18.01421678606669],[-53.4579583999999,-18.01414928606673],[-53.45793,-18.01414728606673],[-53.4570429999999,-18.01200578606713],[-53.4566313,-18.011011786067325],[-53.4565464999999,-18.010806886067513],[-53.4569675,-18.010771686067503],[-53.4572426,-18.010748586067386],[-53.4578944,-18.010694086067527],[-53.4600478999999,-18.010513986067416],[-53.460046500000004,-18.010470786067568],[-53.46000170000001,-18.009076986067733],[-53.4599875,-18.008633686067913],[-53.4580420999999,-18.008683386067826],[-53.4576858,-18.008141686067987],[-53.4570758999999,-18.007214386068156],[-53.4570734,-18.00719968606809],[-53.45705070000001,-18.00706668606815],[-53.4566111999999,-18.004484086068704],[-53.4564895999999,-18.00376958606875],[-53.4567038,-18.00268638606905],[-53.4572942999999,-17.999698986069692],[-53.4555309,-17.998628886069866],[-53.4546748,-17.998653186069866],[-53.4541268999999,-17.998668686069777],[-53.45089475005517,-17.99876035274465],[-53.4491869999999,-17.998808786069734],[-53.4492089,-17.997232286070176],[-53.4492112999999,-17.997065186070206],[-53.4495719,-17.996194386070357],[-53.4500485,-17.995043786070585],[-53.4503195,-17.99257808607098],[-53.4489624999999,-17.992050186071086],[-53.4474863,-17.99307508607091],[-53.4460359999999,-17.99339148607093],[-53.4459659999999,-17.993406786070818],[-53.4459582,-17.992487286070986],[-53.4459484,-17.99132308607122],[-53.4459429,-17.990676186071344],[-53.4459300999999,-17.989176686071755],[-53.4441255,-17.989884286071618],[-53.4425588999999,-17.98997518607149],[-53.4421656,-17.989997986071586],[-53.4420479,-17.990004886071567],[-53.4407537,-17.989409886071623],[-53.4406063,-17.989342086071616],[-53.4398942,-17.98848258607179],[-53.4397127,-17.988263486071936],[-53.4399941999999,-17.985536686072464],[-53.439017299999904,-17.98392658607278],[-53.4382912,-17.986643886072134],[-53.4364884,-17.986746186072235],[-53.4364376,-17.98598208607229],[-53.4363802999999,-17.98511968607245],[-53.4359196,-17.984933886072465],[-53.4351116999999,-17.984608086072583],[-53.4350487999999,-17.984582686072663],[-53.4344866,-17.985324686072538],[-53.4342154,-17.985682486072374],[-53.4330232,-17.986235186072346],[-53.432868,-17.986307086072348],[-53.43285560000001,-17.986312786072347],[-53.4310884,-17.98463618607263],[-53.4306910999999,-17.98425928607274],[-53.4304081999999,-17.983990986072687],[-53.43001670000001,-17.984570086072555],[-53.4295420999999,-17.98527218607245],[-53.4298833999999,-17.985746286072438],[-53.4305131,-17.986621286072285],[-53.4302089999999,-17.987814686071925],[-53.428030500000006,-17.988779586071765],[-53.425574,-17.989289086071718],[-53.4251212,-17.988059486072004],[-53.4249875,-17.98769638607195],[-53.4247549999999,-17.987064986072166],[-53.4231038999999,-17.985235086072542],[-53.4213271,-17.985789086072433],[-53.4211332,-17.986321586072208],[-53.4210074,-17.986667086072238],[-53.418909000000006,-17.99243138607099],[-53.4189590999999,-17.994157086070636],[-53.4178795999999,-17.99479628607066],[-53.4154473,-17.99187308607124],[-53.4153603,-17.99176848607124],[-53.4139087,-17.990023986071492],[-53.4126327,-17.988490486071907],[-53.4114562,-17.990826486071445],[-53.4113010999999,-17.991134486071285],[-53.4112668,-17.993222286070935],[-53.4091033,-17.99333318607082],[-53.4071595999999,-17.99290258607104],[-53.4071331,-17.992886986070925],[-53.4057084,-17.99204888607109],[-53.4046547999999,-17.99237978607114],[-53.403901,-17.992616486070975],[-53.4013803,-17.993407986070807],[-53.4010114,-17.99413458607067],[-53.4000191,-17.996088886070357],[-53.3970811999999,-17.99788488607002],[-53.39701419999991,-17.999816286069656],[-53.3911287999999,-18.00286558606904],[-53.3887966999999,-18.00407388606883],[-53.3856938,-18.005681486068486],[-53.3853804,-18.00584388606833],[-53.3843396999999,-18.006383086068283],[-53.3834623,-18.00683768606815],[-53.3834171,-18.00686108606824],[-53.3829722,-18.007570186068147],[-53.3825748,-18.00820368606802],[-53.3821606,-18.00833078606796],[-53.3807712,-18.008757186067793],[-53.3794038,-18.008247686067957],[-53.37915950000001,-18.00815658606789],[-53.37773259999991,-18.008315386067977],[-53.37707770000001,-18.008388286067966],[-53.3762398,-18.008481586067937],[-53.3758692,-18.00852278606795],[-53.3743466999999,-18.00765338606812],[-53.3741841999999,-18.00756058606811],[-53.3729607999999,-18.00783428606809],[-53.3714788,-18.00816568606787],[-53.3711294,-18.00824388606798],[-53.37029820000001,-18.00842978606785],[-53.3693797999999,-18.00726578606818],[-53.3690602999999,-18.00724468606808],[-53.3670878,-18.007114386068224],[-53.3657395,-18.007025386068204],[-53.3656536999999,-18.007015986068218],[-53.3643653999999,-18.006875686068263],[-53.3628586,-18.0067114860682],[-53.362203,-18.00654008606823],[-53.361143,-18.006263086068348],[-53.3602397999999,-18.006027086068325],[-53.3582039,-18.006504786068323],[-53.3566714,-18.006864386068163],[-53.3564886999999,-18.006907186068165],[-53.3564402,-18.00690728606822],[-53.3557711999999,-18.006908386068122],[-53.3544603999999,-18.00691038606824],[-53.352889499999904,-18.006164686068292],[-53.3528484999999,-18.006145186068302],[-53.3515542,-18.00657408606831],[-53.350986,-18.006762386068274],[-53.3500872,-18.006501986068297],[-53.3491559999999,-18.006232286068396],[-53.3482678999999,-18.00631458606828],[-53.3479364999999,-18.006345386068247],[-53.3471817999999,-18.006415286068343],[-53.3457415,-18.007757486068087],[-53.3444947,-18.007606986068108],[-53.3434556,-18.00798098606804],[-53.342595,-18.008290786067903],[-53.3416728,-18.006666786068195],[-53.3406244999999,-18.006708886068267],[-53.3400444,-18.00673218606821],[-53.3391025,-18.0067698860682],[-53.3384296,-18.006796886068173],[-53.33743810000001,-18.006836686068276],[-53.3356747999999,-18.006907486068226],[-53.3345126,-18.005852786068484],[-53.3336419,-18.005062686068523],[-53.333558,-18.00498658606855],[-53.332889300000005,-18.004379686068756],[-53.3328514999999,-18.00434548606864],[-53.3323465,-18.001557486069235],[-53.327104600000006,-18.000149886069448],[-53.3254611999999,-18.000744986069357],[-53.324517,-18.000600686069408],[-53.320959699999904,-18.00005708606951],[-53.3186606,-18.000281186069547],[-53.3175131,-17.99885058606985],[-53.3157103999999,-17.99890568606985],[-53.3146986,-17.998271086069966],[-53.3126857999999,-17.997008586070205],[-53.3121227999999,-17.997349486070057],[-53.3113805999999,-17.997798986069952],[-53.3112226,-17.99754348607003],[-53.3107416,-17.996765886070243],[-53.3093243,-17.997014686070212],[-53.3088815999999,-17.99675278607027],[-53.3082039,-17.996351786070303],[-53.3075729999999,-17.995978486070417],[-53.3071399,-17.996246786070262],[-53.3062393,-17.996804886070237],[-53.3054589,-17.99789528607002],[-53.3022528,-17.996172386070352],[-53.3014628,-17.995747886070443],[-53.3001887,-17.99585168607035],[-53.2997983,-17.995709486070474],[-53.2993395,-17.99554238607049],[-53.2991741,-17.995482086070403],[-53.2986655999999,-17.995518386070525],[-53.2983788999999,-17.99553888607043],[-53.2974742,-17.99574598607033],[-53.2971615,-17.995817586070416],[-53.2960983999999,-17.996060886070413],[-53.29190579999991,-17.995865886070426],[-53.290279443806405,-17.99628421573769],[-53.2898036999999,-17.996406586070247],[-53.2875081,-17.999278286069718],[-53.2846784,-18.000157786069586],[-53.274123,-18.001673386069267],[-53.2711671,-18.00194888606912],[-53.2663769,-18.002395286069028],[-53.24220710000001,-18.00464798606867],[-53.2415444,-18.004709786068595],[-53.2403978999999,-18.00606488606841],[-53.237764,-18.007443186068155],[-53.2347758,-18.00960358606762],[-53.2341833999999,-18.010031886067555],[-53.2320374,-18.010602486067413],[-53.2319893,-18.010634686067505],[-53.2309183,-18.011354586067295],[-53.2304083999999,-18.011697286067335],[-53.2280315,-18.01204458606722],[-53.2260247999999,-18.012337686067056],[-53.2233783999999,-18.012724386067095],[-53.2223994,-18.01286738606698],[-53.2180145999999,-18.01350808606696],[-53.2175953,-18.013569386066834],[-53.216714,-18.01426078606668],[-53.2165932999999,-18.014355586066717],[-53.2148227,-18.015744886066535],[-53.21337520000001,-18.016880586066303],[-53.2133082,-18.016933186066268],[-53.2130466999999,-18.017138486066145],[-53.2128456999999,-18.017205686066248],[-53.2109915999999,-18.017826186066006],[-53.2092352999999,-18.01841388606591],[-53.2074555999999,-18.019581086065774],[-53.2071892,-18.019848286065688],[-53.2051494999999,-18.021893486065295],[-53.203131,-18.021560886065277],[-53.2021362999999,-18.0199096860657],[-53.2021271,-18.019894386065573],[-53.2002679999999,-18.019597586065682],[-53.1987915999999,-18.02030608606561],[-53.19796,-18.02230648606522],[-53.1958446,-18.024601486064785],[-53.1956408999999,-18.02568068606457],[-53.1948775,-18.029726086063654],[-53.1948710999999,-18.029759586063747],[-53.1948421,-18.029808086063767],[-53.1945125,-18.030358986063636],[-53.1927641,-18.03328138606308],[-53.1916318999999,-18.034226586062914],[-53.1913221999999,-18.03448508606274],[-53.1905394,-18.036298586062465],[-53.1892238999999,-18.036582186062333],[-53.183349,-18.037848486062096],[-53.1825358999999,-18.03802378606217],[-53.1816924999999,-18.03820558606212],[-53.1816044999999,-18.0383016860621],[-53.1814434999999,-18.038477486061986],[-53.18140682321801,-18.03851755167003],[-53.1810647,-18.038891286061897],[-53.1806023,-18.039396386061775],[-53.1804006,-18.039616686061823],[-53.17956,-18.040074386061757],[-53.17951870000001,-18.040096886061786],[-53.1767934,-18.041580686061334],[-53.17556,-18.04158948606133],[-53.174326,-18.041598186061446],[-53.1740124,-18.041576286061467],[-53.1737755,-18.041559686061365],[-53.1733087,-18.041526886061483],[-53.1556754,-18.04028868606169],[-53.150502,-18.03992848606177],[-53.1296136,-18.03845638606209],[-53.082038727237936,-18.035110470263707],[-53.0735091,-18.03451058606281],[-53.0723308999999,-18.03399848606283],[-53.0722775,-18.033975286062955],[-53.071645100000005,-18.03570858606258],[-53.072358400000006,-18.037999486062155],[-53.07269750830761,-18.040143130719155],[-53.0734884,-18.04514268606064],[-53.0757113999999,-18.050795386059683],[-53.0786287999999,-18.053029486059266],[-53.0818396999999,-18.0547612860588],[-53.0892185,-18.056782786058495],[-53.1029674,-18.05884628605809],[-53.1100747,-18.05895598605808],[-53.1155682999999,-18.057644086058236],[-53.1184133,-18.057643586058255],[-53.1236517,-18.05882828605813],[-53.1301288999999,-18.062408886057437],[-53.1359611999999,-18.06715178605649],[-53.138797,-18.070231486055906],[-53.1397803999999,-18.071884286055624],[-53.1399157,-18.072111586055563],[-53.1424914,-18.078418386054334],[-53.1432399999999,-18.08183668605357],[-53.1431526,-18.084077586053183],[-53.1411768999999,-18.0959938860509],[-53.1374125999999,-18.11286458604779],[-53.1367112,-18.118524886046703],[-53.1327904,-18.129728486044463],[-53.1290165,-18.138484486042863],[-53.128542,-18.146323886041454],[-53.1302696,-18.156441686039585],[-53.1297380999999,-18.160702486038822],[-53.1231258,-18.179501086035366],[-53.12224262109775,-18.182693153575578],[-53.1187629,-18.19526988603243],[-53.1101876,-18.219563286027928],[-53.1098928,-18.222885486027405],[-53.1100355,-18.224926886027013],[-53.1111255,-18.230738086025852],[-53.1112906,-18.235274786025144],[-53.1103264,-18.24805868602273],[-53.10898610000001,-18.254996886021633],[-53.107513,-18.26014108602059],[-53.1041021,-18.266946686019413],[-53.1020397,-18.272620286018466],[-53.1018513,-18.277984586017503],[-53.1030479999999,-18.2843716860164],[-53.103228083470434,-18.28720391132832],[-53.1035214,-18.29181698601508],[-53.10270510000001,-18.302853386013055],[-53.1011523999999,-18.31083108601174],[-53.0996557,-18.31361908601125],[-53.0829907999999,-18.32678068600898],[-53.0748459,-18.335623386007416],[-53.0717395999999,-18.341542486006322],[-53.0699357999999,-18.342879786006076],[-53.0682616,-18.34328018600612],[-53.0648676,-18.344091686005967],[-53.0567346999999,-18.343430086006087],[-53.0521803,-18.344099486005952],[-53.04634533044844,-18.343964154708768],[-53.0445357999999,-18.343922186006026],[-53.0413432,-18.344852986005733],[-53.035206300000006,-18.347649486005274],[-53.0324874999999,-18.349795686004956],[-53.0297648,-18.351271486004663],[-53.0278517,-18.351595986004696],[-53.0248220999999,-18.350604886004845],[-53.0230658,-18.349463986005027],[-53.020866,-18.346279186005575],[-53.0189319999999,-18.341105586006375],[-53.0167441999999,-18.331309986008208],[-53.014737200000006,-18.32688308600893],[-53.0139382,-18.32613908600905],[-53.0048945,-18.32246608600962],[-52.99729810000001,-18.31608648601076],[-52.9912065999999,-18.31241478601134],[-52.9840963,-18.307326386012367],[-52.9790983,-18.304716186012815],[-52.9760788,-18.30345528601294],[-52.9757278,-18.303308786013034],[-52.9652657,-18.298940686013754],[-52.9541753999999,-18.296578486014244],[-52.9477861,-18.296125186014237],[-52.9352301,-18.29655428601426],[-52.9291535,-18.298779586013755],[-52.9142396,-18.301431686013398],[-52.91198960372291,-18.302139301655885],[-52.9090176,-18.30307398601312],[-52.9030483999999,-18.30556558601263],[-52.8935387,-18.308343586012047],[-52.87983798562145,-18.31302402406199],[-52.875735,-18.31442568601113],[-52.8732067,-18.31483348601106],[-52.8563769,-18.312005386011545],[-52.8517634,-18.311733786011615],[-52.8421516999999,-18.31202088601141],[-52.8277156,-18.310632886011796],[-52.8225427,-18.310571286011665],[-52.8207907999999,-18.31072488601177],[-52.81425899999991,-18.311297786011686],[-52.8052871,-18.31345408601119],[-52.7969176999999,-18.316002186010852],[-52.7929809999999,-18.317580686010558],[-52.7874629999999,-18.32058448600992],[-52.7759033,-18.328753386008618],[-52.7710456999999,-18.333538586007695],[-52.7650374,-18.340362586006485],[-52.7642082,-18.34130438600648],[-52.7631665,-18.3427463860062],[-52.7624685,-18.34371258600597],[-52.7619399,-18.3444441860058],[-52.7599610999999,-18.347183086005355],[-52.7593196,-18.348070886005285],[-52.75910110000001,-18.350568886004755],[-52.7590921999999,-18.350671086004734],[-52.7590896,-18.350699886004737],[-52.758481,-18.357650286003537],[-52.75858290000001,-18.35907578600338],[-52.7588732,-18.3631403860027],[-52.7593692,-18.3655084860023],[-52.7601799,-18.36778998600194],[-52.7619015999999,-18.371310586001325],[-52.7675128,-18.378247286000047],[-52.769958,-18.38026028599976],[-52.7837367,-18.388301485998433],[-52.7860676999999,-18.3903090859981],[-52.7879611,-18.393329085997536],[-52.7930807,-18.407650085995172],[-52.7945182999999,-18.410516385994594],[-52.7985126,-18.414861285993876],[-52.8004812999999,-18.41609228599363],[-52.8025041,-18.416897285993628],[-52.8067938,-18.417695685993493],[-52.8275075999999,-18.419624885993144],[-52.8382917,-18.423661185992472],[-52.8384859999999,-18.423632485992414],[-52.8457673999999,-18.422552285992577],[-52.8514306,-18.422271385992623],[-52.8515711896772,-18.422292420349603],[-52.86368470000001,-18.424104785992377],[-52.8711825999999,-18.425814285992125],[-52.8732937,-18.42679158599188],[-52.8753265,-18.42873668599152],[-52.8764009,-18.430920985991307],[-52.8791537,-18.442870185989314],[-52.87946179999991,-18.4477769859885],[-52.87895700000001,-18.455837085987056],[-52.87963010000001,-18.46122938598629],[-52.8809573,-18.465492685985566],[-52.8828776999999,-18.4671923859852],[-52.88598289999991,-18.468402985985108],[-52.8942668999999,-18.473204785984358],[-52.8990952,-18.47683268598366],[-52.9067843999999,-18.48551298598232],[-52.9092926,-18.48942348598161],[-52.9100572,-18.49174488598131],[-52.91301140000001,-18.504840185979102],[-52.9157605,-18.50890288597856],[-52.9197073999999,-18.51074208597829],[-52.9248522,-18.511874285977992],[-52.9302372999999,-18.513809985977762],[-52.9373515,-18.515186985977543],[-52.94251100000001,-18.51703068597725],[-52.9452871999999,-18.51974718597673],[-52.9548720999999,-18.533695485974608],[-52.9581813,-18.536379485974155],[-52.96088870694275,-18.539262253367095],[-52.9623513999999,-18.540819685973364],[-52.9649272,-18.550028885972047],[-52.9618455,-18.55383298597135],[-52.9577138999999,-18.557378385970782],[-52.953628,-18.562388285970087],[-52.9525134,-18.568073085969104],[-52.9518166999999,-18.576671585967755],[-52.9488215,-18.581540985967113],[-52.9415382,-18.585917485966355],[-52.937987500000006,-18.591533385965462],[-52.9344536,-18.59911218596439],[-52.9375156,-18.606662285963267],[-52.9406221,-18.611495385962478],[-52.9398710999999,-18.61326258596216],[-52.93670840000001,-18.614417285962045],[-52.926253,-18.61255578596224],[-52.9211258999999,-18.613400885962093],[-52.9176575,-18.615240885961803],[-52.9143222,-18.619819585961217],[-52.91398650000001,-18.627921285959996],[-52.9179599999999,-18.63467298595896],[-52.9182908999999,-18.637945785958493],[-52.9167596,-18.640294585958003],[-52.9127675,-18.641979785957755],[-52.9070677999999,-18.642697385957764],[-52.8929275,-18.64559378595733],[-52.88245763721224,-18.645327498513915],[-52.8771335,-18.645192085957387],[-52.8741677,-18.645705085957236],[-52.8734059999999,-18.645865885957186],[-52.872214,-18.646117685957172],[-52.8703308999999,-18.647076685957103],[-52.8683301,-18.648593285956895],[-52.8659762999999,-18.650845785956516],[-52.8640579,-18.65284748595622],[-52.8612744,-18.655412185955747],[-52.8595561,-18.65663318595559],[-52.8573140999999,-18.658171985955455],[-52.8548896,-18.658863385955318],[-52.8526064,-18.659521285955144],[-52.8507468,-18.660011885955175],[-52.8493933999999,-18.660714385955085],[-52.8485989,-18.661729085954793],[-52.848134,-18.662520785954804],[-52.8477574,-18.663652485954643],[-52.8473514,-18.665403085954246],[-52.84722190000001,-18.66646238595411],[-52.84646869999991,-18.666952985954147],[-52.8451388,-18.667042185954102],[-52.8438853,-18.666925085954162],[-52.8427083999999,-18.66667978595407],[-52.8418904,-18.666568285954117],[-52.8410489,-18.666440085954118],[-52.8403309999999,-18.66664078595417],[-52.8394542,-18.666780185954057],[-52.8387362999999,-18.666975285954024],[-52.838495,-18.666830385954153],[-52.8377182,-18.666579485954216],[-52.8362294,-18.66664078595417],[-52.835994,-18.667036585954115],[-52.8354055999999,-18.668224085953938],[-52.8348523999999,-18.66867568595378],[-52.8332341,-18.669266685953787],[-52.8324514999999,-18.66989658595373],[-52.8318512,-18.670526585953585],[-52.8309743999999,-18.67079418595344],[-52.8306979,-18.670688285953467],[-52.8300682,-18.67064368595359],[-52.8296798,-18.670888985953432],[-52.8292973,-18.670939085953425],[-52.82874420000001,-18.6713293859534],[-52.828061499999905,-18.67154678595335],[-52.8272729999999,-18.67154678595335],[-52.8267728,-18.67165268595342],[-52.8265433,-18.672137785953357],[-52.8260195999999,-18.67215448595338],[-52.8257077,-18.672148885953373],[-52.8254310999999,-18.67239978595323],[-52.82508390000001,-18.672154485953374],[-52.8244131,-18.671719585953443],[-52.8236893,-18.67160808595345],[-52.8229712999999,-18.67166948595344],[-52.8225593999999,-18.67201508595336],[-52.8220239,-18.672165585953373],[-52.8214824999999,-18.671970485953263],[-52.8213177,-18.672003985953395],[-52.8210294,-18.671736385953302],[-52.8207998999999,-18.671463185953346],[-52.82049979999991,-18.67167498595333],[-52.8204408999999,-18.671496585953467],[-52.8201172999999,-18.671195585953516],[-52.8192875,-18.67090008595347],[-52.8188815,-18.6711342859534],[-52.8183342,-18.67111748595352],[-52.8181635999999,-18.670660385953568],[-52.8178811,-18.6703927859535],[-52.8169925,-18.670337085953527],[-52.8160981,-18.670236685953668],[-52.815645,-18.66999138595367],[-52.8149976,-18.670091785953694],[-52.8146034,-18.669762785953655],[-52.8144209,-18.669288985953685],[-52.8139619,-18.66952308595366],[-52.8134382,-18.66944508595376],[-52.8129498,-18.669277785953756],[-52.8127615,-18.66902688595376],[-52.8125201999999,-18.668681285953788],[-52.811661,-18.668402485953937],[-52.8111079,-18.66797328595398],[-52.810060399999905,-18.667705585954046],[-52.8097427,-18.66723728595405],[-52.8091012,-18.667214985954004],[-52.8084951,-18.667599685954027],[-52.8084421999999,-18.668324485953896],[-52.80794780000001,-18.66878718595376],[-52.8072005,-18.669249885953807],[-52.8065766999999,-18.669272185953783],[-52.8061883,-18.669316785953683],[-52.805594,-18.669723785953604],[-52.8051996999999,-18.670136385953583],[-52.8052056,-18.670638085953563],[-52.8045701,-18.670894585953445],[-52.8039816,-18.670922385953475],[-52.8033106999999,-18.67127358595342],[-52.8026517,-18.67173078595343],[-52.8020455,-18.67165268595342],[-52.800786199999905,-18.671875685953324],[-52.800133,-18.672304985953225],[-52.799574,-18.672918185953257],[-52.7988736999999,-18.673854785953097],[-52.7978732999999,-18.674468085953016],[-52.7975144,-18.674111285953],[-52.79700830000001,-18.674150285953083],[-52.7965493,-18.67450148595303],[-52.7952840999999,-18.675070085952918],[-52.7948603999999,-18.675850585952738],[-52.7942307,-18.676040085952796],[-52.7932951,-18.676251985952753],[-52.7923946999999,-18.67693208595256],[-52.7917414999999,-18.677450585952467],[-52.7913766999999,-18.678247685952353],[-52.7908705999999,-18.678582185952273],[-52.7905527999999,-18.678944585952365],[-52.790241,-18.679056085952336],[-52.79001729999991,-18.679323685952212],[-52.7894436,-18.679404485952297],[-52.7889699,-18.679187085952307],[-52.7883108,-18.678860985952245],[-52.7879548,-18.679287385952296],[-52.7876017,-18.67931808595221],[-52.7872604,-18.67929578595235],[-52.7870574,-18.67963308595215],[-52.7866453999999,-18.679666485952165],[-52.7866395999999,-18.679819785952233],[-52.7860216999999,-18.6801152859522],[-52.7855627,-18.680460885952133],[-52.7853979,-18.68083158595208],[-52.7855744,-18.681216285952015],[-52.7852626,-18.68150888595185],[-52.7851125,-18.681277585951904],[-52.7851507999999,-18.68107408595193],[-52.7849183,-18.68094308595204],[-52.7842769,-18.680951485951955],[-52.7838179,-18.681104785952044],[-52.7835530999999,-18.681196685951935],[-52.7824585,-18.68097378595198],[-52.7807696,-18.68048878595214],[-52.7785158,-18.680276885952157],[-52.7763090999999,-18.680260185952182],[-52.7750262,-18.68014308595221],[-52.7737316,-18.680026085952193],[-52.7714366,-18.67994798595225],[-52.7697654,-18.67994798595225],[-52.7681176999999,-18.68013758595217],[-52.7665287999999,-18.680377285952154],[-52.7651870999999,-18.680622585952023],[-52.7641396,-18.68104068595205],[-52.76360410000001,-18.681174385952037],[-52.7630804,-18.68137508595199],[-52.7623212999999,-18.6820105859519],[-52.7613385999999,-18.6827074859517],[-52.760361700000004,-18.68380008595155],[-52.7597321,-18.684307285951466],[-52.7594142999999,-18.684563785951543],[-52.7587963999999,-18.684942785951392],[-52.7581549999999,-18.68551138595129],[-52.75746059999991,-18.686358785951164],[-52.7567485,-18.686904985951205],[-52.7562718999999,-18.687284085951013],[-52.75618527436698,-18.687335684961543],[-52.7557011,-18.687624085950986],[-52.7554127,-18.687930685951027],[-52.7550773,-18.688120285951015],[-52.7541711,-18.68822618595098],[-52.7537474,-18.68854388595096],[-52.7531883,-18.68916268595076],[-52.7528882,-18.68927418595073],[-52.7525469,-18.689591885950808],[-52.7520585,-18.68961978595068],[-52.7514523999999,-18.689965385950636],[-52.7508167999999,-18.690517185950547],[-52.7499635,-18.69110808595058],[-52.7489808,-18.691358985950547],[-52.748104,-18.692055685950418],[-52.747286,-18.69197208595035],[-52.7467210999999,-18.691994385950327],[-52.7465622,-18.692211785950306],[-52.7460149999999,-18.692406885950355],[-52.7454676999999,-18.69219508595028],[-52.744702699999905,-18.69203338595045],[-52.7438081999999,-18.691927485950462],[-52.7430079,-18.691810485950473],[-52.7417015,-18.69167108595047],[-52.740707,-18.691598585950487],[-52.7398183999999,-18.691604185950478],[-52.7385649999999,-18.691219585950538],[-52.7376293,-18.691102485950477],[-52.736882,-18.690762485950508],[-52.7358522,-18.69028868595057],[-52.7356402999999,-18.69008798595062],[-52.735352,-18.689675485950755],[-52.7348577,-18.68958068595081],[-52.7341398,-18.689697785950777],[-52.7336513,-18.689580685950805],[-52.7330628999999,-18.68938008595073],[-52.7325274,-18.689145885950886],[-52.7319271,-18.688928485950868],[-52.7318447,-18.688644285950893],[-52.7314152,-18.68856618595096],[-52.7310327,-18.688616385950805],[-52.73065600000001,-18.68857178595094],[-52.7304559999999,-18.688610785950814],[-52.7300617,-18.688783585950915],[-52.7296969,-18.688750185950923],[-52.7295027,-18.688889485950885],[-52.7292025,-18.688967585950873],[-52.7289554,-18.689279685950712],[-52.7279197,-18.68978138595078],[-52.7269252,-18.690188285950605],[-52.7261837,-18.690361185950575],[-52.7259601,-18.690595285950554],[-52.7257718,-18.69072348595049],[-52.7255011,-18.691035585950573],[-52.7249833,-18.691197285950466],[-52.7247067,-18.691526185950377],[-52.7242947999999,-18.691559585950383],[-52.7238652,-18.69151498595051],[-52.723423800000006,-18.691386785950527],[-52.7230825,-18.69159308595049],[-52.7228648,-18.691581885950512],[-52.7226234999999,-18.691687785950485],[-52.7220526999999,-18.691743585950356],[-52.7213523999999,-18.691899685950453],[-52.7207933999999,-18.691949785950445],[-52.7198223999999,-18.691503885950418],[-52.7195854,-18.691447085950436],[-52.7193339999999,-18.691386785950527],[-52.7191516,-18.691453685950506],[-52.7187632,-18.691537285950417],[-52.7178393,-18.691492685950493],[-52.7172861,-18.69113598595055],[-52.7166918,-18.69113598595055],[-52.7161033,-18.691409085950447],[-52.7154796,-18.691135985950545],[-52.7150382,-18.690834985950506],[-52.7144026999999,-18.690584085950665],[-52.7137083,-18.69062308595067],[-52.7132374999999,-18.69033328595068],[-52.7131138999999,-18.68987618595074],[-52.7128256,-18.69002668595072],[-52.7126079,-18.689870585950658],[-52.7120782,-18.690244085950695],[-52.7118252,-18.68994308595063],[-52.7114427,-18.689703385950654],[-52.7107424,-18.6895862859508],[-52.7105423,-18.689385585950813],[-52.7100363,-18.689642085950794],[-52.7098068,-18.689446985950788],[-52.7093948,-18.68936328595082],[-52.7087887,-18.689112485950847],[-52.708318,-18.689084585950784],[-52.7080177999999,-18.68886718595078],[-52.7078236,-18.688616385950805],[-52.7074881999999,-18.68863868595093],[-52.7072999,-18.688359985950868],[-52.7068586,-18.68823178595096],[-52.7060817999999,-18.687741185950944],[-52.7058345999999,-18.687239485951118],[-52.7055286,-18.687111285951172],[-52.7054520999999,-18.686854885951202],[-52.7048578,-18.686642985951092],[-52.7041575,-18.686330885951243],[-52.7033337,-18.685901585951353],[-52.7026451999999,-18.685801285951356],[-52.7018154,-18.685801285951353],[-52.7015153,-18.685745585951373],[-52.70093860000001,-18.68547798595128],[-52.7005149,-18.685215985951437],[-52.6999206,-18.685104485951456],[-52.6994792,-18.68520478595143],[-52.6990201999999,-18.6847867859514],[-52.6980081,-18.684034185951504],[-52.6975313999999,-18.683694085951647],[-52.6969958999999,-18.68361048595157],[-52.6970253,-18.683320685951692],[-52.6969018,-18.683136685951748],[-52.6962308999999,-18.682896985951746],[-52.6959661,-18.682712985951806],[-52.6955718,-18.682512285951738],[-52.69538940000001,-18.682300485951735],[-52.6948009,-18.68199388595189],[-52.69432951007918,-18.68180746099888],[-52.6941947999999,-18.68175418595181],[-52.6937298999999,-18.681341685952006],[-52.6935122,-18.681302685951895],[-52.6931003,-18.681453185951977],[-52.6924999999999,-18.681765385951906],[-52.6922352,-18.681664985951944],[-52.6915703,-18.681743085951826],[-52.6911525,-18.68183218595192],[-52.6905993,-18.681960485951816],[-52.6903404,-18.68171518595185],[-52.6899931999999,-18.681425285951896],[-52.689222300000004,-18.68099048595204],[-52.6885985,-18.680516585952134],[-52.6884279,-18.680249085952173],[-52.6883630999999,-18.679423985952187],[-52.6880277,-18.67916198595231],[-52.6876452,-18.67863798595243],[-52.6873098,-18.678342485952346],[-52.6868214,-18.678398285952436],[-52.6862563999999,-18.678169685952504],[-52.6857386,-18.678169685952504],[-52.6851088999999,-18.678342485952346],[-52.6848677,-18.678041485952384],[-52.6845969999999,-18.67798568595249],[-52.6842086,-18.677740385952433],[-52.6839438,-18.677612185952437],[-52.6837025,-18.677907685952405],[-52.6833670999999,-18.67792438595238],[-52.6828257,-18.678102785952497],[-52.6820018,-18.67829228595243],[-52.6814133999999,-18.67855438595233],[-52.680872,-18.679111785952248],[-52.680254100000006,-18.679563385952157],[-52.67953620000001,-18.67949088595227],[-52.6787712,-18.67957448595215],[-52.6780356,-18.679613485952242],[-52.6774235999999,-18.679680385952135],[-52.6769351999999,-18.679652585952162],[-52.6765586,-18.679903385952116],[-52.6763172999999,-18.679797485952147],[-52.6759701,-18.679546585952252],[-52.6755817,-18.67961908595226],[-52.67542280000001,-18.679546585952252],[-52.6749167,-18.679306885952297],[-52.67434,-18.679200985952342],[-52.6741635,-18.679373785952315],[-52.6738457,-18.679362685952295],[-52.6735396999999,-18.679451885952165],[-52.6729925,-18.679546585952252],[-52.6726394,-18.67951878595224],[-52.6724098999999,-18.67968598595215],[-52.6719803,-18.679992585952082],[-52.6715566,-18.680104085952088],[-52.6711152999999,-18.6801152859522],[-52.6706268,-18.680371685952128],[-52.6703737999999,-18.680622585952023],[-52.66989710000001,-18.680745185951995],[-52.6697324,-18.681023885952065],[-52.6693028,-18.681274785952013],[-52.6693557999999,-18.681559085951964],[-52.66904980000001,-18.681809885951942],[-52.6688085,-18.681653885951977],[-52.6686673,-18.68167618595194],[-52.66862020000001,-18.681971585951832],[-52.6681023,-18.682384085951828],[-52.6676138999999,-18.682668385951818],[-52.6670842999999,-18.682818885951786],[-52.66669,-18.682707485951696],[-52.6665546999999,-18.683064185951668],[-52.66636640000001,-18.683036385951667],[-52.6656836999999,-18.683053085951656],[-52.6654601,-18.683264885951623],[-52.6652247,-18.683136685951744],[-52.6646891999999,-18.683203585951738],[-52.6645774,-18.68345998595167],[-52.6640949,-18.683621685951547],[-52.6639713,-18.68338198595162],[-52.6635004999999,-18.683493485951583],[-52.663335800000006,-18.68380008595155],[-52.6628885,-18.68380558595163],[-52.6624413,-18.683833485951546],[-52.6620940999999,-18.683476685951696],[-52.6615998,-18.683538085951696],[-52.6612526,-18.68395618595161],[-52.6610760999999,-18.684167985951504],[-52.6605405999999,-18.68404528595161],[-52.6599520999999,-18.68422928595161],[-52.6595695999999,-18.68428498595147],[-52.659334199999904,-18.684128985951496],[-52.65914,-18.68417908595146],[-52.6588576,-18.683983985951627],[-52.6586222,-18.684179085951463],[-52.6583103,-18.684234885951554],[-52.6580043,-18.684195885951556],[-52.6575041,-18.684340785951534],[-52.656974499999905,-18.684541485951527],[-52.6565802,-18.68465848595151],[-52.656539,-18.68448568595154],[-52.65629190000001,-18.684502485951526],[-52.6557974999999,-18.684625085951424],[-52.655315,-18.684558185951527],[-52.6544734999999,-18.685004185951488],[-52.6537144,-18.68526618595134],[-52.6531495,-18.685500285951267],[-52.6527905,-18.685773385951354],[-52.6523903,-18.685745585951377],[-52.6518019,-18.685801285951353],[-52.6511839999999,-18.685817985951235],[-52.650113,-18.68588488595134],[-52.6493068,-18.68624168595125],[-52.6490479,-18.68602988595124],[-52.648583,-18.68596298595134],[-52.6481474999999,-18.686325285951284],[-52.6478473999999,-18.686191485951177],[-52.6472176999999,-18.68644788595121],[-52.6469059,-18.68688828595119],[-52.6466409999999,-18.687033285951074],[-52.6468116999999,-18.687423485951133],[-52.6467469999999,-18.68777468595103],[-52.6462703,-18.687624085950983],[-52.6461525999999,-18.68778578595104],[-52.6457877999999,-18.68814258595091],[-52.6454112,-18.688181585950993],[-52.6448579999999,-18.688148085950978],[-52.6447520999999,-18.68795298595093],[-52.6445697,-18.687696585951063],[-52.6442989999999,-18.687685485950986],[-52.64373399999991,-18.687685485950986],[-52.6433574,-18.687573985951012],[-52.6430867,-18.68777468595103],[-52.6427336,-18.68779698595094],[-52.6426865999999,-18.68808678595103],[-52.6423569999999,-18.688387785950898],[-52.641851,-18.68866658595093],[-52.6414508,-18.689446985950788],[-52.6409682999999,-18.6901715859506],[-52.6404504,-18.690528385950557],[-52.6397795999999,-18.690193885950595],[-52.6392734999999,-18.690595285950558],[-52.6382849,-18.69066218595064],[-52.6367430999999,-18.69106348595043],[-52.6353660999999,-18.691303185950428],[-52.6346599,-18.69154288595042],[-52.6344893,-18.692234085950407],[-52.6348422999999,-18.692880685950204],[-52.6346834999999,-18.69327088595022],[-52.6341656,-18.694118185950035],[-52.6338360999999,-18.69465328595004],[-52.6332123,-18.6948985859499],[-52.6329886999999,-18.69505468594998],[-52.63272390000001,-18.695411385949924],[-52.6324119999999,-18.6955897859498],[-52.6318118,-18.695389085949856],[-52.6314646,-18.695004485949998],[-52.630423,-18.694452585950085],[-52.6298757,-18.693900785950095],[-52.6293343,-18.69337128595021],[-52.6285222,-18.69301448595016],[-52.6281926999999,-18.692869585950213],[-52.6282927,-18.69267448595031],[-52.62871640000001,-18.692523985950285],[-52.6290989,-18.692256385950387],[-52.6288106,-18.692105885950287],[-52.628510499999905,-18.69197208595035],[-52.6286340999999,-18.69162648595035],[-52.6285516999999,-18.691375685950543],[-52.6282750999999,-18.69161538595041],[-52.6280985,-18.691877385950455],[-52.6279514,-18.691654385950358],[-52.6277749,-18.691292085950447],[-52.6275866,-18.691113685950555],[-52.6270746,-18.69086838595052],[-52.6265627,-18.690650985950523],[-52.6261919,-18.690539485950556],[-52.6257093999999,-18.69029428595058],[-52.6251386,-18.690160485950614],[-52.624797300000004,-18.690327685950685],[-52.6245501,-18.690205085950673],[-52.6243087999999,-18.690177185950592],[-52.623997,-18.69038898595067],[-52.6238203999999,-18.69007688595073],[-52.6236615,-18.689775785950665],[-52.6232613999999,-18.689558385950825],[-52.6230436,-18.689341085950858],[-52.6225434999999,-18.68894528595076],[-52.6219902999999,-18.688599685950855],[-52.6215842999999,-18.688499285950872],[-52.6212371,-18.688432385950954],[-52.6209428,-18.688432385950954],[-52.62083100000001,-18.688683285950912],[-52.6205485999999,-18.6887947859509],[-52.62003659999991,-18.689062285950737],[-52.6197953,-18.68903998595089],[-52.6194717,-18.689173785950718],[-52.6192775,-18.68891738595088],[-52.61894790000001,-18.688878385950915],[-52.6184830999999,-18.68892298595079],[-52.6179122,-18.68905678595079],[-52.6176179999999,-18.68919048595076],[-52.6174296999999,-18.689407885950708],[-52.6171355,-18.689402385950675],[-52.6169118999999,-18.689145885950886],[-52.6165351999999,-18.688872785950892],[-52.6161997999999,-18.689056785950786],[-52.6162528,-18.689285285950763],[-52.616188,-18.68950828595069],[-52.6158055,-18.689430185950695],[-52.6155995999999,-18.68910138595086],[-52.6151877,-18.68914588595089],[-52.6148934,-18.689391185950686],[-52.6144108999999,-18.68945248595082],[-52.6139931,-18.689541685950715],[-52.6140048,-18.68970898595064],[-52.6138223999999,-18.68983158595064],[-52.613598800000005,-18.689697785950777],[-52.6133457999999,-18.689524985950687],[-52.6129632999999,-18.6894636859508],[-52.6128338,-18.689357785950826],[-52.6124748,-18.689357785950826],[-52.6121687999999,-18.689569585950785],[-52.6120276,-18.68929648595087],[-52.611957,-18.689023285950853],[-52.6116157,-18.689062285950737],[-52.6113273,-18.688844885950807],[-52.6110212999999,-18.68857738595082],[-52.6105623,-18.68866658595093],[-52.6102562999999,-18.6885494859509],[-52.6098502999999,-18.68857178595094],[-52.60956780000001,-18.688805885950938],[-52.6087381,-18.68911808595084],[-52.6081437,-18.688856085950896],[-52.6081202,-18.688432385950954],[-52.6075906,-18.688515985950854],[-52.6066608,-18.688769685950906],[-52.6063166,-18.68855788595094],[-52.605937,-18.68837948595087],[-52.6053956,-18.688401785950948],[-52.6051014,-18.68848538595086],[-52.604874799999905,-18.68835158595098],[-52.6048630999999,-18.688134185950968],[-52.60461,-18.688089585950998],[-52.6040156999999,-18.68820668595099],[-52.6039274,-18.688496485950854],[-52.6036096,-18.688864385950794],[-52.6031624,-18.689137585950863],[-52.602568,-18.688981485950855],[-52.6015558999999,-18.688948085950766],[-52.6011498,-18.688964785950862],[-52.60081561567673,-18.688990166151275],[-52.6001965,-18.68903718595088],[-52.5995197999999,-18.689065085950745],[-52.598896,-18.689499885950745],[-52.5983605,-18.68992358595065],[-52.5975955,-18.689739585950672],[-52.5969482,-18.689594685950706],[-52.5964892,-18.689471985950792],[-52.59635969999991,-18.689243485950854],[-52.5959948999999,-18.68924908595074],[-52.5953416999999,-18.689081785950783],[-52.5948061999999,-18.68886438595079],[-52.5938588,-18.688713885950925],[-52.5931879,-18.68902608595088],[-52.5924406,-18.68902048595088],[-52.5914225,-18.688691585950913],[-52.5905104,-18.688028285950914],[-52.5900690999999,-18.68771048595107],[-52.5895217999999,-18.687760685951044],[-52.5886920999999,-18.68793348595093],[-52.5885332,-18.687693785951055],[-52.588650899999905,-18.687236685951124],[-52.5887215,-18.686835385951106],[-52.5886214,-18.68632248595128],[-52.5883330999999,-18.68618318595127],[-52.5880741999999,-18.68641168595125],[-52.5879093999999,-18.686261185951178],[-52.5880976999999,-18.685937885951216],[-52.5879740999999,-18.68565918595136],[-52.5876564,-18.68532468595142],[-52.5875475,-18.685029185951457],[-52.5873238999999,-18.684806285951378],[-52.5869973,-18.684530285951443],[-52.5868884,-18.68418748595159],[-52.5864764999999,-18.683931085951535],[-52.5863146999999,-18.68371638595167],[-52.5863294,-18.683540785951546],[-52.5861823,-18.683150585951736],[-52.5860380999999,-18.682799385951792],[-52.5863411,-18.682149985951867],[-52.5864736,-18.6819631859518],[-52.5864412,-18.68168448595195],[-52.5862587999999,-18.681316585951922],[-52.5860115999999,-18.680901285952093],[-52.5857291,-18.68084828595209],[-52.585429,-18.680803685952082],[-52.5851407,-18.68063648595204],[-52.58505413974583,-18.68014467078261],[-52.5850523999999,-18.680134785952184],[-52.5847464,-18.679889485952103],[-52.5842461999999,-18.679538285952194],[-52.584104293045385,-18.679611607468857],[-52.5839225999999,-18.67970548595227],[-52.5836753999999,-18.67939888595225],[-52.5833105999999,-18.679493685952284],[-52.5827985999999,-18.67934318595222],[-52.5826279,-18.678869285952366],[-52.582116,-18.67908118595224],[-52.58181,-18.67888048595226],[-52.5812979999999,-18.678456785952303],[-52.5808448999999,-18.678150185952397],[-52.5802740999999,-18.677843585952495],[-52.5798268999999,-18.677587085952553],[-52.5790972,-18.677208085952646],[-52.5785087,-18.676773185952666],[-52.57820629566399,-18.676301593308413],[-52.5781262,-18.676176685952655],[-52.57780840000001,-18.675680585952836],[-52.5774789,-18.675334885952786],[-52.5773081999999,-18.675184385952903],[-52.576961,-18.675184385952903],[-52.5765138,-18.67488898595298],[-52.576190100000005,-18.674437385952913],[-52.5757781999999,-18.674336985953026],[-52.5751898,-18.674336985953023],[-52.575025,-18.674158685953063],[-52.57510150000001,-18.673701485953053],[-52.5748014,-18.67334468595319],[-52.5744129999999,-18.67338928595306],[-52.5741657999999,-18.673679185953162],[-52.573595,-18.673523085953146],[-52.5732596,-18.67306598595313],[-52.5729183,-18.672597685953182],[-52.5725710999999,-18.672090385953286],[-52.5723239,-18.671532885953386],[-52.5718591,-18.670908485953415],[-52.5716825,-18.6705906859535],[-52.5716413,-18.67020598595365],[-52.5711764,-18.66974888595361],[-52.57098810000001,-18.669442285953764],[-52.570435,-18.669012985953742],[-52.57023489999991,-18.668566985953817],[-52.5697994,-18.667992785953988],[-52.5691520999999,-18.667485385954034],[-52.5687814,-18.66718998595398],[-52.5682399999999,-18.666621285954182],[-52.5677516,-18.666041485954185],[-52.5672926,-18.665478385954263],[-52.5666335,-18.664820485954486],[-52.5662333,-18.664575185954394],[-52.5655154,-18.664725785954367],[-52.56526830000001,-18.66453618595441],[-52.5646915999999,-18.664619785954464],[-52.5646563,-18.664865085954364],[-52.5640266,-18.664909685954466],[-52.5631969,-18.66483168595446],[-52.5627084,-18.664608685954484],[-52.56227890000001,-18.66451388595449],[-52.56167859999991,-18.664318785954432],[-52.5612432,-18.66387278595461],[-52.5611666999999,-18.663488085954544],[-52.5606488,-18.66303088595475],[-52.5602603999999,-18.66264618595467],[-52.5602074999999,-18.662222485954757],[-52.5600249999999,-18.66194368595478],[-52.559731932577975,-18.661699165723743],[-52.5596308,-18.66161478595483],[-52.5591188,-18.66148658595483],[-52.5587128,-18.661308185955],[-52.5583538,-18.661151985955023],[-52.5579653999999,-18.661291385955003],[-52.5573593,-18.661441985954948],[-52.5569002999999,-18.66121338595497],[-52.5567238,-18.661135285955016],[-52.5562118,-18.661453085954946],[-52.5557939999999,-18.661375085954898],[-52.5552054999999,-18.661124185954982],[-52.5549172,-18.66087888595493],[-52.5545347,-18.66066698595495],[-52.5544404999999,-18.660298985955166],[-52.55417570000001,-18.659657885955227],[-52.5538931999999,-18.659345685955277],[-52.5535402,-18.65887168595537],[-52.5531989,-18.65846468595539],[-52.5531518,-18.658297485955305],[-52.5526987,-18.658007585955474],[-52.5526045,-18.65765068595552],[-52.5524043999999,-18.657082085955604],[-52.5520867,-18.65704858595552],[-52.5515364,-18.65714618595551],[-52.551251,-18.65726598595547],[-52.5511509999999,-18.657355185955478],[-52.5506154999999,-18.657553185955422],[-52.5497711,-18.657316185955573],[-52.5495739,-18.657129385955606],[-52.549315,-18.657143385955507],[-52.5490677999999,-18.65722978595559],[-52.5486205999999,-18.657146185955515],[-52.548191,-18.65708478595559],[-52.5477731999999,-18.657098785955593],[-52.5475436999999,-18.656953785955547],[-52.5470258999999,-18.65677538595564],[-52.5464904,-18.6565969859557],[-52.5460431,-18.656647185955674],[-52.5453752,-18.65683388595565],[-52.5448809,-18.656694585955666],[-52.5444631,-18.65676148595566],[-52.5440040999999,-18.657162885955483],[-52.5434804,-18.65758658595543],[-52.5435039,-18.657965785955373],[-52.5432921,-18.658180385955355],[-52.5428007,-18.658185985955384],[-52.5422593,-18.65821108595544],[-52.5418443999999,-18.658406185955325],[-52.5416238,-18.658907985955235],[-52.5415295999999,-18.658946985955303],[-52.54145900000001,-18.658919085955237],[-52.540947,-18.658958185955356],[-52.5405057,-18.65916998595531],[-52.5401644,-18.659292685955265],[-52.5401173,-18.659627185955113],[-52.5398643,-18.65974988595523],[-52.5397348,-18.659510085955247],[-52.5394052999999,-18.659242485955193],[-52.5386402999999,-18.65888008595536],[-52.5382048,-18.658751885955365],[-52.53795180000001,-18.658891285955242],[-52.5377339999999,-18.6585901859553],[-52.5373221,-18.658250085955462],[-52.5366865999999,-18.658333685955398],[-52.5360686999999,-18.658328085955326],[-52.5353802,-18.658177585955322],[-52.534468100000005,-18.658355985955396],[-52.5342386,-18.65821108595544],[-52.53390899999991,-18.658333685955398],[-52.5334971,-18.65813298595548],[-52.533244,-18.658255685955293],[-52.5328969,-18.65813858595543],[-52.5328969,-18.65787648595539],[-52.5326615,-18.657553185955422],[-52.5321142,-18.657514085955555],[-52.5315492999999,-18.657480685955544],[-52.5310843999999,-18.657854185955486],[-52.5307902,-18.65819428595531],[-52.53039,-18.658199885955334],[-52.5297720999999,-18.658768585955347],[-52.5295955999999,-18.65929828595518],[-52.5293071999999,-18.66002858595517],[-52.5289012,-18.66054708595508],[-52.5286187,-18.66102098595493],[-52.5283421,-18.66118268595489],[-52.5279302,-18.661522785954833],[-52.5274947999999,-18.661756985954906],[-52.5269709999999,-18.66182388595481],[-52.5266473999999,-18.661979985954883],[-52.5263237,-18.66221968595485],[-52.5260941999999,-18.66240928595481],[-52.5259177,-18.662648985954668],[-52.525287999999904,-18.662693585954752],[-52.52488790000001,-18.66261548595476],[-52.5245229999999,-18.66272148595476],[-52.5245229999999,-18.66305038595473],[-52.5243053,-18.663094985954604],[-52.5241935,-18.663234385954713],[-52.5243288,-18.6633291859547],[-52.5242347,-18.663479685954645],[-52.5239875,-18.663568885954618],[-52.5236520999999,-18.663585585954607],[-52.5233224999999,-18.663942385954492],[-52.5229754,-18.664154285954563],[-52.5227047,-18.66439398595453],[-52.52240449999991,-18.664628185954474],[-52.5221455999999,-18.6645723859544],[-52.52185730000001,-18.66476198595439],[-52.5217512999999,-18.665001685954334],[-52.5218396,-18.665168985954327],[-52.521822,-18.665503485954282],[-52.5219514,-18.66563168595424],[-52.5220985,-18.665860285954288],[-52.5218985,-18.666311885954258],[-52.5216631,-18.66662968595408],[-52.5217218999999,-18.666847085954043],[-52.5215042,-18.667075685954003],[-52.5212688,-18.667287485953995],[-52.521463,-18.667504885953946],[-52.5218101999999,-18.66758298595402],[-52.5217807999999,-18.667828285953924],[-52.5213982999999,-18.667934185953914],[-52.5212511999999,-18.668129385953854],[-52.5213747,-18.66827428595392],[-52.5212453,-18.668513985953897],[-52.5212629,-18.668731485953842],[-52.5208981,-18.668982285953827],[-52.5207156,-18.669188585953705],[-52.5208097999999,-18.669439485953735],[-52.520709800000006,-18.669801885953696],[-52.5204803,-18.669846485953585],[-52.5200859999999,-18.669996985953663],[-52.5197153,-18.670192085953637],[-52.5193209999999,-18.670052685953568],[-52.5188148999999,-18.669740485953625],[-52.5185266,-18.66960668595377],[-52.518226399999904,-18.669785085953738],[-52.5180381,-18.67009728595368],[-52.5178734,-18.670348185953635],[-52.5175321,-18.67037608595353],[-52.5171437,-18.67021438595366],[-52.5168965,-18.67044858595351],[-52.5166905999999,-18.670348185953635],[-52.5165258,-18.67024788595354],[-52.5164316,-18.669996985953663],[-52.5164081,-18.669606685953767],[-52.51592559999991,-18.669534285953763],[-52.5156489999999,-18.669327985953764],[-52.5151605999999,-18.669065985953704],[-52.5148722,-18.669227585953664],[-52.51486040000001,-18.669461785953764],[-52.5146192,-18.669768385953724],[-52.5144190999999,-18.66962348595363],[-52.5140365999999,-18.66971268595362],[-52.5140307,-18.66994118595367],[-52.51371879999991,-18.669891085953676],[-52.513201,-18.669891085953672],[-52.5129597,-18.670091785953694],[-52.5125947999999,-18.670119585953636],[-52.5120358,-18.670002585953696],[-52.5118828,-18.670192085953634],[-52.5116121,-18.670565585953597],[-52.5112649,-18.67111198595341],[-52.510953,-18.671468785953483],[-52.5110294999999,-18.671585785953354],[-52.5113532,-18.671557985953356],[-52.5113767,-18.67164158595335],[-52.5109471,-18.672171185953356],[-52.5106235,-18.67258928595329],[-52.5106294,-18.67299068595327],[-52.5105176,-18.673063185953144],[-52.51020570000001,-18.672912685953182],[-52.5100409,-18.673001885953237],[-52.5102350999999,-18.673537085953164],[-52.5102998,-18.673665285953142],[-52.51029399999991,-18.67400528595311],[-52.5101821,-18.674295185953046],[-52.50985850000001,-18.67416138595296],[-52.5097996,-18.67395518595307],[-52.5094877999999,-18.673603985953157],[-52.5092582999999,-18.674005285953115],[-52.5090934999999,-18.673960685953087],[-52.5086757,-18.67384918595301],[-52.5082990999999,-18.67394398595301],[-52.508252,-18.673832485953007],[-52.5080401,-18.67383248595301],[-52.5074164,-18.674144685952992],[-52.5070985999999,-18.673960685953087],[-52.5068514,-18.673665285953142],[-52.5067749,-18.67348128595305],[-52.50628649999991,-18.673224885953207],[-52.506098199999904,-18.67336418595316],[-52.5056744999999,-18.673224885953204],[-52.5051508,-18.673079885953115],[-52.505056599999904,-18.673358685953115],[-52.5046505999999,-18.67352588595316],[-52.5044887999999,-18.673732185953124],[-52.504424,-18.674016485953015],[-52.5042534,-18.674189285953062],[-52.5036061,-18.674122385952963],[-52.5033471,-18.674395585953064],[-52.5030116999999,-18.674902885952868],[-52.5021996,-18.675265285952904],[-52.5022054999999,-18.675421285952876],[-52.5021937,-18.67580598595283],[-52.5017053,-18.67602338595279],[-52.5010501,-18.675976785952717],[-52.5009226999999,-18.6759676859527],[-52.5001224,-18.6760400859528],[-52.4996163,-18.675956485952668],[-52.4993631999999,-18.676201785952674],[-52.4990630999999,-18.67626868595276],[-52.498663,-18.676552985952682],[-52.4982628,-18.67695998595263],[-52.4977097,-18.67708258595252],[-52.4977802999999,-18.677238685952577],[-52.4977390999999,-18.677478385952455],[-52.4973388999999,-18.67745058595247],[-52.496826999999904,-18.677065885952505],[-52.4964739,-18.676525185952723],[-52.496220799999904,-18.676263085952733],[-52.4957324,-18.67606238595279],[-52.495603,-18.676508385952626],[-52.4956677,-18.67716068595249],[-52.4954145999999,-18.67776268595251],[-52.4949908999999,-18.677963385952495],[-52.4942495,-18.678113985952375],[-52.4936668999999,-18.678219885952377],[-52.4933844,-18.67879408595228],[-52.493102,-18.678805185952292],[-52.4930608,-18.678414985952443],[-52.492831300000006,-18.67809718595251],[-52.4924369999999,-18.67782958595243],[-52.4918132,-18.67781848595239],[-52.4914012999999,-18.678242185952357],[-52.4906599,-18.678643585952265],[-52.4900714,-18.67920098595234],[-52.4896947999999,-18.67957448595215],[-52.4888885999999,-18.679312485952313],[-52.4884708,-18.679596785952246],[-52.4882059999999,-18.68014308595221],[-52.4878646999999,-18.680165385952186],[-52.4876469,-18.680288085952064],[-52.4868996,-18.680527785952],[-52.4861875,-18.680561185952023],[-52.4855578999999,-18.68049428595212],[-52.4848694,-18.680310385952026],[-52.4840632,-18.68004278595222],[-52.484110299999905,-18.68043298595204],[-52.4837631,-18.680304785952075],[-52.4833510999999,-18.680120785952084],[-52.4828803999999,-18.680655985952008],[-52.4823919,-18.681174385952033],[-52.4822684,-18.68163708595186],[-52.4817328999999,-18.681910285951925],[-52.4814797999999,-18.681648285951866],[-52.4809443,-18.68166498595194],[-52.480397,-18.682216885951885],[-52.4801499,-18.68205518595191],[-52.4793319,-18.68240088595172],[-52.4793966999999,-18.682618285951705],[-52.4791436,-18.683426585951707],[-52.4786963999999,-18.68363278595157],[-52.4782491999999,-18.68355478595166],[-52.47793139999991,-18.68399518595164],[-52.4776666,-18.683749885951656],[-52.4772488,-18.68399518595164],[-52.4769780999999,-18.68431848595159],[-52.4762777999999,-18.684390985951485],[-52.476166,-18.684591585951523],[-52.4759658999999,-18.68500418595148],[-52.4749479,-18.685450085951366],[-52.4749479,-18.685801285951353],[-52.4741711,-18.686185885951197],[-52.4735826,-18.686141285951283],[-52.4726292999999,-18.68561178595127],[-52.4724881,-18.686035385951318],[-52.4717231,-18.686079985951217],[-52.4716584,-18.686375485951167],[-52.4712582,-18.686765685951197],[-52.47045200000001,-18.686910585951175],[-52.4696635,-18.686693185951214],[-52.4696810999999,-18.68636988595118],[-52.4690985,-18.68644238595125],[-52.4687395999999,-18.686314185951268],[-52.4680628,-18.68657618595114],[-52.4674803,-18.686197085951292],[-52.4670801,-18.686269585951184],[-52.4670447999999,-18.68662628595111],[-52.4663739,-18.68690498595121],[-52.4660856,-18.68649248595113],[-52.4653971,-18.686509285951264],[-52.4647027,-18.686525985951263],[-52.4637847,-18.686403285951155],[-52.4633138999999,-18.686721085951127],[-52.4632669,-18.687389985950986],[-52.4624664999999,-18.687735585950943],[-52.4617838999999,-18.687813685950967],[-52.4611659999999,-18.688019885951036],[-52.4609364999999,-18.687769085951082],[-52.4604128,-18.687964185951014],[-52.45985970000001,-18.688242885951006],[-52.4586062,-18.68831538595097],[-52.4583413999999,-18.68860518595083],[-52.4577705999999,-18.688644285950893],[-52.4574527999999,-18.688928485950868],[-52.4570232999999,-18.68869438595089],[-52.4556168,-18.688181585950993],[-52.4553285,-18.688415685950943],[-52.4546106,-18.688254085950888],[-52.454622300000004,-18.68843798595094],[-52.454128,-18.68840458595093],[-52.4540339,-18.68915708595077],[-52.4530157999999,-18.689575185950766],[-52.4530511,-18.689881785950764],[-52.4526921999999,-18.69015488595069],[-52.4528215999999,-18.69060078595062],[-52.452445,-18.690773685950635],[-52.4515858,-18.69029428595058],[-52.4513446,-18.690517185950547],[-52.4512328,-18.69092968595059],[-52.4507032,-18.691593085950494],[-52.4503794999999,-18.691721285950358],[-52.4500616999999,-18.6913087859504],[-52.4493438,-18.69129208595045],[-52.44802954437882,-18.691964467979652],[-52.4480255999999,-18.691966485950452],[-52.4481316,-18.69324858595015],[-52.4477254999999,-18.693532885950187],[-52.4474135999999,-18.694106985950143],[-52.447190000000006,-18.69433558594999],[-52.4470547,-18.694814985949925],[-52.4473783,-18.694943185949985],[-52.4472901,-18.695740285949864],[-52.4464427,-18.696409185949687],[-52.4462248999999,-18.696905285949715],[-52.4445302,-18.69753508594961],[-52.4440417,-18.69779148594951],[-52.44430650000001,-18.698354485949395],[-52.4439710999999,-18.69950278594921],[-52.4445183999999,-18.699775885949293],[-52.4441712,-18.70061758594907],[-52.4438651999999,-18.70094638594912],[-52.443877,-18.70191068594887],[-52.4429766,-18.702189385948945],[-52.4427648,-18.702702185948826],[-52.4426883,-18.703036685948703],[-52.4418408999999,-18.703337585948663],[-52.4413172,-18.702936285948855],[-52.440828699999905,-18.702891685948877],[-52.4410111999999,-18.703460285948722],[-52.440458,-18.704234985948663],[-52.4394753,-18.7043687859485],[-52.4398166,-18.70505998594842],[-52.4394516999999,-18.705098985948517],[-52.4388926999999,-18.704948485948435],[-52.4384454,-18.705544885948353],[-52.4383278,-18.706737685948266],[-52.4389103,-18.707044185948117],[-52.4381923999999,-18.707517985948048],[-52.4381041,-18.70815898594807],[-52.4385336999999,-18.708939285947835],[-52.4388102999999,-18.709948085947797],[-52.4381099999999,-18.71105168594754],[-52.43823950000001,-18.712433985947467],[-52.4370742999999,-18.7129578859473],[-52.4363092999999,-18.7141840859472],[-52.4348264,-18.71488628594698],[-52.4342379,-18.715465985946896],[-52.4340142999999,-18.716413485946777],[-52.4342144,-18.716502585946866],[-52.4343843,-18.71712538594665],[-52.4345519999999,-18.71734638594665],[-52.434647,-18.717853085946665],[-52.4344887,-18.718423185946577],[-52.4340136,-18.719183185946463],[-52.4335386,-18.719594885946297],[-52.4331268999999,-18.72016488594622],[-52.4327785999999,-18.72079828594621],[-52.4324619,-18.720988285946127],[-52.4319869,-18.721716685946006],[-52.4309734999999,-18.722476685946024],[-52.4308468,-18.72342678594584],[-52.43094180000001,-18.72374338594572],[-52.4305935,-18.724123485945753],[-52.4304351,-18.724788485945542],[-52.4301184,-18.72520018594562],[-52.4297066999999,-18.72532688594556],[-52.4296434,-18.725580185945514],[-52.4296434,-18.725865185945413],[-52.4292316999999,-18.726023585945484],[-52.4287567,-18.726593585945306],[-52.42806,-18.727670285945162],[-52.4275532999999,-18.727828685945184],[-52.42726229999991,-18.728006585945202],[-52.427021,-18.727855785945092],[-52.4266891999999,-18.727946285945087],[-52.426644,-18.728217685945147],[-52.4263875999999,-18.728338385945044],[-52.4261764999999,-18.72823278594508],[-52.4259804,-18.728504285944993],[-52.4260558,-18.728745485944987],[-52.4262065999999,-18.728881285945082],[-52.4261463,-18.729167785945002],[-52.4259049999999,-18.72963528594483],[-52.42589,-18.729966985944806],[-52.4258598,-18.73029878594487],[-52.4257995,-18.730720985944803],[-52.425709,-18.730856785944813],[-52.4254677,-18.730841685944682],[-52.4252112999999,-18.730841685944682],[-52.4250455,-18.73108298594473],[-52.4250455,-18.731294085944704],[-52.42489470000001,-18.73141468594471],[-52.4246684999999,-18.731173385944608],[-52.4244874999999,-18.7311583859447],[-52.4244423,-18.73142978594459],[-52.4241407,-18.73188218594465],[-52.4244724,-18.731912385944526],[-52.424638300000005,-18.731867085944515],[-52.4246080999999,-18.732213985944483],[-52.4243518,-18.73240998594455],[-52.4243216,-18.73278698594447],[-52.4243518,-18.732983085944465],[-52.4240803,-18.733013185944436],[-52.4237184,-18.733344985944317],[-52.4233866,-18.733540985944277],[-52.4225572,-18.73358628594437],[-52.4222255,-18.733601385944286],[-52.4220746999999,-18.733812485944263],[-52.421954,-18.734159285944195],[-52.4217278,-18.734189485944267],[-52.421456400000004,-18.73427998594428],[-52.4206872999999,-18.734868085944164],[-52.4201595,-18.735094285944164],[-52.4197976,-18.735003785944215],[-52.41926979999991,-18.73527528594413],[-52.4183499,-18.735109385944053],[-52.41813870000001,-18.735109385944053],[-52.4180332,-18.735727685944],[-52.41744510000001,-18.736059385943953],[-52.4170228,-18.736300685943963],[-52.4167664999999,-18.73646658594399],[-52.4165704,-18.736828485943803],[-52.4163593,-18.736888785943894],[-52.4161331,-18.736602285943935],[-52.4158315,-18.736707885943844],[-52.4156204,-18.736632485943847],[-52.415545,-18.73660228594394],[-52.4154091999999,-18.736873785943892],[-52.4154091999999,-18.73722058594374],[-52.4149719,-18.737733285943687],[-52.4145497,-18.73804998594361],[-52.4142932999999,-18.737929385943687],[-52.4141877,-18.738140485943664],[-52.4141877,-18.73833648594362],[-52.4139465,-18.738411885943673],[-52.4138409,-18.73856268594355],[-52.4136900999999,-18.738698485943555],[-52.4133884999999,-18.738819085943533],[-52.41341870000001,-18.739165885943486],[-52.4130868999999,-18.7392412859435],[-52.4132074999999,-18.73945248594355],[-52.4132528,-18.739618285943536],[-52.4129963999999,-18.739723885943405],[-52.4125591,-18.739633385943428],[-52.4123931999999,-18.7397540859435],[-52.4124686,-18.739965185943458],[-52.412378100000005,-18.740191385943437],[-52.4123178,-18.740508085943283],[-52.412363,-18.740900185943225],[-52.4120915999999,-18.741156485943193],[-52.4117899999999,-18.742000985943164],[-52.4117448,-18.742589085943063],[-52.4118202,-18.742981185943034],[-52.4119408,-18.743162185943],[-52.4120162,-18.743584385942967],[-52.4118956,-18.743976485942877],[-52.4113527,-18.74470038594273],[-52.4112358,-18.745466285942687],[-52.4112168999999,-18.745590085942652],[-52.410689100000006,-18.74675128594252],[-52.4101764,-18.74738458594244],[-52.4100407,-18.74762588594226],[-52.4101613,-18.748002885942324],[-52.4106136999999,-18.748500585942153],[-52.4108399,-18.7488775859422],[-52.4108399,-18.749239485942034],[-52.4105685,-18.74976728594208],[-52.4105987,-18.75015938594203],[-52.410689100000006,-18.75053638594182],[-52.4106288,-18.751169785941865],[-52.4105685,-18.751803085941813],[-52.4105987,-18.75273808594153],[-52.4103120999999,-18.753567485941534],[-52.4100256,-18.754215885941424],[-52.4096939,-18.754864385941357],[-52.40877950000001,-18.755661785941154],[-52.4082736999999,-18.75649788594101],[-52.4075457,-18.757154485941026],[-52.4064663999999,-18.75753818594087],[-52.405111,-18.757915085940816],[-52.4024191999999,-18.758231785940858],[-52.4008353999999,-18.75867208594077],[-52.399706200000004,-18.76026978594046],[-52.3994666999999,-18.760964185940367],[-52.3985417,-18.763647385940107],[-52.3955288,-18.769219185939313],[-52.383830100000004,-18.778980585937916],[-52.379193,-18.781699385937543],[-52.3765273,-18.7868387859367],[-52.3759918,-18.787329085936765],[-52.3752208999999,-18.78833608593659],[-52.3750443,-18.788592285936495],[-52.3748619,-18.78889318593649],[-52.3748383999999,-18.789366685936468],[-52.374656,-18.789684285936406],[-52.3746972,-18.789979485936385],[-52.3751149999999,-18.790361085936233],[-52.3751267,-18.790561685936304],[-52.375215,-18.79105188593622],[-52.37495019999991,-18.79145308593613],[-52.3743029,-18.792065885936093],[-52.373826199999904,-18.79233878593607],[-52.3737202999999,-18.792054685935998],[-52.3737556,-18.791631285936063],[-52.3735555,-18.791453085936137],[-52.3732613,-18.79182068593609],[-52.3730436,-18.791863885936117],[-52.3729023,-18.79176358593612],[-52.3729964999999,-18.791574185936152],[-52.3729552999999,-18.79130118593617],[-52.3726434,-18.79139588593607],[-52.3720372999999,-18.79169678593613],[-52.371237,-18.79182488593606],[-52.370625,-18.791930785935985],[-52.3707014999999,-18.792159185936086],[-52.3709957,-18.792231585936072],[-52.3713193999999,-18.79242658593595],[-52.37119580000001,-18.792777485935883],[-52.3708015,-18.793000385935958],[-52.3703896,-18.7933680859359],[-52.37004830000001,-18.793529585935804],[-52.3698482,-18.793239885935815],[-52.3695304,-18.79316748593596],[-52.3695774999999,-18.793604785935873],[-52.3695599,-18.79394468593573],[-52.3692597,-18.79405048593581],[-52.3684535,-18.79422878593568],[-52.3682064,-18.79450728593575],[-52.3679122,-18.794713385935715],[-52.3677120999999,-18.794473885935737],[-52.3677532999999,-18.794184185935837],[-52.3676002999999,-18.79402258593575],[-52.3671825,-18.794161885935683],[-52.36699420000001,-18.79459088593566],[-52.3666292999999,-18.795170185935657],[-52.3667058,-18.795763485935556],[-52.367017700000005,-18.796415285935446],[-52.3672354,-18.797039285935288],[-52.36753550000001,-18.79744588593531],[-52.3683359,-18.79822298593524],[-52.3686595,-18.7985070859351],[-52.3692244,-18.798980685935142],[-52.3695127999999,-18.79948758593503],[-52.36920680000001,-18.799626885935037],[-52.3684006,-18.799771685935006],[-52.3682358,-18.800005685934853],[-52.3683417,-18.80022848593486],[-52.3684771,-18.80036778593485],[-52.3681299,-18.800573885934913],[-52.3677062,-18.80093038593483],[-52.3672295,-18.801069685934834],[-52.3671648,-18.80070198593479],[-52.3672177999999,-18.800334285934934],[-52.3667647,-18.80016158593497],[-52.3657054,-18.800083685934958],[-52.3652817,-18.800027985934857],[-52.364705,-18.799888685934917],[-52.3643342999999,-18.799643585935026],[-52.3641048,-18.799092085935026],[-52.3637576,-18.798741085935177],[-52.3631278999999,-18.798874785935155],[-52.3617273999999,-18.799376185934964],[-52.3611625,-18.799604585935015],[-52.3605564,-18.79992768593498],[-52.3602739,-18.799961085935003],[-52.359862,-18.799727085934908],[-52.3592441,-18.79961568593492],[-52.3590263999999,-18.799364985935096],[-52.358532,-18.799415185934954],[-52.3581437,-18.799220185935084],[-52.3573962999999,-18.799108785935008],[-52.3571668,-18.79938728593506],[-52.3573433,-18.799799585934977],[-52.3570491,-18.800016785934965],[-52.3567608,-18.800228485934856],[-52.3563134999999,-18.80076608593489],[-52.35588979999991,-18.80086628593476],[-52.3554779,-18.800643485934902],[-52.3548658999999,-18.80053768593483],[-52.3543362999999,-18.80033158593483],[-52.3539008,-18.800203385934832],[-52.3538361,-18.80042628593494],[-52.35367130000001,-18.8006991859348],[-52.3535183,-18.800871885934775],[-52.3533418,-18.801334285934832],[-52.3529416,-18.801791085934653],[-52.3529945999999,-18.8020806859347],[-52.3528239,-18.802350885934672],[-52.3526709,-18.80271858593451],[-52.3526002999999,-18.803175385934455],[-52.3523767,-18.803821485934424],[-52.3520119,-18.804244885934388],[-52.3515586999999,-18.804643185934246],[-52.3515234,-18.804943985934287],[-52.3510939,-18.805656985934114],[-52.3509349999999,-18.80598008593405],[-52.351235099999904,-18.806225185934107],[-52.3512173999999,-18.806470285933983],[-52.3508879,-18.80644798593399],[-52.3507349,-18.80664298593406],[-52.3505466,-18.80738668593387],[-52.35098790000001,-18.807420085933824],[-52.3511174,-18.80802728593376],[-52.3514292999999,-18.80869008593377],[-52.3512645,-18.809102385933688],[-52.3506642999999,-18.80942818593368],[-52.3505347999999,-18.809650985933626],[-52.3504465999999,-18.810102185933555],[-52.3505701,-18.810480985933545],[-52.3509761999999,-18.81072608593348],[-52.3515058,-18.810664785933422],[-52.3521471999999,-18.810720485933395],[-52.3523296,-18.810954485933465],[-52.3521119,-18.811166185933303],[-52.3522826,-18.811628485933284],[-52.3526826999999,-18.811923685933337],[-52.3530358,-18.812085285933303],[-52.3534888999999,-18.812241185933257],[-52.35367130000001,-18.812328985933256],[-52.3539656,-18.812406985933286],[-52.3541245,-18.81275508593313],[-52.3542421,-18.813222985933063],[-52.35427750000001,-18.813690885933],[-52.3540538,-18.81404738593294],[-52.3537243,-18.813958285933023],[-52.3537066,-18.813690885932996],[-52.3535242,-18.81366858593308],[-52.35321820000001,-18.814242385933024],[-52.3528534,-18.81476038593295],[-52.3525296999999,-18.8148076859329],[-52.3522002,-18.81532578593283],[-52.3521883999999,-18.815648785932787],[-52.3525356,-18.815838185932755],[-52.35253335424637,-18.81592934830329],[-52.3525296999999,-18.816077685932655],[-52.3520000999999,-18.81614458593278],[-52.3516117,-18.816116685932712],[-52.3512881,-18.81588278593266],[-52.3510997,-18.815955185932772],[-52.3511468,-18.816272685932717],[-52.3508879,-18.81621698593266],[-52.3504053999999,-18.815971885932765],[-52.3499581,-18.81598858593276],[-52.3492108,-18.81602758593263],[-52.3489400999999,-18.8162280859326],[-52.348563500000004,-18.81642308593273],[-52.3482691999999,-18.81636738593261],[-52.3480279999999,-18.81617238593276],[-52.3480926999999,-18.81590508593278],[-52.3481573999999,-18.81569338593273],[-52.347822,-18.815442685932766],[-52.3475807,-18.815503985932843],[-52.3475572,-18.815726785932725],[-52.3472629999999,-18.815910585932663],[-52.346804,-18.815927285932663],[-52.3464097,-18.8161946859327],[-52.345962500000006,-18.816523285932682],[-52.3456565,-18.817119285932502],[-52.3456975999999,-18.81738668593246],[-52.3454505,-18.818140085932356],[-52.3452091999999,-18.818485385932338],[-52.3448915,-18.818674785932295],[-52.3447561,-18.818451985932423],[-52.3448443999999,-18.81824588593245],[-52.3446089999999,-18.81803418593242],[-52.3442559,-18.81814558593245],[-52.343820400000006,-18.818674785932295],[-52.3434614999999,-18.819320885932314],[-52.3433732,-18.819900185932116],[-52.3435497999999,-18.82005058593212],[-52.343691,-18.820022785932096],[-52.3439264,-18.819900185932116],[-52.3441852999999,-18.81998928593222],[-52.344097,-18.82030958593218],[-52.344097,-18.820504585932046],[-52.3442736,-18.820654885932104],[-52.3448266999999,-18.820883285932002],[-52.3451209999999,-18.82130108593203],[-52.3458153,-18.821935985931873],[-52.3462273,-18.82218668593192],[-52.3462625999999,-18.82239278593181],[-52.3456505999999,-18.82233708593188],[-52.3451856999999,-18.822220085931917],[-52.3448266999999,-18.822403885931767],[-52.3446561,-18.823027785931803],[-52.3442147,-18.822988785931795],[-52.3439322999999,-18.82310848593168],[-52.3436498,-18.823228285931794],[-52.3432438,-18.823350785931755],[-52.3426612,-18.823205985931782],[-52.3421668999999,-18.82326728593164],[-52.3420432999999,-18.8231223859317],[-52.34193150000001,-18.82273248593183],[-52.3419079,-18.822370485931902],[-52.3417079,-18.822314785931905],[-52.3416195999999,-18.82265458593184],[-52.3413606999999,-18.822905185931802],[-52.34095460000001,-18.82268798593183],[-52.3405486,-18.82258218593177],[-52.3401661,-18.822426185931782],[-52.340272,-18.82219228593179],[-52.3405544999999,-18.821930485931947],[-52.3402366999999,-18.821690985931852],[-52.339707099999906,-18.821651985932],[-52.3392952,-18.821924885931857],[-52.3388419999999,-18.822259085931794],[-52.3383947999999,-18.822264685931813],[-52.3380534999999,-18.822515285931875],[-52.3375002999999,-18.82250698593188],[-52.3373473,-18.822579385931757],[-52.3372472999999,-18.82282438593174],[-52.337370899999904,-18.823192085931748],[-52.3376651,-18.82356518593173],[-52.3375945,-18.823776885931625],[-52.3373061999999,-18.823710085931708],[-52.3371531,-18.82337588593177],[-52.3369648,-18.823292285931657],[-52.3366412,-18.823437085931733],[-52.3364587999999,-18.82371558593172],[-52.3364822999999,-18.82406648593167],[-52.33626459999991,-18.824695885931483],[-52.3360645,-18.824851885931455],[-52.335988,-18.82467918593146],[-52.3355761,-18.82466248593146],[-52.3352583,-18.824985585931405],[-52.3349287999999,-18.825414385931378],[-52.3346228,-18.825855885931407],[-52.3346051,-18.826106485931355],[-52.334699300000004,-18.826513085931257],[-52.3349582,-18.826696885931213],[-52.3352583,-18.82661338593121],[-52.3354701,-18.826507485931206],[-52.3357584999999,-18.826719185931303],[-52.3357526,-18.827109085931255],[-52.3354466,-18.827296985931113],[-52.3350876,-18.82729148593111],[-52.3344461999999,-18.827569985931163],[-52.3340873,-18.82790968593115],[-52.3336988999999,-18.827970985930985],[-52.3336753,-18.827675785931167],[-52.3334634999999,-18.8274306859312],[-52.3329750999999,-18.827480885931188],[-52.3327631999999,-18.827915285931162],[-52.3329396999999,-18.828182585930985],[-52.3329750999999,-18.82843328593107],[-52.3330692,-18.82870058593092],[-52.33331050000001,-18.82861148593102],[-52.3336341,-18.828615685930952],[-52.3337754,-18.8287604859309],[-52.3338224,-18.829061285930983],[-52.3334929,-18.82933418593084],[-52.3329338999999,-18.82936758593093],[-52.3321394,-18.82959598593086],[-52.3316746,-18.82977978593089],[-52.3310271999999,-18.830152885930826],[-52.3305212,-18.830269885930804],[-52.33000329999991,-18.8301918859307],[-52.3297090999999,-18.82987438593075],[-52.3296149,-18.829640485930902],[-52.3294089999999,-18.829863285930774],[-52.3292913,-18.830086085930827],[-52.3289675999999,-18.830186285930825],[-52.3285322,-18.83044258593079],[-52.3279908,-18.83082408593075],[-52.3277965999999,-18.831074685930602],[-52.3275553,-18.831303085930635],[-52.3273258,-18.83102458593071],[-52.3270021,-18.83113598593073],[-52.3269314999999,-18.831520285930626],[-52.3264961,-18.83188788593059],[-52.3260840999999,-18.83218308593054],[-52.3254133,-18.832834685930475],[-52.3249484,-18.833135485930416],[-52.3245128999999,-18.833469585930278],[-52.3241715999999,-18.833530885930337],[-52.3239657,-18.833337385930303],[-52.3238244,-18.833036585930433],[-52.3236656,-18.832691285930437],[-52.3235361,-18.83224018593046],[-52.3236656,-18.832117585930458],[-52.3240481,-18.83218998593055],[-52.3240481,-18.83182798593061],[-52.3237890999999,-18.831426985930662],[-52.323542,-18.831315585930643],[-52.3231888999999,-18.831499385930513],[-52.322876999999906,-18.83154948593054],[-52.3227358,-18.83135458593058],[-52.32250040000001,-18.83119308593066],[-52.3222709,-18.831332285930568],[-52.3223356,-18.831588485930613],[-52.3226652,-18.83183358593058],[-52.3227239999999,-18.83222898593043],[-52.3222474,-18.83229028593053],[-52.3218649,-18.832134285930564],[-52.3219296,-18.831900385930474],[-52.3219649,-18.831627485930643],[-52.3214824,-18.831387985930544],[-52.3211234,-18.831309985930655],[-52.3210822,-18.831563385930494],[-52.321141,-18.831619085930647],[-52.3210116,-18.83175278593052],[-52.3207115,-18.831830785930606],[-52.3203407,-18.831992285930568],[-52.3203525,-18.83225968593054],[-52.32065850000001,-18.832293085930548],[-52.3209409999999,-18.832437885930403],[-52.3209879999999,-18.833028285930414],[-52.3207939,-18.833312285930287],[-52.3202937,-18.833150785930325],[-52.3196699,-18.833156385930423],[-52.319205,-18.833418085930408],[-52.3187106999999,-18.8339750859303],[-52.3183164,-18.834197885930156],[-52.318304699999906,-18.83405858593018],[-52.3182399,-18.833858085930224],[-52.3179633,-18.833846985930187],[-52.3174984999999,-18.834047485930185],[-52.3168511,-18.834350985930264],[-52.3166864,-18.83434548593012],[-52.3164686,-18.834490285930194],[-52.3164686,-18.83496368593007],[-52.3161272999999,-18.834991485930033],[-52.3160860999999,-18.834718585930194],[-52.3159684,-18.83445128593026],[-52.3157566,-18.83460168593019],[-52.3153918,-18.835030485930158],[-52.315074,-18.83537028593008],[-52.3147620999999,-18.835559585930064],[-52.3144030999999,-18.83568218593009],[-52.3141795,-18.83555408593007],[-52.314003,-18.835303385929997],[-52.3137146,-18.835392485930118],[-52.3136087,-18.83567098592999],[-52.3137204999999,-18.835849185929927],[-52.3138029,-18.836158285929976],[-52.3139735999999,-18.836286385929874],[-52.3141735999999,-18.836581585929835],[-52.3139381999999,-18.83683778592988],[-52.3133556999999,-18.83678208592983],[-52.31301440000001,-18.836553785929848],[-52.3125906999999,-18.836576085929845],[-52.3120905,-18.83670418592983],[-52.311861,-18.83703268592989],[-52.3116843999999,-18.83719978592983],[-52.311519700000005,-18.83703268592989],[-52.3112194999999,-18.837160785929758],[-52.3109253,-18.837467185929704],[-52.3109018,-18.837823585929737],[-52.3110607,-18.837968385929756],[-52.3113255,-18.838124385929696],[-52.3112783999999,-18.838308185929687],[-52.3110136,-18.838569885929655],[-52.3110311999999,-18.838901285929623],[-52.3109312,-18.839391385929556],[-52.3106251999999,-18.839658685929518],[-52.3102545,-18.839597485929556],[-52.31026030000001,-18.83925768592956],[-52.3102191999999,-18.838934685929623],[-52.3099425999999,-18.838929085929607],[-52.3093658999999,-18.83919088592949],[-52.3090539999999,-18.83925218592957],[-52.3086537999999,-18.839547285929438],[-52.3083536999999,-18.839892585929388],[-52.3076005,-18.840066685929454],[-52.307271,-18.84010008592946],[-52.306912,-18.839971985929353],[-52.306653099999906,-18.839665685929532],[-52.3063706,-18.839626685929446],[-52.30630000000001,-18.839760385929406],[-52.3062823,-18.839988685929377],[-52.3060528,-18.840244885929437],[-52.3058528,-18.840066685929457],[-52.3054643999999,-18.840205885929343],[-52.3051407,-18.84043978592944],[-52.3049935999999,-18.840255985929453],[-52.3048994,-18.839938585929506],[-52.3045346,-18.839660085929417],[-52.30417560000001,-18.839470785929556],[-52.3039813999999,-18.839320385929526],[-52.3037636999999,-18.839069785929507],[-52.3035283,-18.838618585929655],[-52.3031223,-18.83825108592971],[-52.3027691999999,-18.838328985929593],[-52.3024573,-18.838440385929704],[-52.3020218999999,-18.83845158592958],[-52.3016982,-18.838150785929624],[-52.3014156999999,-18.837866785929787],[-52.3007449,-18.83753538592984],[-52.3003977,-18.837423985929732],[-52.299974000000006,-18.837229085929746],[-52.299615,-18.83667208592985],[-52.2994679,-18.836410385929966],[-52.29885,-18.836471585929946],[-52.2986852999999,-18.836883785929892],[-52.2983793,-18.836933885929923],[-52.2979556,-18.83667208592985],[-52.2975554,-18.836296185929914],[-52.2975671999999,-18.836028885930027],[-52.2978201999999,-18.835650085930094],[-52.2981674,-18.83510988593016],[-52.29813799999991,-18.834848085930066],[-52.2978555,-18.834848085930062],[-52.2973436,-18.8349204859302],[-52.297013999999905,-18.83470888593016],[-52.2967609999999,-18.83436628593016],[-52.2966786,-18.83403768593028],[-52.2965609,-18.83367568593034],[-52.2963432,-18.833224585930278],[-52.2960136,-18.833068585930324],[-52.2955252,-18.833168885930387],[-52.2954839999999,-18.833024085930322],[-52.2956606,-18.83277898593046],[-52.2957428999999,-18.832589685930504],[-52.29579,-18.832160785930455],[-52.2958489,-18.83141168593055],[-52.2955782,-18.83099398593072],[-52.2951251,-18.830470385930777],[-52.2946072,-18.829980285930763],[-52.2941953,-18.8296014859309],[-52.2939009999999,-18.829434385930902],[-52.2933538,-18.829245085930953],[-52.2932008,-18.82936758593093],[-52.2930653999999,-18.829618185930883],[-52.29251820000001,-18.82973518593087],[-52.2921886,-18.830047085930737],[-52.2914766,-18.83077668593066],[-52.29118229999991,-18.830810185930712],[-52.2912118,-18.830559485930642],[-52.2912471,-18.830353385930803],[-52.2909764,-18.830230885930703],[-52.290664499999906,-18.830219785930797],[-52.2906292,-18.830119485930798],[-52.2907939999999,-18.829829885930764],[-52.2908998999999,-18.829634885930897],[-52.2908705,-18.829183785930958],[-52.2907587,-18.828793885930885],[-52.2905703,-18.828749385930898],[-52.2900701999999,-18.82883848593101],[-52.28957,-18.828771585930994],[-52.2889638,-18.82861008593095],[-52.2884165999999,-18.82843748593097],[-52.287834,-18.828559985931037],[-52.2875455999999,-18.828398485930972],[-52.2875397999999,-18.82806428593101],[-52.2873456,-18.82781918593112],[-52.2870571999999,-18.827730085931055],[-52.2868807,-18.82799048593098],[-52.28653940000001,-18.827895785931123],[-52.2861922,-18.827700885931183],[-52.2860156,-18.82787908593116],[-52.2860274,-18.828073985931105],[-52.2862039,-18.828229985931074],[-52.286462899999904,-18.828391485931025],[-52.286151,-18.82863658593102],[-52.2857390999999,-18.828759085931026],[-52.2850917,-18.828764685931],[-52.2845973999999,-18.82901528593099],[-52.2843678999999,-18.82932998593095],[-52.2844267999999,-18.829419085930784],[-52.2847621999999,-18.82971428593087],[-52.2850506,-18.830182185930834],[-52.284774,-18.830427185930755],[-52.2842797,-18.830549785930767],[-52.2839678,-18.830349285930826],[-52.2837911999999,-18.830165485930802],[-52.2833911,-18.83029908593068],[-52.283055700000006,-18.830187685930813],[-52.2826848999999,-18.82979228593084],[-52.2824318999999,-18.829608485930777],[-52.2820258,-18.829853585930824],[-52.2818374999999,-18.83024898593082],[-52.2815845,-18.83058878593066],[-52.2812549999999,-18.830549785930764],[-52.2810843,-18.83034928593082],[-52.2807548,-18.830393785930788],[-52.2804546,-18.830700185930716],[-52.2801663,-18.830878385930735],[-52.280031,-18.830867185930636],[-52.2798837999999,-18.830711285930757],[-52.2798663,-18.830683785930773],[-52.2792535999999,-18.82972968593087],[-52.2791895,-18.829641885930915],[-52.27867750000001,-18.829508185930905],[-52.2780418999999,-18.829502685930915],[-52.2771827999999,-18.829374585930854],[-52.2766649,-18.829251985930874],[-52.2762824,-18.82919628593095],[-52.27571160000001,-18.829424685930817],[-52.2749760999999,-18.829708685930875],[-52.2743816999999,-18.83007078593076],[-52.2737931999999,-18.83037148593077],[-52.2732576999999,-18.830360385930753],[-52.2732048,-18.830516385930792],[-52.2730870999999,-18.831012085930684],[-52.2729517,-18.831747185930492],[-52.2726516,-18.832359885930515],[-52.2722631999999,-18.832304185930493],[-52.2717101,-18.832109285930574],[-52.2712511,-18.832003385930573],[-52.2706095999999,-18.83200898593057],[-52.2703683999999,-18.83187528593056],[-52.2701094999999,-18.83173608593053],[-52.2696151,-18.831496585930644],[-52.2691619999999,-18.831218085930594],[-52.2688089,-18.830936885930605],[-52.2683969999999,-18.83083098593064],[-52.2680204,-18.830741885930752],[-52.2677497,-18.83072518593071],[-52.2674731,-18.83061378593075],[-52.2673143,-18.830374285930787],[-52.2673612999999,-18.830079085930816],[-52.2672848,-18.829756085930757],[-52.2670611999999,-18.829538885930802],[-52.2666199,-18.82954998593079],[-52.266225600000006,-18.829561185930807],[-52.2659136999999,-18.82937728593095],[-52.2658137,-18.829037585930863],[-52.2656489,-18.828898385930987],[-52.2654312,-18.829009685930973],[-52.2654135,-18.829316085930955],[-52.2652899,-18.829477585930896],[-52.2650369,-18.82964468593089],[-52.2650604,-18.829928785930754],[-52.2650899,-18.83031858593068],[-52.2650192,-18.83075858593073],[-52.2647603,-18.830836585930616],[-52.2642895,-18.83079758593076],[-52.2640246999999,-18.83067508593078],[-52.2636658,-18.83039658593079],[-52.2635481,-18.830218385930788],[-52.263648100000005,-18.829834085930855],[-52.2635774999999,-18.829416285930847],[-52.2634009999999,-18.829082185930954],[-52.2633539,-18.82872568593089],[-52.263448,-18.82836368593107],[-52.2632303,-18.82822438593111],[-52.2627477999999,-18.828358085930958],[-52.2624006,-18.828413785931065],[-52.2620004,-18.82856968593095],[-52.2621358,-18.828714585931003],[-52.262223999999904,-18.828898385930984],[-52.2621593,-18.829480385930907],[-52.261971,-18.829853585930827],[-52.26171800000001,-18.830042885930805],[-52.2613883999999,-18.829914785930757],[-52.26122359999991,-18.829658585930893],[-52.26102949999991,-18.829664185930923],[-52.2608941,-18.8298423859309],[-52.261035299999904,-18.830143185930808],[-52.261206,-18.830565085930697],[-52.2614826,-18.830765585930667],[-52.26182390000001,-18.83100508593073],[-52.2618002999999,-18.83125568593059],[-52.2615238,-18.831355985930635],[-52.2612531,-18.83119998593068],[-52.2608647,-18.831277985930573],[-52.2607588,-18.83160518593062],[-52.2603174,-18.832167785930537],[-52.2598525,-18.832518585930494],[-52.2594582999999,-18.832934985930446],[-52.2587639,-18.83377598593024],[-52.2584873,-18.834305085930115],[-52.2584578999999,-18.83480078593018],[-52.2585756,-18.835115485930146],[-52.2582813,-18.83544408593011],[-52.2582047999999,-18.835705785930056],[-52.25794,-18.83618478592998],[-52.25771639999991,-18.836686085929916],[-52.2579340999999,-18.83676398592992],[-52.2583577999999,-18.836797385929906],[-52.2583577999999,-18.836958985929904],[-52.2581165999999,-18.83714268592987],[-52.2579694,-18.83736548592984],[-52.2576811,-18.83747688592982],[-52.2574987,-18.837270785929782],[-52.2570219999999,-18.837025785929786],[-52.2564336,-18.836713885929825],[-52.2557449999999,-18.836769585929925],[-52.2556627,-18.837187285929858],[-52.2560099,-18.838111785929737],[-52.2561039999999,-18.83866318592956],[-52.2557274,-18.838707785929646],[-52.2554744,-18.838401385929686],[-52.2552507,-18.838078385929762],[-52.2548917999999,-18.83782218592966],[-52.2548388,-18.83763288592979],[-52.2550095,-18.837354385929853],[-52.2550211999999,-18.837020185929806],[-52.2547329,-18.837036885929777],[-52.2541914999999,-18.837432385929837],[-52.2537384,-18.837877885929736],[-52.2530146,-18.838354085929584],[-52.2526496999999,-18.838805185929676],[-52.2522084,-18.839200685929477],[-52.2517435,-18.839300885929596],[-52.2514669,-18.839195085929454],[-52.251284499999905,-18.838972285929618],[-52.2509019999999,-18.8391560859296],[-52.2507371999999,-18.839568185929537],[-52.2505017999999,-18.839868985929463],[-52.2503253,-18.839768685929492],[-52.2499428,-18.839557085929542],[-52.2493426,-18.83945128592955],[-52.2486069999999,-18.83946238592945],[-52.2483657,-18.83936218592956],[-52.2482833,-18.839078085929533],[-52.2483245,-18.838833085929526],[-52.2477183999999,-18.83892218592962],[-52.2470476,-18.83926188592946],[-52.2466827,-18.839172785929605],[-52.2466062,-18.838821885929665],[-52.2465179,-18.83857128592967],[-52.2462355,-18.838610285929658],[-52.2459176999999,-18.83901128592963],[-52.2457588,-18.839139385929567],[-52.2452527,-18.8392507859295],[-52.2448879,-18.839334285929564],[-52.2443995,-18.83958488592953],[-52.244117,-18.83974638592949],[-52.243675700000004,-18.839724185929494],[-52.2434815,-18.839529185929575],[-52.2431989999999,-18.839785385929506],[-52.2431343,-18.840197585929438],[-52.2429695,-18.84055398592929],[-52.2426694,-18.84060968592938],[-52.2426222999999,-18.840286685929453],[-52.2426105,-18.839891285929486],[-52.2423398,-18.839590485929428],[-52.241969099999906,-18.839718585929532],[-52.2418691,-18.84019758592944],[-52.241722,-18.840526185929345],[-52.2412687999999,-18.840860285929335],[-52.2409805,-18.84077118592925],[-52.2408804,-18.840537285929294],[-52.2409686999999,-18.840336785929328],[-52.2412040999999,-18.840036085929444],[-52.2411453,-18.839757585929423],[-52.2410217,-18.83950138592955],[-52.2405568,-18.839545985929426],[-52.2400213,-18.839802085929392],[-52.239774100000005,-18.839841085929404],[-52.2396211,-18.839651785929544],[-52.2395210999999,-18.839412285929438],[-52.2392091999999,-18.839412285929438],[-52.2390798,-18.839796585929392],[-52.2389090999999,-18.840417585929423],[-52.2388501999999,-18.840590185929422],[-52.2385207,-18.841035785929233],[-52.2378204,-18.841252985929216],[-52.2376791999999,-18.841614985929162],[-52.23749680000001,-18.841820985929193],[-52.2371848999999,-18.842010385929115],[-52.2371436999999,-18.842299985929138],[-52.23739090000001,-18.842489285929126],[-52.2377498,-18.84275108592899],[-52.2377498,-18.843051785929052],[-52.2374379,-18.843291285929055],[-52.2369141999999,-18.843313585928954],[-52.2366729,-18.843191085929025],[-52.2362550999999,-18.84324118592901],[-52.23596090000001,-18.843235585929037],[-52.2359961999999,-18.84295158592895],[-52.2362022,-18.842583985929043],[-52.2362962999999,-18.842066085929186],[-52.2361198,-18.841726285929127],[-52.2355784,-18.84153138592928],[-52.23467859916875,-18.84146304901511],[-52.2346251,-18.84145898592917],[-52.2340837,-18.841564785929265],[-52.2335246,-18.84180428592925],[-52.2332304,-18.84168738592924],[-52.2332362999999,-18.841453485929165],[-52.2328419999999,-18.84138658592927],[-52.2320888,-18.841642785929146],[-52.2314297,-18.841949085929212],[-52.2309178,-18.841960285929225],[-52.2308118,-18.841798785929136],[-52.2307883,-18.84154258592926],[-52.2305823,-18.841336485929308],[-52.2302233999999,-18.841347585929213],[-52.2296878999999,-18.84167068592926],[-52.2293936,-18.841809885929123],[-52.2291877,-18.84217748592906],[-52.2289522999999,-18.84251158592915],[-52.2286521999999,-18.842500485929126],[-52.2285874,-18.842160785929064],[-52.2283108999999,-18.84201038592911],[-52.2279813,-18.842066085929183],[-52.2273810999999,-18.84199368592908],[-52.2272575,-18.84179318592911],[-52.2269692,-18.841564785929265],[-52.2266807999999,-18.84154258592926],[-52.2261571,-18.84169288592914],[-52.22595110000001,-18.842021485929095],[-52.2258275,-18.84237798592908],[-52.22584520000001,-18.842739985928976],[-52.2257274999999,-18.843023985929058],[-52.2254508999999,-18.842856885929095],[-52.2251919999999,-18.842539485929038],[-52.2250036999999,-18.84219968592918],[-52.2245859,-18.841915685929216],[-52.2241268999999,-18.841765285929238],[-52.2234736999999,-18.841809885929127],[-52.2231970999999,-18.84211058592918],[-52.2232617999999,-18.842416885929058],[-52.2234971999999,-18.84245588592902],[-52.2236973,-18.842778885928993],[-52.2235678,-18.842979385928945],[-52.2231146999999,-18.843146485928937],[-52.2226909999999,-18.843452785928985],[-52.2223321,-18.843736885928962],[-52.2220437,-18.844126685928824],[-52.2216435999999,-18.844338285928792],[-52.2210138999999,-18.844243685928802],[-52.2207844,-18.84394288592884],[-52.2204019,-18.84367558592887],[-52.2199429,-18.843230085929072],[-52.2198723,-18.842873585929077],[-52.2200134999999,-18.84240018592906],[-52.2200546999999,-18.841982485929215],[-52.2197839999999,-18.841898985929237],[-52.2194309,-18.84216628592919],[-52.21914850000001,-18.842071585929084],[-52.2186424,-18.84194358592919],[-52.2182599,-18.842021485929095],[-52.21830700000001,-18.842389085929046],[-52.2182834,-18.842742685929096],[-52.218048,-18.842965485928968],[-52.2176597,-18.842881985929054],[-52.2168063999999,-18.84275388592899],[-52.2157118,-18.842764985929012],[-52.2155941999999,-18.843032285928953],[-52.2155999999999,-18.843500185928914],[-52.2154235,-18.843784185928964],[-52.2149468,-18.843717385928873],[-52.2145467,-18.84356698592898],[-52.2140876999999,-18.843667185928975],[-52.2141053,-18.844079385928833],[-52.2139288,-18.844586185928836],[-52.2134933,-18.845090185928775],[-52.213205,-18.845301785928758],[-52.2128812999999,-18.84583638592856],[-52.2125576999999,-18.846237385928518],[-52.2118161999999,-18.84630978592862],[-52.2116278999999,-18.846215185928653],[-52.2115454999999,-18.845936685928656],[-52.2112572,-18.845635985928705],[-52.2108923,-18.845758485928584],[-52.2100743999999,-18.846103785928634],[-52.2098331,-18.846393385928575],[-52.2100449,-18.846783185928437],[-52.20985660000001,-18.847039385928507],[-52.2095742,-18.847295585928382],[-52.20972720000001,-18.847521085928364],[-52.2099037,-18.84772158592832],[-52.2100037,-18.848300785928252],[-52.209780099999904,-18.848696185928205],[-52.2093447,-18.848673885928186],[-52.20868560000001,-18.84874068592828],[-52.2080265,-18.84911388592825],[-52.208003,-18.84949258592817],[-52.2081736,-18.849837785928035],[-52.2081618999999,-18.850138585928093],[-52.2079323999999,-18.85023328592812],[-52.2074615999999,-18.849949185928136],[-52.2069084,-18.849537085928176],[-52.2063906,-18.84902478592813],[-52.2058139,-18.848395485928307],[-52.2054902,-18.848155985928393],[-52.2053078,-18.848016785928387],[-52.20453689999991,-18.84809468592825],[-52.2040838,-18.847933185928305],[-52.2034482999999,-18.847810685928415],[-52.2031423,-18.848005585928377],[-52.2029598,-18.848523585928326],[-52.2027244,-18.848891085928155],[-52.2026538,-18.84930318592823],[-52.2027186,-18.84993528592813],[-52.2024891,-18.84991298592811],[-52.2020947999999,-18.84992968592813],[-52.2014475,-18.85021928592799],[-52.2007177999999,-18.850469885928074],[-52.200394100000004,-18.85089318592799],[-52.20008810000001,-18.85089318592799],[-52.1999704,-18.850737185928025],[-52.1998998,-18.85044208592807],[-52.1994819999999,-18.850007685927995],[-52.1993171999999,-18.849588585928082],[-52.1993171999999,-18.849360285928096],[-52.1991937,-18.849042885928288],[-52.1985758,-18.849087385928254],[-52.1982345,-18.849382585928215],[-52.1978989999999,-18.849928285928005],[-52.1977107,-18.849800285928172],[-52.1974870999999,-18.849527385928116],[-52.1974165,-18.84919878592822],[-52.1974518,-18.848781085928202],[-52.1975872,-18.848285485928336],[-52.1976519,-18.84780648592832],[-52.1973459,-18.8477786859283],[-52.1970221999999,-18.84820188592826],[-52.196881,-18.848769985928175],[-52.1967633,-18.84909858592815],[-52.1964513999999,-18.84901498592826],[-52.1961512999999,-18.848814485928187],[-52.1957040999999,-18.84883678592825],[-52.1953804,-18.849087385928257],[-52.1950391,-18.848909185928285],[-52.1950391,-18.848652985928283],[-52.1952274,-18.848435785928228],[-52.1955215999999,-18.847813485928413],[-52.1956216999999,-18.847406885928457],[-52.19553930000001,-18.847106185928414],[-52.1951508999999,-18.847161885928408],[-52.1947802,-18.847585185928423],[-52.1943094,-18.84754058592835],[-52.193974,-18.847245385928492],[-52.1935738,-18.847289985928395],[-52.1932442999999,-18.84753498592836],[-52.192926499999906,-18.847412485928448],[-52.192838299999906,-18.847083885928477],[-52.1930500999999,-18.846677385928594],[-52.19283240000001,-18.846532585928458],[-52.1918613999999,-18.846721885928567],[-52.1910493,-18.847306685928416],[-52.1903373,-18.847791185928415],[-52.1896604999999,-18.848030685928368],[-52.18917210000001,-18.84801948592839],[-52.1888838,-18.84787478592832],[-52.1886542999999,-18.84747928592845],[-52.1882188,-18.847078385928405],[-52.1880776,-18.84677758592845],[-52.1881129,-18.846571585928466],[-52.18826,-18.846226285928605],[-52.1880187,-18.84598118592864],[-52.1873538,-18.84587538592865],[-52.1869889,-18.84620958592867],[-52.186271,-18.84675538592847],[-52.1854648,-18.84706718592849],[-52.1844584999999,-18.8471395859284],[-52.1840996,-18.847245385928495],[-52.1840584,-18.847496085928373],[-52.1840113,-18.8478579859284],[-52.1837465,-18.848052985928287],[-52.1834345999999,-18.847857985928403],[-52.183087400000005,-18.847635285928437],[-52.1828755999999,-18.847991685928402],[-52.1826578,-18.849066485928134],[-52.1825224999999,-18.849434085928117],[-52.181916400000006,-18.84997428592803],[-52.1814221,-18.850130185928062],[-52.1811926,-18.84991298592811],[-52.1808217999999,-18.849974285928035],[-52.180504,-18.8502749859281],[-52.1806394,-18.850714985927986],[-52.1808689,-18.85119388592786],[-52.1811572,-18.85176188592779],[-52.1811337,-18.851967985927736],[-52.1806806,-18.85235778592767],[-52.1805747,-18.853053885927718],[-52.1804157999999,-18.853677685927504],[-52.180151,-18.853956085927468],[-52.1795978,-18.854279085927438],[-52.1790917,-18.854434985927494],[-52.1789623,-18.854802585927445],[-52.1793271,-18.855014185927452],[-52.1791623999999,-18.855337185927365],[-52.1787151,-18.855648985927385],[-52.1785149999999,-18.855515385927255],[-52.1786327,-18.855225785927438],[-52.1784091,-18.85498078592744],[-52.1781501999999,-18.855259185927434],[-52.1779736999999,-18.85586068592723],[-52.177561700000005,-18.85607228592717],[-52.1772321999999,-18.855927485927342],[-52.1769733,-18.855593385927357],[-52.176737900000006,-18.855248085927435],[-52.1759258,-18.855014185927452],[-52.1756197999999,-18.855248085927435],[-52.1750431,-18.85608338592722],[-52.1741486,-18.85655118592723],[-52.1730423,-18.856996685927164],[-52.1727599,-18.857531285927],[-52.1731482,-18.858266385926896],[-52.1730188,-18.858511385926857],[-52.1722890999999,-18.85885668592683],[-52.1722066999999,-18.859569485926826],[-52.1726422,-18.860672085926602],[-52.1727127999999,-18.86137368592646],[-52.1724892,-18.861607585926553],[-52.1718772,-18.861585285926456],[-52.1703236,-18.861785785926532],[-52.1688053999999,-18.862053085926515],[-52.1680757,-18.862431785926436],[-52.1674637,-18.86328928592635],[-52.1673577999999,-18.86381278592613],[-52.1675461,-18.864124585926234],[-52.1683581999999,-18.864224785926105],[-52.1686524,-18.86426938592621],[-52.16895840000001,-18.864425285926096],[-52.1689818999999,-18.864859685926117],[-52.1685818,-18.865093485925993],[-52.1680638999999,-18.86517148592607],[-52.167428399999906,-18.865293985925927],[-52.1667575,-18.86524948592597],[-52.1663809,-18.864848485926014],[-52.1656394999999,-18.865160385926085],[-52.1654276,-18.865383085926037],[-52.16519220000001,-18.866218385925944],[-52.165357,-18.867487985925795],[-52.1651803999999,-18.86793348592562],[-52.1646979,-18.868367785925543],[-52.1643683999999,-18.868935785925558],[-52.1636268999999,-18.870049485925303],[-52.1636503999999,-18.87046148592535],[-52.1640035,-18.871096285925276],[-52.1638151999999,-18.87155288592512],[-52.16398,-18.871864685925054],[-52.1643801,-18.871831285925094],[-52.1650392,-18.87161968592507],[-52.1654040999999,-18.871563985925217],[-52.1654157999999,-18.87189808592514],[-52.1652746,-18.872532885925075],[-52.16529810000001,-18.873301285924974],[-52.1655453,-18.8738803859249],[-52.1658983999999,-18.87449298592485],[-52.1655805999999,-18.874927285924752],[-52.165204,-18.87523908592463],[-52.1652157999999,-18.875617685924677],[-52.1652157999999,-18.8761076859246],[-52.1650274,-18.87648638592455],[-52.1644625,-18.876898385924513],[-52.1638622999999,-18.877031985924397],[-52.163215,-18.87676478592443],[-52.1618262,-18.87657548592443],[-52.1602255999999,-18.876419485924476],[-52.158742699999905,-18.8763749859245],[-52.1582718999999,-18.87679818592443],[-52.1581307,-18.87746638592435],[-52.1583543,-18.877789285924372],[-52.1591781,-18.87780038592437],[-52.1598842999999,-18.877655685924292],[-52.1605316,-18.877410685924335],[-52.160967,-18.877377285924435],[-52.161379,-18.87768908592429],[-52.1614142999999,-18.878190185924197],[-52.1611907,-18.878568785924294],[-52.1605668999999,-18.878902885924212],[-52.1592722999999,-18.8792815859242],[-52.1586014,-18.87924808592408],[-52.1583424999999,-18.879593385924142],[-52.1586837999999,-18.879983085923993],[-52.1592957999999,-18.88017238592394],[-52.1595194,-18.880417385923934],[-52.1594841,-18.880796085923865],[-52.1588368,-18.881118985923926],[-52.1582483,-18.881486485923766],[-52.1578835,-18.88199868592372],[-52.1575657,-18.882032185923812],[-52.1570713999999,-18.881608985923855],[-52.1567183,-18.881185785923943],[-52.1560593,-18.88086288592396],[-52.1551295,-18.88117468592391],[-52.1545998999999,-18.881642385923865],[-52.1543409,-18.882332785923783],[-52.1547411,-18.882666885923612],[-52.1554118999999,-18.882800485923717],[-52.1557768,-18.88291188592371],[-52.1556709,-18.883646885923575],[-52.1553648999999,-18.885005385923417],[-52.1555413999999,-18.88533948592329],[-52.1558474,-18.88551768592334],[-52.1563181999999,-18.8858850859232],[-52.1567889999999,-18.886386185923143],[-52.1571067,-18.88703208592306],[-52.1570361,-18.887767085923066],[-52.1568596,-18.888446285922846],[-52.1561652,-18.888591085922826],[-52.1553178,-18.888624485922836],[-52.1546822999999,-18.88894738592278],[-52.1539526,-18.889637785922698],[-52.1536819,-18.890528685922597],[-52.1536111999999,-18.89098518592252],[-52.1530346,-18.89167558592244],[-52.1520695,-18.89209868592248],[-52.15132800000001,-18.892711185922362],[-52.1505748,-18.893345885922212],[-52.149492,-18.893780185922232],[-52.1478678,-18.89413648592207],[-52.1470911,-18.89448168592217],[-52.1462319,-18.894659785922027],[-52.1456904999999,-18.894437085922082],[-52.1454787,-18.89409188592222],[-52.1454434,-18.893557385922282],[-52.1451843999999,-18.893000685922352],[-52.1445606999999,-18.89276688592238],[-52.1439250999999,-18.892844785922367],[-52.1432778,-18.89285588592237],[-52.142642300000006,-18.892633185922413],[-52.1421127,-18.892310285922445],[-52.1416184,-18.89236598592244],[-52.1414065,-18.892711185922355],[-52.1411828999999,-18.8931899859222],[-52.1407121,-18.8932122859223],[-52.1404061,-18.892900485922283],[-52.1404649999999,-18.892432785922328],[-52.1405827,-18.89198738592238],[-52.140665,-18.89159758592255],[-52.14045320000001,-18.89121898592259],[-52.1400882999999,-18.89074018592268],[-52.1398293999999,-18.89026138592262],[-52.1393469,-18.88998298592277],[-52.1386643,-18.889838285922778],[-52.1377932999999,-18.89016118592273],[-52.137146,-18.89038388592269],[-52.1364163,-18.890216885922634],[-52.1359691,-18.89028368592263],[-52.1357808,-18.890762485922533],[-52.1356278,-18.89129698592256],[-52.1356984,-18.89194278592247],[-52.135463,-18.892343685922462],[-52.1350158,-18.89233258592244],[-52.1344743999999,-18.892187785922324],[-52.1342155,-18.89228798592244],[-52.1341449,-18.89257758592242],[-52.1344391,-18.89290048592228],[-52.1348862999999,-18.893245685922306],[-52.1352393999999,-18.893635385922188],[-52.1352512,-18.89404738592222],[-52.1350275999999,-18.894403685922036],[-52.1346273999999,-18.894592985922035],[-52.1339447999999,-18.894793385922114],[-52.1335445999999,-18.89501618592199],[-52.1334505,-18.89541698592205],[-52.1336034999999,-18.89588468592198],[-52.1337212,-18.89640798592194],[-52.1336623,-18.896909085921866],[-52.1332504,-18.897120685921802],[-52.1326501999999,-18.897332185921677],[-52.13187340000001,-18.897343385921776],[-52.13116719999991,-18.89756608592166],[-52.13047279999991,-18.897799885921618],[-52.1299432,-18.897744185921756],[-52.129649,-18.897376785921775],[-52.1294253999999,-18.896931385921828],[-52.1290135,-18.896819985921763],[-52.1290016999999,-18.89726538592178],[-52.1290135,-18.89773308592174],[-52.1290135,-18.898178485921694],[-52.1285427,-18.898389985921547],[-52.127966,-18.898456885921508],[-52.1275423,-18.89827868592155],[-52.127201,-18.897900085921712],[-52.1267066999999,-18.897443585921785],[-52.1262947,-18.897220885921787],[-52.125977,-18.897343385921776],[-52.12598869999991,-18.89773308592174],[-52.1261888,-18.898178485921694],[-52.1262240999999,-18.89877978592151],[-52.1260710999999,-18.89902468592149],[-52.1258003999999,-18.89909148592147],[-52.1255768,-18.89877978592151],[-52.1254944,-18.89844568592161],[-52.1251177999999,-18.898145085921698],[-52.1244940999999,-18.8977219859216],[-52.1239879999999,-18.897343385921776],[-52.123599600000006,-18.897321085921693],[-52.1233053999999,-18.897699685921747],[-52.1232699999999,-18.898122785921696],[-52.1230346999999,-18.898501385921524],[-52.1226463,-18.898757485921525],[-52.1219166,-18.89877978592151],[-52.121387,-18.898601585921472],[-52.12071610000001,-18.898456885921508],[-52.1202924,-18.898523685921514],[-52.1201983,-18.89884658592162],[-52.1205277999999,-18.899035885921453],[-52.1209397,-18.899369885921534],[-52.1209633,-18.89979298592137],[-52.1203513,-18.899948885921436],[-52.1197275,-18.900149285921383],[-52.1192096,-18.90068378592136],[-52.1187270999999,-18.90101778592131],[-52.118374,-18.900973285921292],[-52.1180209,-18.90083968592124],[-52.1177385,-18.900527885921264],[-52.1176207999999,-18.900071385921315],[-52.1177149,-18.899614885921494],[-52.1179385999999,-18.899247385921523],[-52.1180209,-18.8988799859216],[-52.1178444,-18.898623885921587],[-52.1175148999999,-18.898634985921614],[-52.116844,-18.898991285921568],[-52.1165851,-18.89951468592139],[-52.1165027,-18.900305185921297],[-52.1164909,-18.901006685921303],[-52.116385,-18.901474385921173],[-52.1159259999999,-18.90136298592114],[-52.115714200000006,-18.900962185921298],[-52.1157494999999,-18.900483385921277],[-52.1155846999999,-18.900127085921408],[-52.1152668999999,-18.899681685921472],[-52.1149727,-18.899503485921517],[-52.1144902,-18.899581485921495],[-52.1143135999999,-18.899948885921443],[-52.1142311999999,-18.900160485921408],[-52.1140311999999,-18.9010066859213],[-52.1137133999999,-18.901607985921203],[-52.1132896999999,-18.902097885921055],[-52.112771800000004,-18.902142385921053],[-52.112254,-18.901930885921168],[-52.1121598,-18.90155228592112],[-52.1122422,-18.901028985921183],[-52.1124187999999,-18.900483385921277],[-52.1122422,-18.90013818592142],[-52.111948000000005,-18.899781885921378],[-52.1117831999999,-18.899269685921407],[-52.1117361999999,-18.898790885921493],[-52.1114183999999,-18.89859048592159],[-52.1108063999999,-18.89870178592162],[-52.1104650999999,-18.899403285921483],[-52.110418,-18.900060285921416],[-52.1101826,-18.900461085921343],[-52.1098413,-18.90039428592135],[-52.1096176999999,-18.900628085921255],[-52.1094176,-18.90132958592113],[-52.1093587999999,-18.902231485921153],[-52.1096883,-18.902687985921094],[-52.110265,-18.90345628592095],[-52.1103474,-18.903857185920852],[-52.1101944,-18.904168885920804],[-52.1096883,-18.904302485920844],[-52.1090763,-18.904113285920783],[-52.1083231,-18.90375698592085],[-52.107817,-18.90375698592085],[-52.1073109,-18.904090985920778],[-52.1070872999999,-18.904692285920795],[-52.1070755,-18.905326885920747],[-52.1068872,-18.90571658592057],[-52.1061222,-18.90593928592055],[-52.10573379999991,-18.906239885920545],[-52.1055691,-18.90681888592055],[-52.10566320000001,-18.907375585920448],[-52.1058515,-18.907731885920313],[-52.106287,-18.90808818592039],[-52.1064635,-18.908789685920173],[-52.1069224999999,-18.909680385920137],[-52.1070048999999,-18.910003285920094],[-52.1069578,-18.911005385919992],[-52.1066518,-18.911840385919877],[-52.1066400999999,-18.912764485919755],[-52.1066754,-18.914423485919443],[-52.1065694,-18.91535868591943],[-52.1062517,-18.91666128591914],[-52.1062517,-18.91757428591912],[-52.1063928999999,-18.917897185919063],[-52.1066870999999,-18.91798618591908],[-52.1074050999999,-18.91804188591894],[-52.1080994,-18.91824228591902],[-52.1084643,-18.918609685918916],[-52.1082995,-18.9190438859189],[-52.107817,-18.919389085918763],[-52.1071226,-18.919700785918746],[-52.1064635,-18.919912285918848],[-52.1058515,-18.919867785918825],[-52.1054396,-18.919622885918873],[-52.1052984,-18.919322285918888],[-52.1052984,-18.918787785918965],[-52.1052865999999,-18.91834248591893],[-52.1050394,-18.91817548591906],[-52.1046746,-18.91825338591904],[-52.1042156,-18.91874328591896],[-52.1040154999999,-18.91983438591883],[-52.1040508,-18.920257485918675],[-52.1038743,-18.92095888591869],[-52.1036506999999,-18.921337385918658],[-52.1031446,-18.921582285918593],[-52.1025561,-18.921727085918494],[-52.1023443,-18.92197198591855],[-52.1024149,-18.92230598591842],[-52.1026502999999,-18.9224395859185],[-52.1032152,-18.922317085918422],[-52.1037684,-18.922116685918432],[-52.104192000000005,-18.922105585918537],[-52.1044745,-18.922239185918542],[-52.1047687,-18.922695685918452],[-52.1047098999999,-18.92329678591826],[-52.1045922,-18.923708785918194],[-52.1048511,-18.92385348591832],[-52.1051571,-18.92377558591823],[-52.1054513999999,-18.92347498591826],[-52.1058633,-18.923352485918375],[-52.1062398999999,-18.923530585918236],[-52.1065811999999,-18.92414298591826],[-52.1064517,-18.92459938591822],[-52.1061516,-18.92512818591814],[-52.1057926999999,-18.925929785917948],[-52.1052276999999,-18.926480885917854],[-52.1044626999999,-18.926759185917817],[-52.1039155,-18.926848285917924],[-52.1034976999999,-18.927137785917882],[-52.10341529999991,-18.927583085917743],[-52.1037036,-18.92791708591767],[-52.1040214,-18.92816748591773],[-52.1040508,-18.928507085917598],[-52.1038272,-18.92877428591758],[-52.1033623,-18.928718585917665],[-52.102768,-18.92844588591761],[-52.1021676999999,-18.928267685917668],[-52.1015381,-18.928284385917642],[-52.1007789999999,-18.9285293859176],[-52.1004376,-18.92915278591749],[-52.1003317,-18.92979288591744],[-52.1001787,-18.930149185917486],[-52.0997197,-18.930510985917444],[-52.0996373,-18.930861685917396],[-52.0997667999999,-18.931201185917377],[-52.099931599999906,-18.93148508591731],[-52.0998314999999,-18.93187478591716],[-52.0995844,-18.932041685917266],[-52.0992019,-18.932019485917213],[-52.09888410000001,-18.931741185917286],[-52.0987193,-18.9315073859172],[-52.0984663,-18.931540785917186],[-52.0982839,-18.931991585917118],[-52.0981368,-18.932514885917076],[-52.0980719999999,-18.933138285917007],[-52.0979426,-18.933683785917037],[-52.0975424,-18.93409568591686],[-52.0967891999999,-18.934184785916955],[-52.0965007999999,-18.934296085916877],[-52.0965067,-18.934579985916905],[-52.0965419999999,-18.934958485916763],[-52.0962537,-18.935665385916643],[-52.0960358999999,-18.936093985916703],[-52.0957357999999,-18.93617748591661],[-52.095376900000005,-18.93608278591673],[-52.0950473,-18.93579898591675],[-52.0946177,-18.935225585916825],[-52.0942646999999,-18.934635585916887],[-52.0940705,-18.933995485916967],[-52.0939880999999,-18.93383408591701],[-52.0932878,-18.934056685916882],[-52.0927523,-18.934401785916826],[-52.092452200000004,-18.934741385916908],[-52.09189309999991,-18.934852685916887],[-52.0916635999999,-18.93467458591678],[-52.0913988,-18.93437958591683],[-52.0908869,-18.934351685916933],[-52.0904573,-18.934496485916938],[-52.090177145146,-18.934794559573184],[-52.0900336,-18.93494728591686],[-52.0899041,-18.935398185916807],[-52.0895922999999,-18.93563748591668],[-52.0892804,-18.935704285916668],[-52.0890684999999,-18.93557068591678],[-52.0888037,-18.935336985916727],[-52.0884447999999,-18.93529798591672],[-52.0881505,-18.935442685916804],[-52.087968100000005,-18.936054985916744],[-52.0880033999999,-18.936717385916612],[-52.0883565,-18.937385285916523],[-52.0891568,-18.93868778591639],[-52.0899865,-18.93978428591614],[-52.0905572999999,-18.940591385916125],[-52.0911988,-18.941231485916074],[-52.0922285999999,-18.941648885916006],[-52.0927758,-18.941999585915948],[-52.0929111999999,-18.942288985915923],[-52.0924462999999,-18.942606285915875],[-52.0917459999999,-18.943268585915803],[-52.0910046,-18.94421478591555],[-52.0907339,-18.944337285915633],[-52.0905572999999,-18.944175785915665],[-52.090198400000006,-18.943758385915714],[-52.0897158,-18.943096085915695],[-52.0891685999999,-18.9422221859158],[-52.0887331,-18.941743485916],[-52.08836239999991,-18.941810285915867],[-52.0870265999999,-18.942617385915877],[-52.0863027,-18.943179485915685],[-52.0862969,-18.94354128591564],[-52.0863027,-18.94369718591574],[-52.0864086999999,-18.944287185915687],[-52.0865558,-18.945522785915415],[-52.0864028,-18.94579548591546],[-52.085726,-18.94674168591534],[-52.0848728,-18.947582085915258],[-52.0840782999999,-18.948027385915093],[-52.0829308,-18.948300085915037],[-52.0825424999999,-18.948461485915146],[-52.0819069,-18.949012485915013],[-52.0812243,-18.949897485914928],[-52.0806947,-18.950270385914887],[-52.0799944,-18.950849185914734],[-52.0793588999999,-18.951088485914767],[-52.0786586,-18.951071885914693],[-52.077958300000006,-18.950943785914706],[-52.0770108999999,-18.95094378591471],[-52.0764576999999,-18.951082985914816],[-52.07564569999991,-18.95141138591465],[-52.0751925,-18.95148368591471],[-52.0747393999999,-18.95169518591468],[-52.0745099,-18.952034685914665],[-52.0740215,-18.95221278591454],[-52.0731741,-18.952223885914616],[-52.0717736,-18.952095885914662],[-52.0706024999999,-18.95197348591469],[-52.0697728,-18.952257285914555],[-52.0689431,-18.952557885914505],[-52.0677896999999,-18.9531143859144],[-52.0668363999999,-18.95375998591433],[-52.0662067,-18.953798985914357],[-52.0657477,-18.953682085914476],[-52.0653533999999,-18.953253585914524],[-52.0652828,-18.952891785914527],[-52.0654299,-18.95232408591453],[-52.0652709999999,-18.951945685914694],[-52.0646884999999,-18.951594985914614],[-52.06405290000001,-18.95161728591471],[-52.0631701999999,-18.95184548591459],[-52.0621581,-18.951750885914727],[-52.0616873,-18.95166178591472],[-52.0610341,-18.951500385914635],[-52.0604044,-18.9517174859147],[-52.0598631,-18.951761985914725],[-52.0594335,-18.951583885914637],[-52.0589861999999,-18.951160885914675],[-52.058880299999906,-18.950565385914853],[-52.0589686,-18.949880785914953],[-52.0590569,-18.948979085915088],[-52.0590157,-18.948133185915157],[-52.0587037999999,-18.947292685915148],[-52.0581447,-18.946836285915293],[-52.0572091,-18.94641888591538],[-52.0562793,-18.94592348591534],[-52.0556438,-18.945823285915463],[-52.05545549999991,-18.946118285915457],[-52.0550494,-18.946552485915266],[-52.0542373,-18.947159085915306],[-52.0528308999999,-18.947749085915238],[-52.0521305999999,-18.94827228591506],[-52.0512891,-18.94905148591493],[-52.0495061,-18.95148368591471],[-52.0491883,-18.95160618591472],[-52.0483232999999,-18.951511485914757],[-52.0469816,-18.951166485914698],[-52.0451808999999,-18.950632185914863],[-52.0443453,-18.950520885914873],[-52.0436391,-18.95068778591484],[-52.0431270999999,-18.951461385914747],[-52.0431035999999,-18.951878885914564],[-52.0431566,-18.95220168591456],[-52.0436508999999,-18.9525800859146],[-52.0439509999999,-18.952975285914444],[-52.0436862,-18.953954785914412],[-52.0435979,-18.95507908591426],[-52.0435744,-18.955429685914226],[-52.0433154999999,-18.956487185914074],[-52.0426681,-18.957199485913918],[-52.0425092999999,-18.95770038591396],[-52.0426975999999,-18.958101085913906],[-52.0429624,-18.958568585913827],[-52.0429152999999,-18.95903608591365],[-52.0426269,-18.959275385913738],[-52.0418913999999,-18.9595369859137],[-52.04157359999991,-18.959631585913673],[-52.0411146,-18.9600990859136],[-52.040461400000005,-18.96066118591347],[-52.0401495,-18.960694585913547],[-52.0398612,-18.96051648591358],[-52.0396198999999,-18.959998885913645],[-52.0393845,-18.959331085913615],[-52.0389254999999,-18.95897488591368],[-52.0384606,-18.959030585913638],[-52.0381075,-18.95959818591369],[-52.0380605,-18.960115785913665],[-52.0382193999999,-18.960828185913545],[-52.0379192,-18.961329085913356],[-52.0374131999999,-18.96160178591341],[-52.0366127999999,-18.96164628591336],[-52.03604200000001,-18.96135128591339],[-52.0357301,-18.96097848591349],[-52.0357301,-18.960538785913446],[-52.0360185,-18.959926585913653],[-52.0360714999999,-18.95954258591367],[-52.0358302,-18.95903058591364],[-52.0351181,-18.958446185913836],[-52.0344708,-18.958062185913903],[-52.0340059,-18.958151185913866],[-52.0327996,-18.958390485913842],[-52.0315108999999,-18.959052785913663],[-52.0312049,-18.959319985913627],[-52.0309164999999,-18.959876485913657],[-52.0311695999999,-18.96012698591355],[-52.0314931999999,-18.96045528591358],[-52.0314931999999,-18.960850385913556],[-52.0309576999999,-18.961150985913484],[-52.0302927,-18.961156485913516],[-52.0294807,-18.9611620859135],[-52.0285744,-18.961278985913406],[-52.0281919,-18.961601785913412],[-52.0278506,-18.962503285913318],[-52.0273387,-18.96301538591327],[-52.026455999999904,-18.963404885913132],[-52.0250318999999,-18.963649785913066],[-52.02360780000001,-18.96390018591316],[-52.0227662999999,-18.96393918591315],[-52.0217953,-18.96376668591315],[-52.020589,-18.963610785913204],[-52.019465,-18.963438285913234],[-52.0187177,-18.963438285913234],[-52.0180761999999,-18.963855685913174],[-52.0175877999999,-18.96427308591311],[-52.01732889999991,-18.96494648591292],[-52.0174641999999,-18.965230285912998],[-52.0177643,-18.965469585912867],[-52.0185235,-18.965792385912806],[-52.0196592,-18.96613188591275],[-52.0199886999999,-18.966181985912765],[-52.02020650000001,-18.966471285912828],[-52.020077,-18.967094585912623],[-52.0196533,-18.967584385912666],[-52.017911500000004,-18.968268885912483],[-52.016828700000005,-18.968597185912525],[-52.0152869,-18.96916488591248],[-52.0148397,-18.969392985912425],[-52.0145454,-18.969776985912386],[-52.0141335,-18.970450385912248],[-52.0137215999999,-18.97173588591204],[-52.0136098,-18.97223678591207],[-52.0136568999999,-18.97288788591188],[-52.0138863999999,-18.974573985911825],[-52.0139804999999,-18.975063685911746],[-52.0142218,-18.975659185911542],[-52.0145337,-18.976070985911488],[-52.0153693,-18.976755385911403],[-52.0164225999999,-18.977501085911335],[-52.0173111999999,-18.977957385911367],[-52.0183175,-18.978174485911328],[-52.0200123,-18.97845828591122],[-52.0203536,-18.978636285911183],[-52.0204477,-18.979125985911185],[-52.020194699999905,-18.979454385911176],[-52.0195591999999,-18.97953228591119],[-52.0188118,-18.97947098591104],[-52.0183881,-18.979582285911093],[-52.017423,-18.980489385911024],[-52.0169405,-18.980889985910878],[-52.0162167,-18.981752585910783],[-52.0158577,-18.98246478591069],[-52.0155516999999,-18.98263728591076],[-52.0150573999999,-18.982631785910776],[-52.01463960000001,-18.982436985910702],[-52.0143277,-18.981980685910862],[-52.0140099,-18.98130178591093],[-52.0137862999999,-18.981123785910953],[-52.01314490000001,-18.981157085910972],[-52.0126741,-18.981218385910857],[-52.0125623,-18.981073685910964],[-52.0124976,-18.980689685911027],[-52.0126859,-18.98005528591103],[-52.0126447,-18.979326385911083],[-52.0124916999999,-18.97814108591134],[-52.0121386,-18.97770148591143],[-52.0116030999999,-18.97745658591146],[-52.0107675,-18.977706985911418],[-52.0102967,-18.977584585911302],[-52.0096081999999,-18.97738428591144],[-52.00818420000001,-18.976972485911386],[-52.0078017,-18.976783285911523],[-52.0072779,-18.97629358591158],[-52.0066836,-18.975531185911652],[-52.0065953,-18.974941285911736],[-52.0063187,-18.97444048591183],[-52.0058597,-18.973700285911946],[-52.0054653999999,-18.97316048591187],[-52.0052418,-18.97235918591206],[-52.0046828,-18.971452085912194],[-52.0046121999999,-18.97051158591232],[-52.0045709999999,-18.970088685912387],[-52.0044533,-18.96934848591247],[-52.003906,-18.96871968591251],[-52.0026879,-18.968051785912625],[-52.0011402,-18.967601085912662],[-52.0002810999999,-18.967439685912627],[-51.9987393,-18.96731728591263],[-51.998192,-18.967411885912632],[-51.9976270999999,-18.967890485912672],[-51.9971916,-18.968981185912494],[-51.997015099999906,-18.969537685912364],[-51.9967796999999,-18.970428085912264],[-51.9962735999999,-18.971529985912184],[-51.9960029,-18.972186685912124],[-51.996203,-18.973143785911855],[-51.9963796,-18.973555585911825],[-51.9962500999999,-18.974078685911852],[-51.9956615999999,-18.974234585911727],[-51.9949554999999,-18.974167785911835],[-51.9941904999999,-18.97425678591184],[-51.9930136,-18.974445985911732],[-51.9912128999999,-18.974523885911776],[-51.99042350417453,-18.97442863614432],[-51.9901065,-18.97439038591169],[-51.9891297,-18.974312485911735],[-51.9880469,-18.974334685911735],[-51.987281900000006,-18.974167785911835],[-51.9862108999999,-18.973644685911918],[-51.9848691999999,-18.972987985911864],[-51.9834216,-18.972386985912074],[-51.98206809999991,-18.972086485912026],[-51.98095,-18.972353585912046],[-51.98030270000001,-18.97303248591188],[-51.9793612,-18.973622385911902],[-51.9791610999999,-18.974112085911813],[-51.9794082999999,-18.97460178591176],[-51.979573,-18.97526958591161],[-51.97937300000001,-18.975993085911625],[-51.9793023,-18.97683888591152],[-51.9791023,-18.977851685911368],[-51.9791729,-18.979087085911225],[-51.9791610999999,-18.980144385911117],[-51.978761,-18.98096798591097],[-51.9780312999999,-18.981568885910917],[-51.9771368,-18.98172468591088],[-51.9764423999999,-18.981401985910793],[-51.9760069,-18.980834385910878],[-51.9754067,-18.98003308591109],[-51.9746122999999,-18.979164985911222],[-51.9743475,-18.978608485911277],[-51.9742474,-18.97792398591136],[-51.9741238999999,-18.976532785911566],[-51.9739825999999,-18.976031985911604],[-51.9737708,-18.975464385911696],[-51.97346479999991,-18.975180585911612],[-51.9728704,-18.975213985911626],[-51.9719171,-18.975442085911645],[-51.9711402999999,-18.975803885911642],[-51.9706930999999,-18.976054285911513],[-51.9702106,-18.976594085911437],[-51.969910500000005,-18.97720618591144],[-51.9695867999999,-18.977706985911418],[-51.9691630999999,-18.977890685911305],[-51.9686806,-18.97781278591138],[-51.9682804,-18.977556785911283],[-51.9678979,-18.977156085911364],[-51.9676213,-18.97671088591144],[-51.9674271,-18.97629358591158],[-51.9672624,-18.97604308591161],[-51.96702700000001,-18.97563688591155],[-51.9670798999999,-18.975319685911632],[-51.9673036,-18.975091585911628],[-51.9681509,-18.974407085911817],[-51.968916,-18.973861685911793],[-51.969304300000005,-18.973616885911902],[-51.9695162,-18.973143785911848],[-51.9693573,-18.97259288591195],[-51.9691395999999,-18.97204198591202],[-51.9692042999999,-18.97109588591226],[-51.9693161,-18.970689685912284],[-51.9694044,-18.969337385912475],[-51.9692926,-18.967890485912676],[-51.9690512999999,-18.967211485912706],[-51.9687865,-18.967061285912774],[-51.9683333999999,-18.967317285912628],[-51.9676861,-18.968029585912618],[-51.9671506,-18.968936685912524],[-51.9668387,-18.96991058591226],[-51.9667386,-18.970400285912227],[-51.9666268,-18.971023585912253],[-51.9663738,-18.97140198591223],[-51.9661207999999,-18.971618985912176],[-51.9655382,-18.971585685912085],[-51.9651674,-18.97135748591219],[-51.9654087,-18.970912285912245],[-51.9656853,-18.970366885912213],[-51.9661207999999,-18.96985488591239],[-51.9662384,-18.969532185912364],[-51.9661677999999,-18.969292885912452],[-51.9656088,-18.969053585912427],[-51.9650674,-18.96893668591252],[-51.9645613,-18.968741885912443],[-51.9640552,-18.96866958591242],[-51.9632079,-18.968942285912487],[-51.96233099999991,-18.96937078591243],[-51.9623369,-18.969860485912392],[-51.9622780999999,-18.970361285912315],[-51.962078,-18.970823185912145],[-51.9614953999999,-18.971235085912134],[-51.9609892999999,-18.971746985912052],[-51.9609364,-18.972425985911983],[-51.9611953,-18.973004685911892],[-51.9613542,-18.973332985911952],[-51.9611247,-18.973989685911736],[-51.9606951,-18.974785485911642],[-51.9600536999999,-18.975720385911533],[-51.9599478,-18.976282385911464],[-51.9599301,-18.976977985911503],[-51.9596771,-18.977551185911288],[-51.9587591,-18.978269085911315],[-51.9574585999999,-18.97935418591107],[-51.9561992,-18.979955185911027],[-51.9548399,-18.980455985910954],[-51.9545398,-18.98038918591097],[-51.9540395999999,-18.980033085911092],[-51.9536365,-18.97990228591102],[-51.9533304999999,-18.979868885911024],[-51.952642,-18.980147185911107],[-51.9518121999999,-18.980792685910878],[-51.9509942999999,-18.981137685910987],[-51.9504294,-18.980937285910876],[-51.9498821,-18.980102585911087],[-51.9493878,-18.979050885911118],[-51.9493641999999,-18.9784164859113],[-51.9496938,-18.97814388591132],[-51.9506589,-18.977893385911365],[-51.9515062,-18.977687485911286],[-51.9522889,-18.977281285911456],[-51.9529833,-18.97714218591135],[-51.9530245,-18.976763785911523],[-51.9528715,-18.97607928591162],[-51.9525714,-18.97536138591158],[-51.95197110000001,-18.974905085911658],[-51.9515416,-18.97482718591166],[-51.9504469999999,-18.97513328591172],[-51.9497938,-18.97545608591167],[-51.9493583999999,-18.97600698591165],[-51.9488287,-18.97580108591165],[-51.9481873,-18.97520008591163],[-51.9475341,-18.975322485911626],[-51.9466514,-18.97573428591156],[-51.9460041,-18.975667485911565],[-51.9453803,-18.97508318591173],[-51.9443740999999,-18.974482185911807],[-51.9433736999999,-18.973981385911877],[-51.9426968999999,-18.97335248591192],[-51.9426381,-18.972795985912],[-51.9435678999999,-18.97188338591214],[-51.9437268,-18.971566185912117],[-51.9437091,-18.97090948591217],[-51.9436972999999,-18.970124785912397],[-51.9434678,-18.969529385912338],[-51.9417142,-18.968544385912427],[-51.9407373999999,-18.968232685912515],[-51.9400077,-18.968471985912544],[-51.9388777999999,-18.96945698591241],[-51.9380363,-18.97013038591235],[-51.93657100000001,-18.970636785912298],[-51.9364042,-18.970728685912157],[-51.9355705999999,-18.97118778591212],[-51.93516170000001,-18.97185548591203],[-51.9347526999999,-18.972523285912043],[-51.9339669,-18.973119885912002],[-51.9338875999999,-18.973179985911955],[-51.9337699,-18.97345828591184],[-51.9336522999999,-18.97491068591175],[-51.9336934,-18.975355885911664],[-51.9335522,-18.976118285911493],[-51.9332815,-18.97655228591154],[-51.9328106999999,-18.976663585911393],[-51.9319163,-18.97654118591148],[-51.9297271999999,-18.97706428591139],[-51.9286892,-18.97694398591141],[-51.9286753,-18.9769400859115],[-51.9283991,-18.97686328591144],[-51.92796930000001,-18.976584585911514],[-51.9275623,-18.9763664859115],[-51.9269959,-18.976197785911612],[-51.9265832,-18.97621368591161],[-51.9262181999999,-18.97622768591156],[-51.9260596999999,-18.976281185911553],[-51.9257709999999,-18.976415785911477],[-51.925599,-18.976614085911407],[-51.9254784999999,-18.97712188591139],[-51.9254832999999,-18.977623285911317],[-51.9256432,-18.97837128591125],[-51.9259293,-18.9787405859113],[-51.9263812999999,-18.979096085911078],[-51.926776,-18.979328285911205],[-51.9271704,-18.979543385911192],[-51.9274296999999,-18.97980718591114],[-51.9276718,-18.980245385911],[-51.9275282999999,-18.98060328591093],[-51.9270440999999,-18.981253285910846],[-51.9268873999999,-18.982205285910844],[-51.9269115,-18.982904285910738],[-51.9267067,-18.983410485910568],[-51.926589,-18.98391408591049],[-51.9262844,-18.984434785910576],[-51.92600309999991,-18.98492268591049],[-51.9255256,-18.98514578591039],[-51.924905,-18.985133785910463],[-51.9243023999999,-18.985001185910384],[-51.9237481,-18.984754185910415],[-51.92315990000001,-18.984551285910534],[-51.9225378,-18.984375385910532],[-51.9218499999999,-18.98432028591056],[-51.9211394,-18.98429908591049],[-51.92044,-18.98427818591046],[-51.9197609999999,-18.98418058591046],[-51.9190179999999,-18.98410938591057],[-51.9181675999999,-18.983963085910602],[-51.9173248,-18.983862385910594],[-51.916643,-18.984022485910593],[-51.91583790000001,-18.984368285910552],[-51.9148802,-18.98494258591047],[-51.9141026999999,-18.985523085910433],[-51.9136306,-18.985981085910254],[-51.9132526,-18.986400585910324],[-51.9131182,-18.987070285910235],[-51.9131402,-18.98785688591005],[-51.9131365,-18.988378385909982],[-51.9129335,-18.988620285910038],[-51.9126717999999,-18.98876058591],[-51.9123124,-18.989104885909953],[-51.9117807,-18.989409285909943],[-51.9114873,-18.989536485909802],[-51.9109035,-18.989889585909836],[-51.9104978,-18.990134985909812],[-51.9102085,-18.990339885909844],[-51.910088,-18.990635185909664],[-51.9100519,-18.991105185909642],[-51.9099998,-18.991461185909557],[-51.9098832,-18.991773985909617],[-51.9097024,-18.99218378590955],[-51.9094251999999,-18.99255728590942],[-51.9090515999999,-18.992762185909488],[-51.9086298,-18.99291888590939],[-51.9082079999999,-18.993220185909326],[-51.9079429,-18.9934972859093],[-51.9075452,-18.99394318590927],[-51.9071475,-18.994377085909306],[-51.9067679,-18.994581885909277],[-51.906315999999904,-18.99469038590929],[-51.9055205999999,-18.99470848590917],[-51.9050443,-18.994692585909267],[-51.9045384,-18.994762685909258],[-51.9038454999999,-18.99510618590919],[-51.9033702,-18.995400885909106],[-51.9027488,-18.99566658590902],[-51.9021402,-18.995750885909118],[-51.9015317,-18.995690685909153],[-51.9010375999999,-18.995389385909156],[-51.9006218,-18.99475068590914],[-51.9003205,-18.9943649859093],[-51.89989270000001,-18.993997485909333],[-51.8995250999999,-18.99394318590927],[-51.8988864,-18.99410588590935],[-51.89838030000001,-18.99426258590932],[-51.8975667999999,-18.994413185909163],[-51.8970866,-18.994484985909196],[-51.8967809,-18.99470198590926],[-51.8965782,-18.995024885909242],[-51.8965459,-18.99549318590905],[-51.8965659,-18.995927685909123],[-51.8964233,-18.996427185909056],[-51.8962807999999,-18.996830885909002],[-51.8960903,-18.997310885908824],[-51.8958671,-18.997847785908764],[-51.8958484,-18.99861908590866],[-51.8956626999999,-18.999281885908673],[-51.8954356,-18.999951785908593],[-51.8944951,-19.001481285908415],[-51.8941909,-19.00210678590832],[-51.8940775,-19.00265358590828],[-51.8939131,-19.003640385908042],[-51.8937422,-19.004632385907893],[-51.8936155,-19.005219285907966],[-51.89358,-19.00535238590782],[-51.8933895,-19.00658288590781],[-51.8931071,-19.006905585907745],[-51.891836,-19.00706138590764],[-51.8906473,-19.00701688590764],[-51.8899412,-19.007283985907698],[-51.8891996999999,-19.008274285907564],[-51.8887994999999,-19.009420485907423],[-51.8888231,-19.010277285907243],[-51.8890938,-19.010878185907263],[-51.8895998,-19.01152348590719],[-51.8900118,-19.012424885906945],[-51.8902472,-19.012858785906896],[-51.8906708,-19.013760085906885],[-51.8908003,-19.01473928590678],[-51.8908355999999,-19.01638608590657],[-51.8907728,-19.016869985906425],[-51.8907881,-19.01710368590648],[-51.8908046999999,-19.017281485906476],[-51.89079650000001,-19.01752418590646],[-51.8906643,-19.017768585906417],[-51.8905081999999,-19.017899485906298],[-51.8902327,-19.018032785906364],[-51.8897525,-19.018013185906256],[-51.8893930999999,-19.01790408590637],[-51.8886598,-19.017718685906306],[-51.8884525,-19.01765168590634],[-51.88789330000001,-19.01757668590633],[-51.8870224,-19.018121885906332],[-51.8861514,-19.01845568590619],[-51.8847862,-19.018756085906258],[-51.8841154,-19.019212285906125],[-51.8835622,-19.020146985906088],[-51.8826207,-19.02108158590588],[-51.8820909999999,-19.022027385905886],[-51.8819027,-19.02293978590577],[-51.8820557,-19.023763085905546],[-51.8823264,-19.024998185905513],[-51.8819616,-19.02544318590536],[-51.8805728,-19.025943885905377],[-51.8793487999999,-19.025966185905414],[-51.8784307999999,-19.025832585905338],[-51.8779483,-19.026066285905394],[-51.8779129,-19.02667818590519],[-51.8775598999999,-19.027523785905107],[-51.8770302999999,-19.028502885905038],[-51.8766535999999,-19.029548785904872],[-51.8765711999999,-19.030038285904787],[-51.8762887999999,-19.0309617859047],[-51.8757826999999,-19.031440185904717],[-51.8750648,-19.031595985904687],[-51.8745469,-19.031273285904735],[-51.8737819,-19.030894985904673],[-51.8727345,-19.030794885904687],[-51.8717458,-19.031106385904646],[-51.8715928,-19.031506985904727],[-51.8718165,-19.03210778590453],[-51.8717693999999,-19.032842085904583],[-51.871239800000005,-19.03382118590441],[-51.8706630999999,-19.03521188590425],[-51.8700393,-19.03669158590398],[-51.8695215,-19.03723668590393],[-51.8683445,-19.037559385903965],[-51.86766190000001,-19.037881985903944],[-51.8666967999999,-19.038471685903758],[-51.8655317,-19.03933948590373],[-51.8646019,-19.04044088590362],[-51.8641311,-19.04083028590358],[-51.86346030000001,-19.041386485903423],[-51.862966,-19.042232085903407],[-51.8627541,-19.04352258590321],[-51.8628012,-19.044301285903128],[-51.8628012,-19.044957685902965],[-51.8622127,-19.04585878590297],[-51.8616830999999,-19.046726585902764],[-51.8610945999999,-19.04739408590276],[-51.86023549999991,-19.04783908590271],[-51.8593175,-19.048206185902657],[-51.8585054,-19.048873685902514],[-51.8580110999999,-19.049630185902494],[-51.8576816,-19.050531285902277],[-51.8575830999999,-19.050573285902306],[-51.8573167,-19.050686985902363],[-51.8569754,-19.050609185902264],[-51.8565634999999,-19.050419985902423],[-51.8561516,-19.050508985902393],[-51.8553982999999,-19.050764885902275],[-51.8545038999999,-19.051209885902182],[-51.8537506,-19.051855085902236],[-51.8529032,-19.052433585902143],[-51.8522206,-19.05248918590216],[-51.8517381,-19.052021985902215],[-51.8513025999999,-19.05139898590222],[-51.850772999999904,-19.050653685902283],[-51.8503611,-19.049674685902477],[-51.8497490999999,-19.048606685902516],[-51.8493253999999,-19.04782798590272],[-51.8487722,-19.04736068590278],[-51.848172,-19.046615285902774],[-51.8478777,-19.04598118590296],[-51.8479837,-19.045580685903023],[-51.8485014999999,-19.045424985903026],[-51.8493488999999,-19.045547285903016],[-51.8499373999999,-19.045469485903013],[-51.850467,-19.045291485903004],[-51.8508553999999,-19.04477968590298],[-51.850926,-19.04419008590315],[-51.8503492999999,-19.043466985903237],[-51.8493607,-19.043055285903193],[-51.8478895,-19.04256578590337],[-51.8462064999999,-19.042309885903414],[-51.8446529999999,-19.04196498590332],[-51.843429,-19.041998385903405],[-51.8421696,-19.04242118590334],[-51.8408868,-19.04338908590327],[-51.8397333999999,-19.044434785903114],[-51.83887420000001,-19.044623985903023],[-51.83815630000001,-19.044935485903075],[-51.8366028,-19.045291485903004],[-51.83552,-19.04555848590299],[-51.8350728,-19.045858785902972],[-51.8351316,-19.046337185902896],[-51.8356142,-19.04667098590276],[-51.8364615,-19.047115985902803],[-51.8378268,-19.04767218590274],[-51.8384152,-19.04836198590254],[-51.8391566999999,-19.04911838590248],[-51.8395216,-19.049997285902446],[-51.8402513,-19.05076488590227],[-51.8409692,-19.051031885902205],[-51.8419696,-19.05135448590221],[-51.8428992999999,-19.05178838590223],[-51.8437938,-19.05263378590213],[-51.8440879999999,-19.05311218590199],[-51.8438997,-19.054669585901884],[-51.8436407999999,-19.056048985901693],[-51.84327599999991,-19.056449485901588],[-51.842817000000004,-19.05658298590156],[-51.8424161999999,-19.056665785901657],[-51.841995600000004,-19.05686028590163],[-51.8418114,-19.05691448590153],[-51.8415295,-19.057033685901587],[-51.8412367999999,-19.057120385901626],[-51.8409008,-19.05715298590162],[-51.8405539,-19.05716378590162],[-51.8402720999999,-19.05707708590159],[-51.8397517,-19.056784385901633],[-51.8392421999999,-19.056274885901576],[-51.8389495,-19.055884685901777],[-51.8386568999999,-19.05562448590176],[-51.8383317,-19.05529928590173],[-51.8380822999999,-19.0552341859018],[-51.83785470000001,-19.055245085901834],[-51.8375512,-19.055353485901836],[-51.8372151,-19.055591985901668],[-51.8369129,-19.05577238590174],[-51.8366176,-19.055882085901747],[-51.8364381,-19.055908485901632],[-51.8361419,-19.055906285901653],[-51.8357842,-19.055862985901637],[-51.8354806999999,-19.05583048590177],[-51.8352422,-19.055852085901744],[-51.8349191,-19.055874085901724],[-51.8344837,-19.056063685901734],[-51.8342509999999,-19.056196685901615],[-51.8337553,-19.056418585901692],[-51.8334753,-19.056448285901574],[-51.8331284,-19.056437485901707],[-51.832985287264115,-19.056405371748564],[-51.8325972,-19.056318285901575],[-51.8321744,-19.05609058590162],[-51.8314265,-19.05568948590177],[-51.8311555,-19.055461885901824],[-51.8307326999999,-19.055169185901832],[-51.8302449,-19.054984885901874],[-51.8297787,-19.054865685901756],[-51.8293993,-19.054789785901878],[-51.8287923,-19.054713885901894],[-51.8280768,-19.054705585901875],[-51.8275497,-19.054711585901885],[-51.8269061,-19.054833185901852],[-51.82615810000001,-19.054778985901788],[-51.8255619,-19.054605485901902],[-51.8252814424208,-19.054482802555718],[-51.8250416,-19.05437788590191],[-51.82438030000001,-19.054095985901977],[-51.8238057999999,-19.053890085901852],[-51.823383,-19.053814185901967],[-51.8230794999999,-19.05381418590197],[-51.8227254,-19.053831585901985],[-51.8224248999999,-19.05387658590198],[-51.8222014,-19.053944285901977],[-51.8217136,-19.054150185901943],[-51.8211608,-19.054247785901847],[-51.8206513,-19.05425858590194],[-51.8200826,-19.054273285901935],[-51.8191651,-19.054322085901955],[-51.81804149999991,-19.054539585901797],[-51.8168818,-19.05472078590178],[-51.8157052999999,-19.05509468590175],[-51.8153351,-19.05538428590181],[-51.8153282,-19.05539178590172],[-51.81506890000001,-19.05567458590176],[-51.8149099,-19.05596318590173],[-51.8147299,-19.056247485901576],[-51.8144761999999,-19.056595185901575],[-51.8141998,-19.056895385901615],[-51.8139902,-19.057104885901573],[-51.8136924,-19.057402785901537],[-51.8130037,-19.05798258590138],[-51.8123621,-19.05831308590145],[-51.8117204,-19.05853918590132],[-51.8110104,-19.058750285901276],[-51.81043479999991,-19.058999685901362],[-51.809940099999906,-19.059406785901302],[-51.80941569999991,-19.060012285901248],[-51.8089252999999,-19.060813885901155],[-51.80852250000001,-19.061611285901037],[-51.8082497,-19.062071885901005],[-51.8079061999999,-19.06249198590096],[-51.8076085,-19.06271608590082],[-51.80720480000001,-19.062911685900932],[-51.8068332,-19.06300048590077],[-51.8064396,-19.063030985900877],[-51.8058382999999,-19.063043785900785],[-51.8054999,-19.063026385900887],[-51.8049224,-19.063055685900792],[-51.8044345,-19.063166285900895],[-51.8040516999999,-19.06330188590077],[-51.80355039999991,-19.06346978590085],[-51.8031584,-19.063608785900694],[-51.8027794,-19.06376918590082],[-51.8022758,-19.063853985900703],[-51.8018704999999,-19.064013885900778],[-51.8015829999999,-19.064152585900672],[-51.8014054999999,-19.064235685900638],[-51.8009790999999,-19.064452185900606],[-51.8006662,-19.064630685900685],[-51.8003970999999,-19.064833785900685],[-51.8001533,-19.065056485900634],[-51.799886,-19.065269785900625],[-51.7996547,-19.065399485900574],[-51.7993516,-19.065519785900467],[-51.79903590000001,-19.065641385900467],[-51.7985563999999,-19.06574718590055],[-51.7980739,-19.065792085900533],[-51.7976138,-19.06585948590046],[-51.7970187,-19.066017985900434],[-51.7966469,-19.06617508590051],[-51.79631199999991,-19.066431785900466],[-51.7961885,-19.06661138590036],[-51.7960313999999,-19.066970485900438],[-51.79592239999991,-19.067316585900382],[-51.7958227999999,-19.067651885900204],[-51.7957762,-19.06805898590022],[-51.7957102,-19.06855108590022],[-51.7956685,-19.06893438590007],[-51.7956363,-19.069344985900045],[-51.795699,-19.069665585900097],[-51.7957717003952,-19.069983367204497],[-51.7957792999999,-19.070016585900024],[-51.7958733999999,-19.070308685899903],[-51.7960739,-19.070557285900012],[-51.7964143999999,-19.070695485899854],[-51.7967528,-19.07069828589989],[-51.7971873,-19.070640185899993],[-51.7974679,-19.070640185899993],[-51.7978045,-19.07070748589995],[-51.7980739,-19.070785985899825],[-51.79817439999991,-19.070868785899947],[-51.7982421999999,-19.070999285899912],[-51.7982309999999,-19.071212485899792],[-51.7980962999999,-19.07160528589978],[-51.7978831,-19.07206538589969],[-51.7976922999999,-19.072570385899756],[-51.7974886,-19.07300948589968],[-51.7973795,-19.073262685899554],[-51.797203099999905,-19.07345348589964],[-51.7969067999999,-19.073625285899496],[-51.7965364,-19.073726285899603],[-51.7960763,-19.073759885899598],[-51.7956498999999,-19.073782385899595],[-51.7947632999999,-19.073894585899577],[-51.7939291,-19.07390258589949],[-51.7933492999999,-19.07382728589949],[-51.7928891999999,-19.073726285899607],[-51.7925749999999,-19.073658885899526],[-51.7922383,-19.073569185899622],[-51.7916547,-19.07356918589963],[-51.7913293,-19.073580385899618],[-51.7910712,-19.0736701858996],[-51.79084670000001,-19.073860885899492],[-51.7906111,-19.074119085899568],[-51.7904427,-19.074343485899433],[-51.7901957999999,-19.074624085899394],[-51.7900835999999,-19.074848485899448],[-51.7900275,-19.07503928589943],[-51.7900051,-19.07527498589943],[-51.7900835999999,-19.075555485899386],[-51.7902968,-19.075914585899366],[-51.7906111,-19.076172685899312],[-51.7908803999999,-19.076554285899167],[-51.7911946,-19.077059285899182],[-51.7913854,-19.07751938589915],[-51.7915986,-19.0781253858991],[-51.7916996,-19.07837228589905],[-51.7917221,-19.078607985899026],[-51.7916996,-19.078832385898988],[-51.7916211,-19.079112985898877],[-51.7915537,-19.079258885898913],[-51.7914638999999,-19.07946088589892],[-51.7913742,-19.079629185898806],[-51.7912395,-19.07974138589878],[-51.7910823999999,-19.079831185898794],[-51.7909028,-19.079898485898852],[-51.7905886,-19.07996588589878],[-51.7902407,-19.07999948589877],[-51.7898815999999,-19.079954585898857],[-51.7895000999999,-19.079887285898753],[-51.7891185,-19.079786285898866],[-51.7886472,-19.07971898589886],[-51.7884114999999,-19.079730185898878],[-51.7881533999999,-19.079864885898882],[-51.7878279,-19.08006688589883],[-51.7875466,-19.08019888589886],[-51.787278,-19.0803249858988],[-51.78673939999991,-19.08061678589878],[-51.7863129,-19.080785085898782],[-51.7854824999999,-19.08105438589874],[-51.7848877,-19.081121785898624],[-51.7843602,-19.0812563858987],[-51.7837542,-19.081379885898603],[-51.7824525,-19.081379885898603],[-51.78188010000001,-19.081301285898743],[-51.781218,-19.081121785898628],[-51.7805671,-19.08075138589866],[-51.78029780000001,-19.0805493858987],[-51.7800526,-19.080323185898813],[-51.7798826,-19.079954585898857],[-51.77975910000001,-19.07960678589893],[-51.77959079999991,-19.07927008589894],[-51.7793551,-19.078866085899],[-51.77919249810638,-19.078691914933547],[-51.7791245999999,-19.078619185898912],[-51.7788277,-19.078361085898976],[-51.7784801999999,-19.078153485898948],[-51.7781969,-19.07796038589896],[-51.77779209999991,-19.077586685899075],[-51.7775468999999,-19.077448885899187],[-51.7772219,-19.077297485899084],[-51.7769872,-19.077239685899148],[-51.7765512999999,-19.077246285899164],[-51.7761935999999,-19.077307585899067],[-51.7758425,-19.077440885899055],[-51.7754272999999,-19.07767648589905],[-51.7750009,-19.077979485899096],[-51.77463049999991,-19.078372285899054],[-51.7742825999999,-19.078686485898885],[-51.7739010999999,-19.07912418589894],[-51.7735082999999,-19.079561885898823],[-51.7732389999999,-19.07995458589886],[-51.7730620999999,-19.08031188589884],[-51.7729924,-19.080693485898706],[-51.7729502,-19.08102198589872],[-51.7729341,-19.081355285898606],[-51.7728577999999,-19.08163548589857],[-51.7727305,-19.081909085898655],[-51.7724931,-19.08217178589861],[-51.77230263131491,-19.08231095116676],[-51.7722424999999,-19.082354885898486],[-51.7719857,-19.082540485898434],[-51.7716720999999,-19.082653985898443],[-51.771635531971505,-19.082661358042277],[-51.7714721999999,-19.082694285898523],[-51.7710506,-19.08269288589843],[-51.7706242,-19.08267038589843],[-51.7702381,-19.082714985898512],[-51.7697039999999,-19.08284998589849],[-51.7692999999999,-19.0829299858985],[-51.7689071999999,-19.083018285898387],[-51.768480699999905,-19.083096885898357],[-51.768211400000006,-19.08318668589842],[-51.7678410999999,-19.083332585898354],[-51.7675493,-19.083534585898434],[-51.7672238,-19.083938585898398],[-51.7669096,-19.084308885898203],[-51.7665729,-19.084825085898196],[-51.7663259999999,-19.08526278589823],[-51.76618848218301,-19.08552252664613],[-51.766023,-19.08583508589804],[-51.7656911999999,-19.086223585898118],[-51.7652712,-19.08659818589809],[-51.7647549,-19.086990985898023],[-51.7642274999999,-19.087237885897917],[-51.7637113,-19.087428685897986],[-51.7632287,-19.08769798589786],[-51.7628359,-19.087922485897803],[-51.7624207,-19.088124485897787],[-51.7620166999999,-19.088315185897837],[-51.7614667999999,-19.088505985897747],[-51.7609057,-19.088606985897826],[-51.76026599999991,-19.088775385897797],[-51.7597385999999,-19.088921185897803],[-51.759708778503224,-19.08892611674551],[-51.7593854,-19.08897958589778],[-51.7589306,-19.088999785897787],[-51.7585783,-19.08894598589779],[-51.7582348,-19.088853885897702],[-51.7575615,-19.08856208589775],[-51.7567983,-19.088169385897867],[-51.7561923,-19.08795608589785],[-51.7555351,-19.087747485897925],[-51.7546323999999,-19.087327685897886],[-51.7539141999999,-19.086845085897945],[-51.7533419,-19.086407485898082],[-51.7527133999999,-19.08599218589815],[-51.7523543,-19.08577898589803],[-51.7520289,-19.085644285898155],[-51.7517819999999,-19.08558818589818],[-51.7514844,-19.0855807858981],[-51.7512209,-19.0855993858982],[-51.7508842,-19.085711685898058],[-51.7504352999999,-19.085947285898033],[-51.7500312999999,-19.086059585898038],[-51.7496161,-19.086126885898118],[-51.7493822,-19.086108585898035],[-51.7491223,-19.08603708589803],[-51.74858360000001,-19.085700385898186],[-51.7480786,-19.085475985898213],[-51.74767460000001,-19.085431085898104],[-51.7472594,-19.085532085898194],[-51.7467432,-19.08577898589803],[-51.7462606,-19.085902485898153],[-51.7458678,-19.085947285898033],[-51.7455199,-19.085924885898148],[-51.7449700999999,-19.085947285898037],[-51.7444538,-19.086048285898126],[-51.7442966999999,-19.08616058589813],[-51.74415079999991,-19.086418685898117],[-51.7441059,-19.086777785897958],[-51.7440498,-19.087114485897924],[-51.7440611,-19.087361285897902],[-51.7439712999999,-19.08754088589798],[-51.7437019,-19.087776585897828],[-51.7433988999999,-19.087899985897803],[-51.7429837,-19.087978585897805],[-51.7428826999999,-19.0879616858978],[-51.7427817,-19.087944885897908],[-51.742445,-19.087899985897806],[-51.7422205999999,-19.08796728589784],[-51.7420298,-19.08814688589792],[-51.7418615,-19.088382585897744],[-51.7416707,-19.088752885897815],[-51.7415809,-19.089134485897663],[-51.7415697,-19.089471085897706],[-51.7416145999999,-19.089661885897733],[-51.7416818999999,-19.089942485897563],[-51.7418503,-19.09018938589756],[-51.7420858999999,-19.09041378589763],[-51.7424786999999,-19.090649485897462],[-51.742849,-19.090772885897486],[-51.7433091999999,-19.090828985897495],[-51.7437917,-19.09082898589749],[-51.7442966999999,-19.090694385897585],[-51.7449139,-19.09050358589764],[-51.7453853,-19.09042498589762],[-51.7460586,-19.0904362858976],[-51.747035,-19.09067188589757],[-51.7473828,-19.090761685897565],[-51.7479076,-19.090935285897547],[-51.7482644999999,-19.091165685897533],[-51.7484279,-19.091426985897463],[-51.7484388999999,-19.091877585897446],[-51.748393,-19.092196985897285],[-51.7483326,-19.092535785897336],[-51.7482866,-19.09294038589732],[-51.7481316,-19.093313385897208],[-51.7478766,-19.093679485897237],[-51.7475924,-19.093923085897103],[-51.7472976999999,-19.094175785897185],[-51.7470127999999,-19.09439818589705],[-51.746725000000005,-19.094666685897018],[-51.7464972,-19.09496118589701],[-51.7462935,-19.09538118589706],[-51.7459775999999,-19.095707185896913],[-51.7457659999999,-19.095847685896945],[-51.7457024,-19.095889985896875],[-51.745617986523634,-19.09598056457735],[-51.7451602,-19.096471785896917],[-51.7449573,-19.096789685896763],[-51.74464460000001,-19.097091085896757],[-51.7440611,-19.097427685896793],[-51.7438513,-19.0975897858968],[-51.7435672999999,-19.09780928589666],[-51.7433961,-19.09800078589674],[-51.74327550000001,-19.098235685896707],[-51.7430959,-19.09884168589663],[-51.7427592999999,-19.099604885896525],[-51.7422879,-19.100233285896437],[-51.7418615,-19.10056998589633],[-51.7414277999999,-19.100736385896386],[-51.7409886,-19.1008537858964],[-51.740441,-19.10087178589631],[-51.7400704999999,-19.10080358589629],[-51.7397703999999,-19.100689685896427],[-51.7396052,-19.100627085896324],[-51.7390887999999,-19.100443885896397],[-51.7384663999999,-19.100350285896344],[-51.73793549999991,-19.10019418589647],[-51.7376001,-19.100035685896486],[-51.7374265999999,-19.09995358589639],[-51.7366605999999,-19.099511085896545],[-51.7361281999999,-19.0990964858966],[-51.7357312,-19.09890218589655],[-51.7352751,-19.098818585896623],[-51.7345839,-19.098839885896634],[-51.7341997999999,-19.09886878589652],[-51.7334897,-19.09895398589654],[-51.7328836999999,-19.099133485896477],[-51.7322551999999,-19.09935798589646],[-51.7318342999999,-19.099531985896526],[-51.73166650000001,-19.099641885896425],[-51.7315144999999,-19.0998741858964],[-51.7312676999999,-19.10056998589633],[-51.7310613999999,-19.100982785896246],[-51.7308773999999,-19.101473385896316],[-51.7305719,-19.102522585896086],[-51.73035409999991,-19.103037385896037],[-51.7301878,-19.10368318589606],[-51.7301702999999,-19.10377138589604],[-51.7301396,-19.103925185895914],[-51.730108,-19.104083885896046],[-51.7300794999999,-19.10445958589587],[-51.7300384,-19.104732885895817],[-51.7300332,-19.10476708589582],[-51.7300425999999,-19.105042485895883],[-51.7299209999999,-19.105328185895868],[-51.7296292,-19.10586688589578],[-51.7293374,-19.10638308589574],[-51.7292173,-19.106498885895753],[-51.7287987999999,-19.10689928589566],[-51.7283499,-19.107370685895557],[-51.7279844,-19.107592085895604],[-51.7275414,-19.10776018589559],[-51.7271324,-19.107789385895472],[-51.7266711,-19.107755085895562],[-51.7262633999999,-19.107704285895593],[-51.7255989999999,-19.107520785895588],[-51.725039,-19.107382685895605],[-51.7243627999999,-19.10734408589563],[-51.7243167999999,-19.107352285895523],[-51.7238146999999,-19.1074416858956],[-51.7234569999999,-19.1075052858956],[-51.7230643999999,-19.10761658589561],[-51.7227865999999,-19.107656385895506],[-51.7224022999999,-19.107652085895452],[-51.7220654,-19.107591885895516],[-51.7217211,-19.107455085895598],[-51.7208272,-19.10704538589555],[-51.7204943,-19.106854385895673],[-51.7196638,-19.106495285895615],[-51.7192823,-19.10645038589571],[-51.7189006999999,-19.106540185895593],[-51.7183716,-19.10671658589571],[-51.717756,-19.106944185895586],[-51.7173028999999,-19.107007285895683],[-51.7170503,-19.106985285895682],[-51.7167641999999,-19.10689508589569],[-51.7164557999999,-19.106684285895575],[-51.7161849,-19.10638308589574],[-51.7157584999999,-19.10553018589582],[-51.7154891,-19.104811985895907],[-51.7151524999999,-19.104228385896004],[-51.7148943999999,-19.103925385896055],[-51.7146739,-19.103741885895918],[-51.714232200000005,-19.103555085895973],[-51.71384629999991,-19.103470385895967],[-51.7133358,-19.10340398589608],[-51.7129126999999,-19.103286185896092],[-51.7124252999999,-19.103029885896134],[-51.7120065,-19.10298538589612],[-51.7116511,-19.103038885896026],[-51.7114185999999,-19.103189385896123],[-51.7111573,-19.10342038589598],[-51.7107533,-19.10382438589605],[-51.7102146999999,-19.1041610858959],[-51.7096759999999,-19.104497785895887],[-51.7087782,-19.10492418589591],[-51.707656,-19.105373085895867],[-51.7068030999999,-19.105777085895813],[-51.706411100000004,-19.10594218589582],[-51.7059502,-19.106136185895764],[-51.7057237999999,-19.106276785895666],[-51.7055685999999,-19.106472885895723],[-51.7054745999999,-19.106737985895684],[-51.705475,-19.10696308589569],[-51.7055195,-19.107231785895653],[-51.7056583999999,-19.107572685895516],[-51.7059053,-19.10790928589558],[-51.7061624,-19.10804048589557],[-51.7065562,-19.108133785895532],[-51.706995400000004,-19.108159185895406],[-51.7075662,-19.108133785895536],[-51.7083359,-19.107983685895555],[-51.7091191,-19.107830985895568],[-51.7099453,-19.107819585895562],[-51.71069570000001,-19.107969885895464],[-51.7110407,-19.108079485895523],[-51.7113143999999,-19.10820108589553],[-51.7115319,-19.108376585895407],[-51.7116736,-19.108627585895476],[-51.7117054,-19.10882728589547],[-51.7116511,-19.109053985895418],[-51.7113818,-19.10957018589537],[-51.7107981999999,-19.110445585895146],[-51.7103269,-19.111163785895094],[-51.7100649,-19.111459885895073],[-51.7097979,-19.111709185895105],[-51.7094663999999,-19.111929585894963],[-51.7086659999999,-19.112353385895055],[-51.7075212999999,-19.11291448589489],[-51.7062195,-19.113767385894906],[-51.7058868,-19.114033585894845],[-51.7044463999999,-19.115136485894645],[-51.70350870000001,-19.115733185894626],[-51.7034589,-19.11576488589456],[-51.7026059999999,-19.116550485894543],[-51.7019326,-19.117223785894456],[-51.7011694999999,-19.11787468589439],[-51.7006084,-19.11832358589424],[-51.7001145999999,-19.1187948858943],[-51.6994412999999,-19.119131585894127],[-51.6987455,-19.119423385894258],[-51.6981395,-19.119625385894203],[-51.6976945,-19.11969198589409],[-51.6974132,-19.119734085894173],[-51.6967847999999,-19.119679485894206],[-51.6963600999999,-19.119493585894123],[-51.6957379,-19.11906428589415],[-51.6951993,-19.118368485894365],[-51.69486260000001,-19.1179868858943],[-51.69440910000001,-19.11751498589446],[-51.69419090000001,-19.11741468589437],[-51.6940393,-19.117403485894464],[-51.693874299999905,-19.117443385894457],[-51.6936906,-19.11761328589441],[-51.6933096,-19.117737685894426],[-51.69293650000001,-19.117848685894387],[-51.692561,-19.117960485894425],[-51.69211799999991,-19.11804268589427],[-51.6919459,-19.11812628589437],[-51.6917738999999,-19.118209885894355],[-51.6913433,-19.118618085894184],[-51.6910913,-19.118942585894274],[-51.6908074999999,-19.119274085894148],[-51.6901535,-19.11975608589419],[-51.6897044999999,-19.120131585894153],[-51.6890091,-19.120490885894],[-51.6881660999999,-19.120846585893936],[-51.6873805,-19.121096885893945],[-51.6865114999999,-19.121141785894025],[-51.6858847999999,-19.12117408589403],[-51.6849807,-19.120974885894032],[-51.6845157,-19.120785585894044],[-51.6839844,-19.120687685894048],[-51.6835272,-19.12069018589407],[-51.6831968,-19.120760985894048],[-51.6828654999999,-19.120812185893946],[-51.682563,-19.120927185894082],[-51.6824058999999,-19.12106178589393],[-51.6822038999999,-19.121465785893964],[-51.6819121,-19.1220942858939],[-51.681553,-19.122700285893863],[-51.6810366999999,-19.123306285893786],[-51.6804083,-19.123844985893708],[-51.6796227,-19.124383585893533],[-51.6790841,-19.12496718589359],[-51.6788549,-19.12519468589356],[-51.6786658,-19.12542428589352],[-51.6784362,-19.125613285893373],[-51.6781465,-19.12583688589347],[-51.6779094999999,-19.125961685893373],[-51.6774935,-19.126097585893472],[-51.677153099999906,-19.126248085893334],[-51.6767298,-19.126387285893408],[-51.6762077,-19.126545285893382],[-51.6756587,-19.126639185893282],[-51.6752352999999,-19.126734285893356],[-51.6749382,-19.126855885893377],[-51.674614,-19.127031485893223],[-51.6742763999999,-19.1272745858933],[-51.6739117,-19.127625685893292],[-51.6735606999999,-19.12795898589323],[-51.6732274999999,-19.128193085893198],[-51.6727998,-19.128458585893096],[-51.6718723,-19.128868285893144],[-51.6710348999999,-19.129165385893074],[-51.6704361,-19.12933208589297],[-51.6697473999999,-19.129561885892944],[-51.6691848999999,-19.129841085892988],[-51.6687891999999,-19.130088085892986],[-51.6683121,-19.13051648589283],[-51.6680057999999,-19.131038385892865],[-51.6676768,-19.131448185892843],[-51.6673838999999,-19.131659585892805],[-51.6669696,-19.13182608589278],[-51.6664699,-19.13194758589268],[-51.6661728,-19.13202868589277],[-51.6656055,-19.132204185892633],[-51.6648357,-19.132393285892636],[-51.664417,-19.13237978589273],[-51.6642143999999,-19.13237978589273],[-51.66403890000001,-19.132420285892717],[-51.6638768,-19.132474385892696],[-51.6637416999999,-19.132555385892584],[-51.663566100000004,-19.132690485892695],[-51.6633770999999,-19.13289298589267],[-51.6632554999999,-19.133001085892555],[-51.6630529,-19.13331168589264],[-51.6628097999999,-19.133595385892498],[-51.6624181,-19.133946485892526],[-51.662094,-19.1342570858925],[-51.6616078,-19.134405685892396],[-51.6611485999999,-19.134392185892523],[-51.6608244,-19.134365185892378],[-51.6605273,-19.1342570858925],[-51.6603651999999,-19.134243585892396],[-51.6600680999999,-19.134297685892385],[-51.6599194999999,-19.134378685892504],[-51.6596494,-19.134702785892475],[-51.6593928,-19.135216085892434],[-51.6591227,-19.135931885892216],[-51.6589336,-19.136485585892245],[-51.6588525999999,-19.13685028589211],[-51.658677,-19.137147385892092],[-51.6584879,-19.13737698589212],[-51.6581502999999,-19.13753908589214],[-51.6576504999999,-19.137741685892006],[-51.6571643,-19.137849685892018],[-51.6562188999999,-19.137863185892087],[-51.6554897,-19.137737185892025],[-51.6548356,-19.13750278589204],[-51.6541885999999,-19.137214785892173],[-51.6536467,-19.136904285892175],[-51.6532425,-19.136729885892233],[-51.652901,-19.136589385892115],[-51.6523888,-19.13640598589225],[-51.6520474,-19.13623228589232],[-51.651604,-19.13599908589222],[-51.65129790000001,-19.13562278589237],[-51.6507784,-19.13488938589243],[-51.6501461,-19.134257085892497],[-51.6494633,-19.133776585892587],[-51.6492039999999,-19.133549785892587],[-51.6490333,-19.133270785892545],[-51.6487718,-19.132803185892683],[-51.6483092,-19.13171048589267],[-51.6480501999999,-19.131235985892747],[-51.6470995,-19.130535485892917],[-51.6466639999999,-19.13034418589294],[-51.6460395,-19.130074585892878],[-51.6453662,-19.130074585892878],[-51.6448604,-19.130134785892974],[-51.64467230000001,-19.130189385892894],[-51.6440764,-19.130362385892973],[-51.6432417999999,-19.130463585892837],[-51.6425217,-19.13036718589293],[-51.6423698,-19.130341585892978],[-51.6420970999999,-19.130295585892934],[-51.6420219999999,-19.130282885892854],[-51.6412797,-19.130025385893028],[-51.6406368,-19.12978068589301],[-51.6402793999999,-19.12947558589304],[-51.640130999999904,-19.129173685893065],[-51.639777,-19.128060985893093],[-51.6395494,-19.127276885893295],[-51.6393217,-19.12677108589327],[-51.6390688,-19.12646758589341],[-51.6387652999999,-19.12636648589338],[-51.638386,-19.12636648589339],[-51.6380824999999,-19.126518185893417],[-51.6377257999999,-19.12689538589338],[-51.6375432999999,-19.127193685893342],[-51.6370985,-19.127755785893157],[-51.6368125,-19.12811718589321],[-51.6359596999999,-19.129049385893],[-51.6353541,-19.129801485892916],[-51.6351023,-19.130164085892872],[-51.6344822999999,-19.130832285892904],[-51.6338213999999,-19.131363385892758],[-51.6333458,-19.13162028589284],[-51.6330154,-19.13167828589284],[-51.6327592,-19.131705185892727],[-51.6323766,-19.131825985892696],[-51.6319589,-19.132078885892767],[-51.6312776999999,-19.132600985892722],[-51.6305467999999,-19.13306868589263],[-51.6297779,-19.133593185892607],[-51.6291626,-19.133909485892556],[-51.6282917999999,-19.134373085892406],[-51.6278508,-19.13464448589244],[-51.6273758999999,-19.134893285892314],[-51.6269009,-19.135153385892437],[-51.626426,-19.135481285892368],[-51.6259396999999,-19.135752685892346],[-51.6256569999999,-19.135956285892323],[-51.6253189999999,-19.136183085892274],[-51.6250047999999,-19.136485985892126],[-51.6247749999999,-19.1369739858922],[-51.6244923,-19.137290585892153],[-51.6242209,-19.137595985892123],[-51.623859,-19.137912585891993],[-51.6234858999999,-19.13815008589205],[-51.6231466,-19.138229185892033],[-51.6225924999999,-19.138308385892014],[-51.6218289999999,-19.138322585892045],[-51.6212581999999,-19.138104785892057],[-51.6205118,-19.1378333858921],[-51.6198785999999,-19.137595985892123],[-51.6190417999999,-19.137414985892114],[-51.6182163,-19.137335885892124],[-51.6174925,-19.137403685892018],[-51.6168819,-19.13740368589202],[-51.6164295999999,-19.137358485892033],[-51.6157737,-19.137166185892177],[-51.6150499999999,-19.136951385892115],[-51.6144846,-19.136872185892205],[-51.6139775999999,-19.136738985892205],[-51.6137097,-19.13687938589209],[-51.6130145,-19.137279285892095],[-51.612267,-19.137878685891994],[-51.611885399999906,-19.138259185891936],[-51.6113182999999,-19.13917908589194],[-51.61072680000001,-19.139950385891847],[-51.6104136,-19.140377785891836],[-51.6100630999999,-19.14066048589179],[-51.6096107,-19.140897885891718],[-51.6089775,-19.141044885891635],[-51.6084347,-19.14099968589173],[-51.6079937,-19.140875285891664],[-51.6074848,-19.140569985891773],[-51.6070776999999,-19.140321185891832],[-51.6068289,-19.14016288589183],[-51.6065349,-19.14004978589174],[-51.606207,-19.139981985891872],[-51.605291,-19.139981985891865],[-51.6048951999999,-19.139891485891855],[-51.6046732999999,-19.13976838589188],[-51.6045673,-19.139563585891906],[-51.604368,-19.139147485891925],[-51.6039312,-19.138164285892046],[-51.6036025999999,-19.137719085892083],[-51.6034139,-19.137448985892043],[-51.6031015999999,-19.13727898589216],[-51.602803200000004,-19.13717758589214],[-51.6025286999999,-19.137119885892172],[-51.6021618999999,-19.13706598589208],[-51.6015904,-19.13707818589216],[-51.6008974,-19.13708968589209],[-51.6003244,-19.137104385892098],[-51.5997579,-19.137061985892196],[-51.5990887,-19.13703758589207],[-51.5986622999999,-19.137013885892095],[-51.5981470999999,-19.13689638589221],[-51.5976534,-19.13674498589221],[-51.5973198,-19.136518185892236],[-51.5969595,-19.13605838589231],[-51.5965381,-19.135412085892277],[-51.59610450000001,-19.13449818589235],[-51.5957091,-19.133753185892484],[-51.5952703999999,-19.133058785892626],[-51.594779,-19.132082085892648],[-51.5944732999999,-19.131513085892706],[-51.5942671,-19.13084628589288],[-51.5941822999999,-19.130092285892882],[-51.5940487,-19.129426285893064],[-51.5939273,-19.128933085893006],[-51.5936010999999,-19.128328885893108],[-51.5931502999999,-19.127732885893263],[-51.5926871999999,-19.127241485893318],[-51.592212,-19.126787385893376],[-51.5918369,-19.12664728589328],[-51.591532,-19.126604885893375],[-51.5912213,-19.126703685893386],[-51.590801600000006,-19.126960485893232],[-51.590187,-19.12723608589323],[-51.58961479999991,-19.127426785893253],[-51.5888093999999,-19.127596385893266],[-51.5876225,-19.12772348589314],[-51.586584,-19.12793548589324],[-51.5853971,-19.12823218589317],[-51.584189,-19.128592485893158],[-51.58359693899807,-19.12885681576497],[-51.5830020999999,-19.129122385893094],[-51.581688,-19.13005488589289],[-51.58079789999991,-19.130690785892934],[-51.5804580999999,-19.130941185892805],[-51.5801451,-19.13103138589279],[-51.5798985,-19.131079185892762],[-51.5795034999999,-19.1310775858929],[-51.5790959,-19.13095418589288],[-51.5787617,-19.130759585892907],[-51.5785683999999,-19.130530385892815],[-51.5784348,-19.130139985892896],[-51.5783249,-19.12955498589306],[-51.5782839999999,-19.128710685893036],[-51.5782674,-19.12829988589308],[-51.5782015,-19.127745385893224],[-51.5781554,-19.127330485893303],[-51.5780569,-19.12689498589326],[-51.5779368999999,-19.126547785893383],[-51.5776301999999,-19.126334085893447],[-51.577369000000004,-19.126172785893353],[-51.5770166,-19.126184885893316],[-51.5767724,-19.126189885893332],[-51.5765031999999,-19.12630928589335],[-51.5763345999999,-19.126376085893394],[-51.5761525999999,-19.126515985893413],[-51.5760855999999,-19.126603085893407],[-51.5760715,-19.126688185893308],[-51.5760519,-19.126919785893275],[-51.5761229,-19.127321985893182],[-51.5762065,-19.127700285893262],[-51.5763317,-19.128064085893225],[-51.5765620999999,-19.128421485893067],[-51.5766948,-19.128673085893137],[-51.5767508,-19.128749385893048],[-51.5768069,-19.128825685893045],[-51.57691879999991,-19.129057885893094],[-51.577019,-19.129370285892996],[-51.5770274,-19.129631585893012],[-51.5769293,-19.129988585892896],[-51.5766659999999,-19.130416085892833],[-51.576492,-19.130746585892904],[-51.5762457,-19.131196385892867],[-51.5760496999999,-19.131547985892823],[-51.57582930000001,-19.131787585892656],[-51.5754626999999,-19.132056385892763],[-51.5748912,-19.132309285892735],[-51.5743825,-19.132399485892737],[-51.5738370999999,-19.132519985892642],[-51.5732454,-19.132686385892672],[-51.5725744,-19.132958585892567],[-51.5716843,-19.133445985892497],[-51.5708537,-19.13394098589245],[-51.5704853,-19.134174985892507],[-51.5700523,-19.13435988589237],[-51.569566,-19.134541585892492],[-51.5690650999999,-19.134530185892466],[-51.5685697,-19.13437028589243],[-51.5680293999999,-19.134103385892534],[-51.5675024,-19.13373728589256],[-51.5669597,-19.13322078589254],[-51.5664662,-19.132878785892682],[-51.5660465,-19.13270418589269],[-51.5652648999999,-19.13249658589269],[-51.5647271,-19.13245278589272],[-51.56418139999991,-19.132513485892716],[-51.5634659,-19.132596485892694],[-51.5627825999999,-19.132831385892555],[-51.5622180999999,-19.13332148589258],[-51.5617253999999,-19.13361088589259],[-51.5609899999999,-19.133814585892463],[-51.5601333,-19.133891085892515],[-51.5592187,-19.13388858589252],[-51.5584656999999,-19.133681085892487],[-51.5578988999999,-19.133528985892585],[-51.5569234,-19.133097785892637],[-51.5565847,-19.132912385892684],[-51.5563141,-19.132763585892697],[-51.5557570999999,-19.132340985892604],[-51.555514300000006,-19.13224228589271],[-51.5551874999999,-19.132186385892737],[-51.554842400000005,-19.132228985892667],[-51.55462909999991,-19.132328685892713],[-51.5544262999999,-19.13243388589269],[-51.5542331,-19.132735485892656],[-51.5540505,-19.13312808589267],[-51.5534994,-19.13412428589244],[-51.5527575999999,-19.135925785892237],[-51.5523760999999,-19.137388185892124],[-51.5517614999999,-19.138871785891897],[-51.5511892,-19.140122285891845],[-51.5509349,-19.140652085891773],[-51.5505874,-19.141034185891744],[-51.5500832,-19.14134368589159],[-51.5496631999999,-19.14152108589165],[-51.5490698,-19.141746385891537],[-51.5483915999999,-19.14188138589153],[-51.5474378,-19.14181778589165],[-51.5469290999999,-19.14188138589153],[-51.5459329999999,-19.142178085891594],[-51.5447460999999,-19.142496085891548],[-51.5432837,-19.142601985891574],[-51.5421815999999,-19.142474885891577],[-51.541344900000006,-19.142537685891455],[-51.5411819999999,-19.142565385891547],[-51.5405919999999,-19.142665585891464],[-51.5398842,-19.142786085891508],[-51.5391592999999,-19.142679985891466],[-51.5387803,-19.14255308589144],[-51.5381763999999,-19.141947285891618],[-51.5374987,-19.141248785891726],[-51.5373906,-19.14113748589169],[-51.5367345999999,-19.140461385891705],[-51.5363318,-19.140182885891857],[-51.5360077,-19.140031885891723],[-51.5353024999999,-19.139951385891834],[-51.5348059,-19.13993148589174],[-51.5328347999999,-19.140079885891712],[-51.5325548,-19.140086985891706],[-51.5321122999999,-19.140118285891738],[-51.5312711999999,-19.14011828589174],[-51.5306356,-19.14009958589175],[-51.5303269,-19.140022385891854],[-51.5298205999999,-19.139659185891905],[-51.5291328,-19.13920228589192],[-51.5282056999999,-19.138903285891967],[-51.52783179999991,-19.138847185891873],[-51.5271028,-19.138921985891958],[-51.5267102999999,-19.139090185891828],[-51.5258317999999,-19.139594885891913],[-51.5248784999999,-19.14021168589179],[-51.5237049999999,-19.14082838589173],[-51.5227952,-19.141345585891727],[-51.5221495,-19.141669685891653],[-51.521813,-19.14187528589161],[-51.5216260999999,-19.142211785891483],[-51.5214766,-19.14284728589151],[-51.5214708,-19.142859785891417],[-51.5212746999999,-19.143284785891353],[-51.5211401,-19.14352018589142],[-51.5208655,-19.14388728589142],[-51.5204449999999,-19.144401885891256],[-51.5199064,-19.144978185891276],[-51.5194203999999,-19.145837985891195],[-51.519313800000006,-19.14601788589109],[-51.5192436999999,-19.146137785891153],[-51.5186914999999,-19.14697818589104],[-51.5184111,-19.147258585890885],[-51.5179812,-19.147576285890963],[-51.5175139,-19.147912785890963],[-51.5170092,-19.148267885890903],[-51.51652319999991,-19.148623085890854],[-51.5161866999999,-19.1488847858908],[-51.515700700000004,-19.14925858589071],[-51.5153455999999,-19.14953898589068],[-51.5148596,-19.14981938589073],[-51.5144109999999,-19.150118485890694],[-51.5138502,-19.15039878589058],[-51.5131213,-19.15062308589066],[-51.5123548999999,-19.15069788589062],[-51.5118315,-19.150735285890626],[-51.5110650999999,-19.150548385890534],[-51.5106041,-19.15034448589065],[-51.5102613999999,-19.150099785890667],[-51.5099279999999,-19.149728185890744],[-51.5097567,-19.14938948589068],[-51.5092506999999,-19.148824285890736],[-51.5087652999999,-19.148336485890866],[-51.5082980999999,-19.148040085890848],[-51.50783140000001,-19.147835385890957],[-51.5070454999999,-19.147575485890968],[-51.5063173999999,-19.147389385891024],[-51.5054949,-19.147277285890933],[-51.5043547,-19.147183785890924],[-51.5034388,-19.147015585891072],[-51.5027668,-19.14688918589109],[-51.5021489,-19.14688738589107],[-51.5017374999999,-19.147019985890925],[-51.5014945,-19.147278185891015],[-51.5013233,-19.147514685890883],[-51.5011095,-19.147810085890974],[-51.5007648,-19.14838008589081],[-51.5005229,-19.149052985890783],[-51.5005419999999,-19.14965288589075],[-51.5005983999999,-19.150194085890696],[-51.5008412,-19.151109085890464],[-51.50123319999991,-19.15238018589044],[-51.5015516999999,-19.1533894858902],[-51.5017202,-19.154307185890108],[-51.5017759999999,-19.15507178589014],[-51.50168180000001,-19.15561388588997],[-51.501494799999904,-19.156417585889887],[-51.501214499999904,-19.157034485889902],[-51.5009153999999,-19.15746438588987],[-51.5005975999999,-19.157931685889682],[-51.5002986,-19.15834288588976],[-51.4999999999999,-19.158735485889682],[-51.4996884,-19.15910558588967],[-51.4994334,-19.159688585889576],[-51.4992875999999,-19.16012578588944],[-51.4989960999999,-19.16056308588941],[-51.4986681999999,-19.161000285889468],[-51.4982674,-19.161218885889344],[-51.4976478999999,-19.161401085889434],[-51.4968099,-19.16140108588944],[-51.4961175999999,-19.161473985889288],[-51.4952431,-19.161656185889385],[-51.4945872,-19.161801885889265],[-51.4939314,-19.162020485889354],[-51.4936569,-19.16204938588922],[-51.4932391,-19.16209338588922],[-51.4926196,-19.162129785889224],[-51.4920731,-19.162056985889254],[-51.491198600000004,-19.16198408588925],[-51.4904698,-19.16176548588926],[-51.4897410999999,-19.161473985889288],[-51.488648,-19.160963885889483],[-51.4878828,-19.160453685889426],[-51.4873363,-19.159907185889587],[-51.4870448,-19.15957928588962],[-51.4865346,-19.159397085889644],[-51.4859561,-19.159274685889645],[-51.4851083999999,-19.159330485889665],[-51.4843233999999,-19.159448085889647],[-51.4834344,-19.159644885889527],[-51.4824798999999,-19.159825785889605],[-51.481725,-19.159907185889587],[-51.4812512999999,-19.159797885889507],[-51.480814,-19.159542785889503],[-51.4805224999999,-19.158959785889582],[-51.480631899999906,-19.158486085889663],[-51.4809597999999,-19.15812178588969],[-51.4813242,-19.15757518588974],[-51.4814605,-19.157238885889882],[-51.4813501,-19.15654758588994],[-51.4807921999999,-19.155820985889946],[-51.4806682999999,-19.155316085889982],[-51.4804861,-19.154915285890155],[-51.4802726999999,-19.154185585890108],[-51.4799561999999,-19.153909685890195],[-51.4796115999999,-19.153727485890183],[-51.4791774999999,-19.153662885890288],[-51.4780729,-19.153831585890195],[-51.4772432,-19.153895085890145],[-51.4761137,-19.1538221858903],[-51.4749841,-19.15367648589027],[-51.4744674999999,-19.15369708589017],[-51.4740732,-19.153712885890286],[-51.4734902,-19.153858585890262],[-51.4727978999999,-19.154150085890237],[-51.4723971,-19.15458738589019],[-51.47195980000001,-19.15542538589011],[-51.4713768,-19.156227085890023],[-51.4705388,-19.157028685889898],[-51.4701744,-19.157575185889744],[-51.469737199999905,-19.15863188588959],[-51.46940929999991,-19.159469885889624],[-51.46897200000001,-19.16023508588952],[-51.4683889999999,-19.160781685889475],[-51.467696700000005,-19.161145985889437],[-51.4667128999999,-19.16151038588932],[-51.4652189999999,-19.16216628588932],[-51.4639073,-19.162676385889302],[-51.46336070000001,-19.163113585889214],[-51.4628142,-19.163842385889108],[-51.4623769,-19.164571085888948],[-51.4615388999999,-19.16533628588897],[-51.4609558999999,-19.165809985888902],[-51.4603364,-19.166101485888895],[-51.4595712999999,-19.166793785888704],[-51.4589882999999,-19.16752248588874],[-51.45851459999991,-19.167777585888697],[-51.4580409,-19.167850485888593],[-51.4577858,-19.167741085888576],[-51.4575245,-19.167414285888754],[-51.45738499999991,-19.16693948588879],[-51.4574579,-19.16628368588886],[-51.4575672,-19.16500838588901],[-51.4574215,-19.16395168588902],[-51.4570571,-19.162858585889143],[-51.4565469999999,-19.16216628588932],[-51.4557818,-19.161546885889376],[-51.4551873999999,-19.161185585889427],[-51.4538975999999,-19.160992985889433],[-51.4522474,-19.161036685889485],[-51.450997,-19.161103285889453],[-51.4501705,-19.161145985889434],[-51.4493689,-19.161036685889485],[-51.4486765999999,-19.160635885889388],[-51.4483501,-19.160400885889512],[-51.4477656999999,-19.15998008588948],[-51.4471462,-19.159214885889547],[-51.4464904,-19.158850485889676],[-51.4460531,-19.15885048588968],[-51.4457252,-19.159069085889683],[-51.4455065999999,-19.15972498588958],[-51.4448507,-19.160963885889487],[-51.4443406,-19.16198408588925],[-51.4436482999999,-19.163295785889154],[-51.4433203,-19.164024585889006],[-51.4430652999999,-19.16493548588901],[-51.4431016999999,-19.165591385888913],[-51.443211,-19.166174385888784],[-51.44339319999991,-19.1667208858888],[-51.4435025,-19.16737678588864],[-51.4435025,-19.167595385888724],[-51.4432839,-19.168032585888557],[-51.4429195,-19.168506285888515],[-51.4420086,-19.16901638588853],[-51.4413163,-19.169417285888514],[-51.4405146999999,-19.170036685888427],[-51.4398224,-19.17076538588823],[-51.4393851999999,-19.171093385888323],[-51.43862,-19.1713483858882],[-51.4378548,-19.171311985888195],[-51.4370167,-19.171166185888314],[-51.4359236,-19.170874685888318],[-51.4349763,-19.170656085888364],[-51.434247500000005,-19.170619685888372],[-51.4334823999999,-19.17091118588833],[-51.43301180000001,-19.171192285888303],[-51.43242570000001,-19.171421285888282],[-51.4313326,-19.1713483858882],[-51.4307130999999,-19.171166185888318],[-51.4300572999999,-19.170801885888345],[-51.429628,-19.170347385888384],[-51.4292920999999,-19.169162185888528],[-51.4290735,-19.168105485888663],[-51.4289277,-19.16693948588879],[-51.4287090999999,-19.166283685888857],[-51.4281625,-19.165591385888916],[-51.4272880999999,-19.165190585888958],[-51.4263771,-19.165154085888872],[-51.4254662,-19.165263385889002],[-51.4245187999999,-19.16529988588895],[-51.4234256999999,-19.165554885888934],[-51.4229559,-19.16566878588883],[-51.4222233,-19.165846385888912],[-51.4211301999999,-19.165955685888775],[-51.421101498156375,-19.165960750647443],[-51.4205107999999,-19.166064985888756],[-51.4200734999999,-19.16621078588877],[-51.4197455999999,-19.166575185888803],[-51.419527,-19.166939485888793],[-51.4193084,-19.167449685888712],[-51.4190169,-19.167959785888584],[-51.4185796,-19.16846988588854],[-51.4181424,-19.168870685888574],[-51.4175594,-19.169417285888514],[-51.4171949999999,-19.170109585888323],[-51.4171949999999,-19.170619685888376],[-51.4174500999999,-19.171348385888198],[-51.4178143999999,-19.172077185888092],[-51.41806949999991,-19.17287878588812],[-51.4179966,-19.173534585888056],[-51.4177415999999,-19.173971885888026],[-51.4172313999999,-19.17426338588794],[-51.4168670999999,-19.17433618588792],[-51.4161382999999,-19.174081185887868],[-51.4150452,-19.173315985887957],[-51.4140614,-19.172769485888132],[-51.4131141,-19.172405085888055],[-51.4120938,-19.172295785888178],[-51.4113285999999,-19.17233218588817],[-51.4105269999999,-19.172514385888164],[-51.4094339,-19.173024485888018],[-51.4083044,-19.173680385888023],[-51.40710200000001,-19.174445585887938],[-51.4057579999999,-19.175146185887865],[-51.4053572,-19.175546985887717],[-51.4050657,-19.175947785887775],[-51.4049563999999,-19.17645788588762],[-51.4049927999999,-19.17707738588762],[-51.40524789999991,-19.177587485887585],[-51.4053203999999,-19.1776339858876],[-51.4059723999999,-19.178052785887434],[-51.4066283,-19.178380785887487],[-51.4077214,-19.178562885887487],[-51.4093975,-19.178490085887503],[-51.41041770000001,-19.178562885887487],[-51.4111829,-19.178817985887434],[-51.411438000000004,-19.17918238588731],[-51.4116200999999,-19.179874685887352],[-51.4114359,-19.180656485887145],[-51.4110372,-19.18136858588708],[-51.4100508999999,-19.182420585886963],[-51.4099439999999,-19.182534585886952],[-51.4093975,-19.183372585886843],[-51.4087312,-19.184311685886815],[-51.4081586,-19.184611485886823],[-51.4076120999999,-19.184684385886804],[-51.4069926,-19.184866485886644],[-51.4060087999999,-19.185303785886653],[-51.4050978999999,-19.185777485886693],[-51.4049136,-19.18590758588667],[-51.4044785,-19.186214685886526],[-51.4033125,-19.1871620858865],[-51.4021101,-19.187854385886343],[-51.4013813,-19.18843738588629],[-51.4012347999999,-19.188608285886247],[-51.4009440999999,-19.18894748588625],[-51.400598556245505,-19.189552266492168],[-51.4005069,-19.18971268588626],[-51.4002359999999,-19.190278885886144],[-51.4001059999999,-19.190550685886137],[-51.3996688,-19.19175308588601],[-51.3994683999999,-19.19217218588595],[-51.3992679999999,-19.19259118588588],[-51.3989764999999,-19.193465685885737],[-51.39868499999991,-19.19412148588562],[-51.3983206,-19.194777385885697],[-51.39759190000001,-19.195214685885627],[-51.3967173999999,-19.195578985885586],[-51.3955149999999,-19.195943385885542],[-51.3945312,-19.19623488588548],[-51.3939118,-19.196307785885423],[-51.3926331,-19.196277785885524],[-51.3916161999999,-19.195979785885534],[-51.3901587,-19.19565188588558],[-51.38934212459001,-19.19542503517318],[-51.3888469999999,-19.19528748588549],[-51.387681,-19.19510528588567],[-51.3867701,-19.19492318588555],[-51.3856769999999,-19.194850285885554],[-51.3850576,-19.194813885885555],[-51.3842559,-19.194923185885546],[-51.3837458,-19.194995985885566],[-51.3834179,-19.194923185885546],[-51.38257980000001,-19.194522385885715],[-51.3815959999999,-19.1937935858857],[-51.3808673,-19.193210585885748],[-51.3801386,-19.192846285885768],[-51.3795919999999,-19.19262758588591],[-51.3791183,-19.19259118588588],[-51.3786082,-19.192554785885893],[-51.3779888,-19.192700485885798],[-51.3776243999999,-19.193028385885764],[-51.3770413999999,-19.193465685885737],[-51.3764219999999,-19.19404868588566],[-51.3758026,-19.194522385885715],[-51.3751467,-19.194959585885535],[-51.37474589999991,-19.19536038588561],[-51.3745273,-19.19579768588556],[-51.3744179999999,-19.196344185885387],[-51.3743085999999,-19.197182285885415],[-51.3741264999999,-19.197874585885316],[-51.3738714,-19.19860328588514],[-51.3734706,-19.19907698588509],[-51.3731142999999,-19.199166085885167],[-51.37259610000001,-19.199295585885167],[-51.3716487,-19.19944138588515],[-51.37092,-19.19936848588506],[-51.3705191999999,-19.19944138588515],[-51.3701184,-19.19958708588514],[-51.3698727,-19.200062785885077],[-51.370032,-19.200463685884973],[-51.3703006,-19.20071658588504],[-51.3705368999999,-19.201058085884963],[-51.3707575999999,-19.201543185884834],[-51.3707919999999,-19.202246985884724],[-51.3708470999999,-19.202866385884654],[-51.3707108,-19.203166285884762],[-51.37040780000001,-19.20373888588469],[-51.3699695999999,-19.204435185884606],[-51.3696247,-19.204952985884454],[-51.3695499999999,-19.20534408588442],[-51.3694771,-19.205727585884333],[-51.36949641697699,-19.20577904909959],[-51.36964890000001,-19.20618528588441],[-51.3699134,-19.206600685884382],[-51.3706285,-19.207421085884263],[-51.3707378,-19.207748985884237],[-51.3707742,-19.208076885884235],[-51.3707097,-19.20838298588418],[-51.3704849,-19.20868278588416],[-51.3697071999999,-19.209086785884097],[-51.3688015,-19.209447985884026],[-51.3679322,-19.209643685884057],[-51.3670212,-19.20982588588389],[-51.3664017999999,-19.20986228588392],[-51.366052,-19.20992478588399],[-51.3657252,-19.21023188588388],[-51.3654471999999,-19.21078158588389],[-51.3652723,-19.212595085883628],[-51.3650172,-19.213870385883563],[-51.36487149999991,-19.214671985883474],[-51.3649078999999,-19.21510928588335],[-51.3651265,-19.21583798588338],[-51.3653816,-19.21638458588326],[-51.3657459,-19.21685818588318],[-51.3664381999999,-19.21725908588319],[-51.3672763,-19.217404785883097],[-51.3680414999999,-19.21751408588319],[-51.3686245,-19.217659885883045],[-51.3689524,-19.218097085883116],[-51.36913459999991,-19.218752985882936],[-51.3693896,-19.219518085882935],[-51.369462499999905,-19.220210485882866],[-51.3693896,-19.22093918588279],[-51.36913459999991,-19.221412885882742],[-51.3687702,-19.221631485882618],[-51.3676407,-19.221886585882608],[-51.36728800000001,-19.221995085882714],[-51.3666933,-19.22217808588266],[-51.3658553,-19.222396685882547],[-51.3651265,-19.22254238588262],[-51.3643613,-19.22261528588263],[-51.3639605,-19.222505985882634],[-51.3635962,-19.222287385882677],[-51.3630496,-19.221886585882608],[-51.36213869999991,-19.221449285882763],[-51.3613371,-19.221012085882673],[-51.36064479999991,-19.220866285882813],[-51.35966100000001,-19.220611285882836],[-51.3587135999999,-19.22013758588276],[-51.3578027,-19.219627485882853],[-51.3566003,-19.218789385882953],[-51.3556164999999,-19.2183521858831],[-51.3549240999999,-19.218206385883033],[-51.3541225,-19.217951385883026],[-51.3531386999999,-19.217259085883185],[-51.3523006999999,-19.21649388588323],[-51.351827,-19.216165885883353],[-51.3512076,-19.2157286858833],[-51.35071118146819,-19.21557978756965],[-51.3504788,-19.215510085883423],[-51.3497136999999,-19.215437185883328],[-51.3485477,-19.215218585883438],[-51.3473088,-19.21478128588345],[-51.3465072,-19.21441698588355],[-51.3455597999999,-19.213979685883576],[-51.3448675,-19.213906785883562],[-51.3442481,-19.21408898588347],[-51.3437744,-19.21434408588341],[-51.3433007,-19.21478128588346],[-51.3427177,-19.215182085883335],[-51.3423534,-19.2157286858833],[-51.3420983,-19.216712485883246],[-51.3420254,-19.217586985883205],[-51.3416975,-19.21849788588294],[-51.3411144999999,-19.21926308588296],[-51.3404950999999,-19.219846085882818],[-51.3396205999999,-19.220574785882835],[-51.3388189999999,-19.22137638588267],[-51.338742870797105,-19.221437285066518],[-51.3380902,-19.221959385882567],[-51.3375437,-19.222214485882674],[-51.3370336,-19.22228738588268],[-51.3361955,-19.222105185882604],[-51.3354667999999,-19.221995885882695],[-51.3345194,-19.221631485882614],[-51.33338990000001,-19.221194285882746],[-51.3317866,-19.220866285882813],[-51.3309121999999,-19.220720585882763],[-51.3301104999999,-19.220720585882763],[-51.3288717,-19.220574785882842],[-51.3273778,-19.220356185882885],[-51.326138899999904,-19.21999178588277],[-51.32515510000001,-19.219590985882945],[-51.3243171,-19.219190185882987],[-51.3232604,-19.218825785882945],[-51.322313,-19.218716485883043],[-51.3213292,-19.21853428588297],[-51.3195802,-19.21846148588296],[-51.3189608,-19.218352185883095],[-51.3178313,-19.21831568588297],[-51.31644670000001,-19.218534285882974],[-51.3154059999999,-19.218610185882934],[-51.3142706,-19.218614585883063],[-51.3130949,-19.218680585883057],[-51.3125219999999,-19.218691685883055],[-51.3124386,-19.218690485883055],[-51.3111269,-19.218680085883065],[-51.3104709999999,-19.218534285882974],[-51.3097787,-19.218169985883],[-51.3094143,-19.21795138588303],[-51.3087687999999,-19.21780038588307],[-51.30825870000001,-19.217800385883066],[-51.3076455999999,-19.217876385883123],[-51.3070969,-19.21808148588314],[-51.306794,-19.21865308588294],[-51.3065721999999,-19.219372385882856],[-51.3059527999999,-19.220064685882896],[-51.3052605,-19.220720585882763],[-51.3046411,-19.221449285882763],[-51.3034724,-19.222533685882517],[-51.3031445,-19.22315318588258],[-51.3029986999999,-19.223918285882466],[-51.3030716,-19.224537785882422],[-51.3032173,-19.22541218588222],[-51.3036180999999,-19.226140985882164],[-51.30384739999991,-19.226771585882084],[-51.3039196999999,-19.22713038588214],[-51.304023,-19.227393185881994],[-51.30414350000001,-19.22803808588192],[-51.3044932999999,-19.229139585881796],[-51.3046785999999,-19.22978398588175],[-51.3051146999999,-19.23026708588168],[-51.3055469,-19.23076678588172],[-51.30653579999991,-19.231287285881685],[-51.3069126999999,-19.231523685881655],[-51.3074228,-19.23210658588162],[-51.3076414,-19.23272608588152],[-51.3078235999999,-19.23367338588132],[-51.3080974,-19.234641585881317],[-51.3083440999999,-19.23583878588118],[-51.3083108,-19.236615385881],[-51.308153600000004,-19.237305685881044],[-51.30782570000001,-19.23796148588089],[-51.3073156,-19.2385809858809],[-51.3068054,-19.239127485880722],[-51.3064265,-19.239412785880802],[-51.3058875999999,-19.239412785880802],[-51.30520280000001,-19.239170885880842],[-51.3037487,-19.238715085880898],[-51.3016772999999,-19.237848285880847],[-51.3003237999999,-19.237592685880905],[-51.299547,-19.23782608588087],[-51.2978876,-19.23860388588078],[-51.2973461999999,-19.239181785880803],[-51.2974168,-19.239937385880737],[-51.2976050999999,-19.24074848588055],[-51.2976050999999,-19.24202638588042],[-51.2974991999999,-19.242848685880443],[-51.2971578999999,-19.244093185880327],[-51.2962281,-19.244937685880203],[-51.2948863999999,-19.245182085880177],[-51.2933682,-19.244937685880203],[-51.2914733,-19.24471538588026],[-51.2905906,-19.245015385880105],[-51.2898726999999,-19.24542658588012],[-51.2897078999999,-19.245948785880117],[-51.28993150000001,-19.246715485879946],[-51.2903317,-19.24767108587982],[-51.2903082,-19.248326685879842],[-51.2895313999999,-19.24913778587975],[-51.288531,-19.250082185879688],[-51.2878365999999,-19.251571085879515],[-51.2864714,-19.252404485879406],[-51.2850943999999,-19.252182285879403],[-51.283329,-19.25145998587951],[-51.2816106999999,-19.25000448587959],[-51.2805984999999,-19.249026685879706],[-51.279704,-19.24891558587981],[-51.27930389999991,-19.249215585879767],[-51.2788095999999,-19.250704485879517],[-51.2784918,-19.25197108587938],[-51.2782447,-19.25395998587914],[-51.2777738999999,-19.255426685878994],[-51.2772207,-19.258437685878693],[-51.2766086999999,-19.26050428587856],[-51.2759732,-19.261126385878494],[-51.2748433,-19.261404185878487],[-51.2736781999999,-19.261993085878327],[-51.2728779,-19.262081985878382],[-51.2713242999999,-19.26185968587833],[-51.269182300000004,-19.26229298587828],[-51.26777,-19.263437385878145],[-51.265934,-19.264215085878078],[-51.2646511,-19.264637285878027],[-51.2631916999999,-19.265259485878026],[-51.2618352,-19.265561085878016],[-51.2598599999999,-19.26586598587799],[-51.2593428,-19.26592248587789],[-51.2584754,-19.266048185877867],[-51.2582925,-19.266118985877846],[-51.2573457999999,-19.266485485877816],[-51.2565442,-19.266922685877848],[-51.2557062,-19.267469285877826],[-51.2550328,-19.267808885877763],[-51.2545926,-19.269002685877535],[-51.2539805,-19.269895985877557],[-51.253549,-19.27079728587745],[-51.2531059999999,-19.271486085877303],[-51.2529923,-19.27240868587728],[-51.2526644,-19.27288238587723],[-51.2521178,-19.27328318587717],[-51.2512973,-19.273699985877162],[-51.25089650000001,-19.273663585877173],[-51.2503862999999,-19.273444885877193],[-51.2500333999999,-19.27312688587721],[-51.2497782999999,-19.27247108587731],[-51.2497418999999,-19.271742285877355],[-51.2495597,-19.27115928587742],[-51.249086,-19.27050348587751],[-51.2484188,-19.269655485877507],[-51.2480777,-19.269391585877504],[-51.2479319999999,-19.26827228587773],[-51.2478955,-19.26761648587778],[-51.2476449,-19.26699698587779],[-51.2474627,-19.2667055858779],[-51.2468797,-19.266268285877935],[-51.2464876,-19.266048185877864],[-51.2453639,-19.265726185878037],[-51.2446351999999,-19.265835485877954],[-51.2439064,-19.266163385877956],[-51.2434691999999,-19.26663708587792],[-51.2431776999999,-19.267183585877866],[-51.2429954999999,-19.268021685877756],[-51.2428133,-19.268568185877587],[-51.24262530000001,-19.26925468587765],[-51.2420423,-19.269509685877583],[-51.24149570000001,-19.269618985877564],[-51.241022,-19.269582585877572],[-51.2406577,-19.269254685877645],[-51.2404026,-19.26889028587765],[-51.2401839999999,-19.268380185877724],[-51.2400382,-19.26790648587777],[-51.2398924999999,-19.267542085877814],[-51.2396373999999,-19.267323485877842],[-51.2392002,-19.267141285877763],[-51.238726500000006,-19.267141285877763],[-51.2383621,-19.267031985877885],[-51.2375241,-19.26703198587789],[-51.2368317999999,-19.267141285877766],[-51.2359208999999,-19.266704085877898],[-51.2350828,-19.266157485877955],[-51.23449980000001,-19.265902485878],[-51.2339168,-19.265902485878],[-51.2334430999999,-19.26612108587798],[-51.2329329999999,-19.26619398587785],[-51.2323865,-19.26601178587785],[-51.2316577,-19.26575668587791],[-51.2307468,-19.265683785878018],[-51.2300180999999,-19.26550168587802],[-51.2296901,-19.265428785877944],[-51.2291436,-19.265210185878086],[-51.2287062999999,-19.264882185877994],[-51.2284877,-19.26444498587813],[-51.2284147999999,-19.264080585878055],[-51.228378399999905,-19.263643385878247],[-51.2286334999999,-19.262951085878306],[-51.2287792,-19.262368085878226],[-51.2288156,-19.261785085878326],[-51.2287062999999,-19.261384285878474],[-51.2285241,-19.261092785878496],[-51.22805049999991,-19.2609105858784],[-51.2273946,-19.2610198858785],[-51.2270301999999,-19.26120208587838],[-51.2267022999999,-19.260946985878405],[-51.2265565,-19.260655485878452],[-51.2264471999999,-19.260108985878507],[-51.226265,-19.25974458587864],[-51.2258641999999,-19.259270885878564],[-51.2254998999999,-19.258979385878632],[-51.2249169,-19.25897938587863],[-51.2243703,-19.259125185878684],[-51.2232772,-19.259198085878605],[-51.2227812,-19.25918208587866],[-51.2221476999999,-19.259161585878683],[-51.2213096,-19.2590158858787],[-51.2210181,-19.258724385878672],[-51.2205809,-19.258542185878746],[-51.2199613999999,-19.258505785878747],[-51.2191597999999,-19.258760785878643],[-51.2183946,-19.25905228587871],[-51.217593,-19.259125185878684],[-51.2170465,-19.258942985878623],[-51.2165363999999,-19.258870085878726],[-51.2158075999999,-19.25908868587861],[-51.2155327999999,-19.25924288587859],[-51.2153132,-19.25988518587854],[-51.2152437999999,-19.260431985878554],[-51.2151423999999,-19.26103448587839],[-51.2147729,-19.261558085878335],[-51.2142804,-19.262046385878367],[-51.213402800000004,-19.262732385878234],[-51.2126011999999,-19.263351885878233],[-51.2119443999999,-19.26409678587809],[-51.2112893999999,-19.26455428587801],[-51.2107793,-19.264918685878083],[-51.2101395,-19.26536028587795],[-51.2093217999999,-19.265793185878],[-51.2088846,-19.26597528587799],[-51.2084838,-19.26612108587798],[-51.2080101,-19.26619398587786],[-51.2076092999999,-19.266121085877984],[-51.2071783,-19.26604708587797],[-51.2069264,-19.265523485878013],[-51.2068077,-19.26506438587805],[-51.2064432999999,-19.264699985878018],[-51.2059925,-19.264451185878023],[-51.2056605,-19.2640045858782],[-51.20555840000001,-19.263589185878214],[-51.2056780999999,-19.262768885878288],[-51.2054595,-19.26211298587829],[-51.2050222999999,-19.261675785878452],[-51.2045486,-19.26105628587851],[-51.2040019999999,-19.26061908587843],[-51.2035283,-19.26054618587855],[-51.2030910999999,-19.26076478587843],[-51.2024291,-19.261036585878493],[-51.2021437,-19.261712185878423],[-51.2018522,-19.26262308587824],[-51.2013421,-19.26349758587813],[-51.2008319999999,-19.26422638587804],[-51.2002854999999,-19.26477288587808],[-51.1997388999999,-19.26517368587794],[-51.1992652,-19.265282985878027],[-51.1985,-19.26539238587795],[-51.1975161999999,-19.265574485878012],[-51.1963138,-19.266084685877995],[-51.1955851,-19.266485485877816],[-51.1949291999999,-19.266776985877765],[-51.1943462,-19.266959085877893],[-51.1937268,-19.2669590858779],[-51.1929979999999,-19.26677698587776],[-51.1925603,-19.266795185877772],[-51.1921235999999,-19.266813385877796],[-51.1912854999999,-19.26699558587786],[-51.190447499999905,-19.267469285877826],[-51.1897552,-19.267906485877774],[-51.1889899999999,-19.268161585877678],[-51.1882247999999,-19.268525885877608],[-51.1876417999999,-19.268999585877665],[-51.1870587999999,-19.269764785877594],[-51.1865486999999,-19.270311285877405],[-51.1861843,-19.270857885877465],[-51.185892800000005,-19.271586585877404],[-51.1855285,-19.272861885877244],[-51.1852005,-19.273882185877046],[-51.185054799999904,-19.27457448587706],[-51.184654,-19.275412485876988],[-51.18418030000001,-19.276104785876814],[-51.1838888,-19.27654208587685],[-51.1835973,-19.277052185876794],[-51.1834150999999,-19.277671585876778],[-51.1834367,-19.278296785876666],[-51.1834516,-19.278728285876614],[-51.1833422,-19.279238385876507],[-51.1831601,-19.279821385876396],[-51.1825042,-19.2807687858764],[-51.1819212,-19.281606785876342],[-51.1808645,-19.28248128587625],[-51.1802087,-19.282918585876175],[-51.1798807,-19.28291858587618],[-51.1795528,-19.282736385876234],[-51.1791884,-19.28251768587624],[-51.1789697999999,-19.282116885876153],[-51.1786418999999,-19.282044085876294],[-51.1782775,-19.282116885876157],[-51.1776216,-19.28248128587625],[-51.1768565,-19.28262708587621],[-51.176237,-19.282954985876167],[-51.17593219969776,-19.28319882611794],[-51.1756905,-19.283392185876124],[-51.1751439,-19.283683685876042],[-51.1745245,-19.284230285875967],[-51.1739779,-19.28459468587601],[-51.1732127,-19.28495898587598],[-51.172447599999906,-19.28521408587596],[-51.1715730999999,-19.28550558587595],[-51.1710629999999,-19.285687785875794],[-51.1704071,-19.28597928587589],[-51.1700792,-19.286307185875852],[-51.169569,-19.286671585875794],[-51.1691681999999,-19.286963085875787],[-51.1686581,-19.287072385875632],[-51.1680023,-19.287072385875632],[-51.1672371,-19.286890185875773],[-51.1663626,-19.28663508587583],[-51.1652695,-19.286489385875726],[-51.16432209999991,-19.28645288587584],[-51.1634112,-19.286452885875836],[-51.1618807999999,-19.28670798587581],[-51.1610428,-19.286817285875703],[-51.1597675,-19.286780885875665],[-51.1591845,-19.286780885875668],[-51.1584558,-19.286853785875813],[-51.1578728,-19.28710878587567],[-51.1575084,-19.287363885875614],[-51.1569618,-19.288056185875668],[-51.1566703,-19.288347685875628],[-51.1560873999999,-19.288566285875596],[-51.1555772,-19.2885662858756],[-51.15484850000001,-19.28834768587563],[-51.1540833,-19.287873985875578],[-51.1533909999999,-19.287509585875718],[-51.1526258,-19.287035885875767],[-51.152042799999904,-19.286744385875778],[-51.1515327,-19.286562285875796],[-51.1509862,-19.2865257858757],[-51.1501481,-19.286744385875778],[-51.149055,-19.286926585875776],[-51.1482898,-19.286963085875783],[-51.1470874,-19.286926585875776],[-51.1460307,-19.286926585875776],[-51.14533840000001,-19.286817285875703],[-51.1441359999999,-19.28685378587581],[-51.1432250999999,-19.287072385875636],[-51.1419498,-19.287618885875588],[-51.1407108999999,-19.288347685875628],[-51.1399458,-19.2886026858756],[-51.1391806,-19.28911278587544],[-51.1388891,-19.289586485875393],[-51.138451800000006,-19.29093468587536],[-51.1378688,-19.292355685875226],[-51.1373952,-19.293084485875127],[-51.13684860000001,-19.294250485875015],[-51.1364114,-19.294942785874838],[-51.1359012,-19.29530708587481],[-51.1352818,-19.295525785874904],[-51.1342615999999,-19.296035885874748],[-51.13338709999991,-19.296254485874794],[-51.132549,-19.296582385874764],[-51.1317473999999,-19.296910385874632],[-51.130617899999905,-19.297602685874676],[-51.1296341,-19.29807638587463],[-51.1289418,-19.298404285874586],[-51.128103699999905,-19.29880508587454],[-51.1278487,-19.299169485874376],[-51.127802099999904,-19.29931758587438],[-51.1275936,-19.299971085874336],[-51.1274842999999,-19.300881985874206],[-51.12733850000001,-19.301756485874236],[-51.1271563999999,-19.302558085874065],[-51.1269741999999,-19.30295888587409],[-51.1265369,-19.303286785874082],[-51.1259175,-19.30339618587406],[-51.124788,-19.303432585874067],[-51.1239499,-19.303359685873954],[-51.1228568,-19.303396185874057],[-51.1220916,-19.303396185874053],[-51.1212899999999,-19.303177485873984],[-51.1205247999999,-19.30303178587402],[-51.1197232,-19.302885985874024],[-51.1191767,-19.302740285874144],[-51.1184843999999,-19.30270388587404],[-51.11812,-19.30274028587414],[-51.117792,-19.302885985874024],[-51.1175734,-19.303359685873957],[-51.1173912,-19.304015585874],[-51.1171725999999,-19.30459858587394],[-51.1168446999999,-19.30492648587389],[-51.1164074,-19.305108685873783],[-51.1160431,-19.304999385873813],[-51.1153507999999,-19.304853585873815],[-51.1148770999999,-19.304780785873827],[-51.1142576999999,-19.3049629858738],[-51.1135288999999,-19.30540018587384],[-51.1129824,-19.306128885873797],[-51.1123994,-19.306602585873716],[-51.1117434999999,-19.307003385873564],[-51.1110512,-19.307331385873674],[-51.1103952999999,-19.307440685873658],[-51.1098488,-19.307586385873535],[-51.1089742999999,-19.30773218587363],[-51.1080269,-19.307987185873582],[-51.10740750000001,-19.308169385873487],[-51.1065694,-19.308278685873596],[-51.1057314,-19.308387985873566],[-51.1052213,-19.30831518587355],[-51.10449249999991,-19.308060085873596],[-51.103946,-19.307804985873634],[-51.1037274,-19.30762288587367],[-51.1030350999999,-19.30714918587368],[-51.1024884999999,-19.306602585873716],[-51.1018326,-19.3061653858737],[-51.1009946,-19.305946785873818],[-51.0998286,-19.305837385873808],[-51.0988447999999,-19.30572808587384],[-51.0977880999999,-19.305764585873824],[-51.0962577999999,-19.30598318587381],[-51.0951646999999,-19.306165385873705],[-51.0943265999999,-19.306420385873775],[-51.0943152,-19.306427985873775],[-51.0934324999999,-19.307025685873615],[-51.0928327,-19.30736778587367],[-51.0920012,-19.307626585873543],[-51.0911566,-19.307732185873633],[-51.090172799999905,-19.30765928587362],[-51.0893712,-19.307659285873623],[-51.0885330999999,-19.30773218587363],[-51.0880594,-19.308023685873554],[-51.0876221999999,-19.308460885873444],[-51.0872578,-19.308970985873426],[-51.0871121,-19.309626885873403],[-51.087185,-19.310537785873322],[-51.0873306999999,-19.311448685873238],[-51.08744,-19.31243248587305],[-51.0872578,-19.313379885873026],[-51.086857,-19.313999285872978],[-51.0863833,-19.314363685872866],[-51.0855453,-19.314436585872947],[-51.084853,-19.314764485872892],[-51.0838327,-19.315675385872844],[-51.0830311,-19.31640418587276],[-51.0822659999999,-19.317169385872646],[-51.0804077,-19.318517485872434],[-51.0795696,-19.318918285872474],[-51.07745629999991,-19.32030288587221],[-51.0762903,-19.32088588587229],[-51.0754158,-19.321505385872225],[-51.0744319999999,-19.322197685872037],[-51.0733389,-19.32299928587196],[-51.0725007999999,-19.323655085871916],[-51.0712255,-19.32431098587191],[-51.0697316,-19.325659185871817],[-51.0690029,-19.32635148587162],[-51.068310600000004,-19.326970885871578],[-51.067764,-19.327663185871614],[-51.0672627,-19.328371985871417],[-51.066707400000006,-19.32915708587142],[-51.0659421999999,-19.33003158587124],[-51.0652499,-19.330578185871193],[-51.064193200000005,-19.33094248587116],[-51.0635738,-19.331124685871238],[-51.0631001,-19.331015385871222],[-51.0626263999999,-19.330760385871265],[-51.0620433999999,-19.33054168587132],[-51.0612417999999,-19.330177385871345],[-51.060258,-19.33003158587124],[-51.05970999772554,-19.3300519173238],[-51.0592741999999,-19.330068085871222],[-51.0581447,-19.3303959858713],[-51.0570150999999,-19.331124685871238],[-51.0560677,-19.331744185871067],[-51.0550838999999,-19.332691485871063],[-51.0542823,-19.333310885871036],[-51.0538969,-19.33365788587086],[-51.053189200000006,-19.334294685870816],[-51.0523512,-19.335132785870748],[-51.05158600000001,-19.336007285870657],[-51.0507843999999,-19.33688178587064],[-51.0499462999999,-19.338157085870435],[-51.0491810999999,-19.339140885870453],[-51.0483067,-19.340197485870217],[-51.04757790000001,-19.341071985870148],[-51.0471042,-19.341618585870084],[-51.0462661999999,-19.342565985870095],[-51.0455373999999,-19.343367585870034],[-51.04484510000001,-19.344424185869816],[-51.0443715,-19.34573598586967],[-51.0441527999999,-19.346829085869665],[-51.0438612999999,-19.34799508586945],[-51.0437156,-19.349233885869335],[-51.0434241,-19.35105578586915],[-51.0430233,-19.352549685869036],[-51.0426954,-19.353788585868966],[-51.042586,-19.354444385868895],[-51.0422581,-19.356120485868754],[-51.0416751,-19.357432285868637],[-51.041237899999906,-19.358233885868497],[-51.04047270000001,-19.359217685868344],[-51.0397239,-19.359943085868384],[-51.0393066999999,-19.360347185868335],[-51.0384693,-19.36098758586816],[-51.0380678999999,-19.361294585868208],[-51.0370841,-19.361877585868175],[-51.0358816,-19.36238768586802],[-51.0346792,-19.362970685867964],[-51.0332582,-19.363917985868],[-51.0319828999999,-19.364974685867786],[-51.0308898,-19.365922085867748],[-51.029906,-19.366978785867698],[-51.0295616999999,-19.367504185867524],[-51.0292137,-19.368035385867433],[-51.0288856999999,-19.368800585867408],[-51.0284119999999,-19.370913885867193],[-51.0276104,-19.373719585866986],[-51.026991,-19.374885585866874],[-51.0263351,-19.37623378586675],[-51.0251691999999,-19.377836985866512],[-51.02396670000001,-19.37900298586647],[-51.0230558,-19.379585985866402],[-51.0222542,-19.380241785866367],[-51.0216348,-19.38089768586622],[-51.0210518,-19.38151708586613],[-51.02050519999991,-19.38228228586607],[-51.0201772999999,-19.38322968586604],[-51.0201408,-19.3839219858659],[-51.0201408,-19.38497858586592],[-51.0202866,-19.385707385865743],[-51.0204687999999,-19.386618285865755],[-51.0213067999999,-19.388221485865483],[-51.0219991,-19.389351085865385],[-51.0230194,-19.39095428586534],[-51.0242947,-19.392156685865128],[-51.02473189999991,-19.392739685865084],[-51.0252785,-19.393395585865125],[-51.0257521,-19.394197185865025],[-51.0260800999999,-19.39496238586486],[-51.0264079999999,-19.396346985864707],[-51.0264809,-19.397221485864616],[-51.0263351,-19.39795018586465],[-51.0257521,-19.398715385864584],[-51.025346,-19.398955985864493],[-51.0247682999999,-19.39929838586453],[-51.0236024,-19.399917785864467],[-51.0222906,-19.400355085864444],[-51.0201044,-19.400865185864262],[-51.0189384,-19.401083785864373],[-51.0178453,-19.401156685864255],[-51.0161328,-19.401120185864347],[-51.0146023999999,-19.400938085864404],[-51.0132177999999,-19.40071938586438],[-51.0112138,-19.400500785864423],[-51.0097926999999,-19.400391485864404],[-51.0086995999999,-19.400318585864348],[-51.0074243,-19.400355085864444],[-51.0062583,-19.400500785864423],[-51.0053473999999,-19.400828685864383],[-51.0045094,-19.40141168586432],[-51.0041813999999,-19.401994685864146],[-51.0039628,-19.403342885864024],[-51.00403570000001,-19.40527408586386],[-51.0044000999999,-19.406840785863707],[-51.0046551,-19.408407585863635],[-51.0049102,-19.410921785863408],[-51.0047643999999,-19.41296228586311],[-51.0044000999999,-19.413508785863055],[-51.0037442,-19.41409178586303],[-51.0033728999999,-19.4143552858631],[-51.0026146,-19.414893385863056],[-51.0014487,-19.41533068586298],[-51.0006835,-19.41518488586288],[-51.00002760000001,-19.414638385862975],[-50.9994445999999,-19.413144385863177],[-50.9971126999999,-19.410156585863383],[-50.9955459,-19.40891778586352],[-50.9938332999999,-19.4080067858637],[-50.9919386,-19.407605985863647],[-50.9904447,-19.407496685863705],[-50.9886228,-19.40793398586369],[-50.9880034,-19.40844408586355],[-50.9878045999999,-19.408974085863566],[-50.9873474999999,-19.41019308586349],[-50.9869467,-19.4121606858633],[-50.98669169999991,-19.41580438586298],[-50.9869155,-19.416833785862774],[-50.9865756,-19.42004788586244],[-50.9865746999999,-19.423130685862183],[-50.9860758999999,-19.429195685861675],[-50.9853022,-19.431382785861377],[-50.98272130000001,-19.432974385861304],[-50.9826346999999,-19.43302778586123],[-50.9809102,-19.433475685861286],[-50.9808863,-19.4334794858613],[-50.9729025,-19.434767285861156],[-50.9682928,-19.435185385861107],[-50.9603713,-19.439082485860656],[-50.9562220999999,-19.44149988586042],[-50.9537754,-19.442073585860484],[-50.9521315,-19.44263348586033],[-50.951129,-19.44367528586023],[-50.9506284999999,-19.445088085860203],[-50.9503663,-19.445987285860117],[-50.95032338293413,-19.446134457786258],[-50.9499678999999,-19.447353485859995],[-50.947193,-19.451087785859656],[-50.9467218,-19.45290258585947],[-50.9452242,-19.453531585859434],[-50.9421366999999,-19.453097085859447],[-50.9408855,-19.453733785859402],[-50.9401371,-19.455092785859172],[-50.9378311999999,-19.45746948585896],[-50.93590840000001,-19.460643985858663],[-50.9356339,-19.461815085858625],[-50.9353594999999,-19.462986285858555],[-50.9349978,-19.46747748585814],[-50.9392028999999,-19.4678624858581],[-50.9494405999999,-19.47105148585772],[-50.95692180000001,-19.476022785857364],[-50.9623784999999,-19.481895685856724],[-50.963272,-19.483637785856583],[-50.9638634,-19.486353885856342],[-50.9630005,-19.499737585855133],[-50.962946200000005,-19.500578785855133],[-50.960363,-19.50492278585476],[-50.958269800000004,-19.50745788585452],[-50.9570909999999,-19.508885485854396],[-50.95549529999991,-19.51081808585414],[-50.9546855,-19.511798785854133],[-50.9542767,-19.512293785854116],[-50.9542671,-19.51230548585414],[-50.9542565,-19.512318385854105],[-50.9542387,-19.512339885854132],[-50.9542216,-19.512360585854104],[-50.9541604999999,-19.512434485854012],[-50.9541474,-19.512452985853972],[-50.9505506,-19.517517985853555],[-50.9449901999999,-19.52534818585284],[-50.9447643999999,-19.52566628585295],[-50.9447423,-19.525692585852976],[-50.935886,-19.536217185852017],[-50.9334416999999,-19.538481185851836],[-50.9308813,-19.542243885851512],[-50.9266666999999,-19.55141228585074],[-50.9241683,-19.558617385850013],[-50.9229091,-19.57162478584891],[-50.923129800000005,-19.57606078584857],[-50.9243946,-19.58088458584814],[-50.9252289999999,-19.582774785848102],[-50.9279981999999,-19.587800085847665],[-50.9305565,-19.590282585847444],[-50.9342422,-19.59177908584725],[-50.937579,-19.592270585847217],[-50.9431198999999,-19.592207585847216],[-50.9465426,-19.59168978584725],[-50.94975010000001,-19.59003948584739],[-50.9509934,-19.588177485847638],[-50.9519956,-19.58667638584769],[-50.9555529,-19.58400948584801],[-50.9618022,-19.58173978584819],[-50.9619425,-19.581735085848074],[-50.9628703,-19.581703785848184],[-50.9708676,-19.581434485848103],[-50.9712425,-19.5814218858482],[-50.9744974,-19.581646085848085],[-50.974499,-19.58164648584819],[-50.9770798,-19.582297185848144],[-50.97791310000001,-19.582507285848127],[-50.97905008860563,-19.583039023535143],[-50.9816931,-19.584275085847946],[-50.9830985999999,-19.585238485847793],[-50.98424479999991,-19.58602418584772],[-50.9875546,-19.589507585847432],[-50.9886035,-19.59282138584717],[-50.9904675999999,-19.605401885846153],[-50.992602500000004,-19.610414085845832],[-50.996744,-19.61637388584523],[-50.9977352999999,-19.619285685845103],[-50.9986451,-19.62195778584486],[-50.9987267,-19.622197485844865],[-51.0021135,-19.62795058584439],[-51.0035501999999,-19.629707885844272],[-51.0045751,-19.632494385843913],[-51.0058979,-19.638189685843486],[-51.0082346,-19.64078758584338],[-51.0090235,-19.64195018584322],[-51.0090385,-19.641972285843313],[-51.0107733,-19.644529585842992],[-51.0115774,-19.646686085842923],[-51.0120673,-19.65185008584242],[-51.0121126999999,-19.65232858584247],[-51.0131814,-19.65435858584233],[-51.0207993999999,-19.659051885841965],[-51.0212488999999,-19.659584585841916],[-51.0215995,-19.66000028584188],[-51.0216151,-19.660018685841845],[-51.0221349,-19.660634185841737],[-51.0268151999999,-19.671413985841003],[-51.0318973999999,-19.681114785840172],[-51.036574300000005,-19.687012385839825],[-51.0381808,-19.691767485839446],[-51.0393170999999,-19.704715785838513],[-51.0395846,-19.70541958583841],[-51.0397983999999,-19.713494185837824],[-51.0384955,-19.71953318583729],[-51.0392576,-19.721253085837247],[-51.0413957,-19.72378978583705],[-51.04233103804953,-19.724632177552728],[-51.0454079,-19.72740328583671],[-51.0459443999999,-19.729050885836585],[-51.045983,-19.730887185836462],[-51.046037,-19.733451185836266],[-51.0460798999999,-19.735492985836213],[-51.04608180000001,-19.73558288583615],[-51.0459041,-19.73612328583619],[-51.0454329,-19.73755568583606],[-51.0441294,-19.73910468583586],[-51.0426067999999,-19.740913885835827],[-51.0348514,-19.74668568583535],[-51.0303071,-19.751441885835074],[-51.0279017,-19.756575385834704],[-51.02816870000001,-19.759111985834522],[-51.02914400000001,-19.76127308583439],[-51.0312542,-19.76476608583415],[-51.0365821,-19.770703585833626],[-51.0399394,-19.77711828583318],[-51.0400764,-19.782254285832938],[-51.0394651999999,-19.783742985832813],[-51.0388518999999,-19.7852352858327],[-51.0372690999999,-19.787837885832428],[-51.035625,-19.789076585832362],[-51.03349790000001,-19.790679285832354],[-51.0334680999999,-19.790701785832372],[-51.0330953,-19.790982785832224],[-51.0327225,-19.791263785832307],[-51.0267044,-19.798303585831754],[-51.0236288999999,-19.80394558583143],[-51.022825,-19.806996985831248],[-51.0226931999999,-19.80749718583113],[-51.0221882,-19.815389985830656],[-51.0206304,-19.828483785829796],[-51.0189657,-19.832967885829486],[-51.0181987,-19.83728108582913],[-51.01873873413544,-19.842259504351308],[-51.019793499999906,-19.851983085828184],[-51.0199729999999,-19.854311585828153],[-51.0201862,-19.85707818582786],[-51.0202072,-19.858850185827713],[-51.0202778,-19.86480128582745],[-51.0201448999999,-19.865574185827427],[-51.0193068999999,-19.870450185827025],[-51.0161702,-19.87676858582661],[-51.0131091,-19.882934685826353],[-51.010565299999904,-19.887032085826007],[-51.0088843,-19.888812185825987],[-51.0079458,-19.89058078582585],[-51.0064351999999,-19.8934274858257],[-51.0029092999999,-19.90007168582528],[-51.0018238,-19.902832685825118],[-51.0013208,-19.903590285825047],[-51.0005252999999,-19.904788185824867],[-50.9994713,-19.90637548582487],[-50.9995031999999,-19.911718885824577],[-50.9997673,-19.91630008582423],[-51.0002029999999,-19.918117585824202],[-51.00249860000001,-19.924794985823794],[-51.0050823,-19.928260985823602],[-51.0102899999999,-19.935247285823223],[-51.0116371999999,-19.937930085823044],[-51.0139177999999,-19.944476185822552],[-51.0171602,-19.95160518582222],[-51.0200250999999,-19.956309485821986],[-51.0209111999999,-19.95908738582171],[-51.0209523999999,-19.95994278582176],[-51.0211489,-19.96402828582142],[-51.0208244999999,-19.96787048582122],[-51.0186550999999,-19.973625485821017],[-51.0153543,-19.980684385820588],[-51.0141907,-19.982222785820433],[-51.0111717,-19.986214485820323],[-51.00850339999991,-19.98974248582011],[-51.0078831,-19.990806685820058],[-51.0054861,-19.99606488581978],[-51.0048070999999,-19.9992170858196],[-51.0053318999999,-20.003305585819362],[-51.00527041558919,-20.00525420698265],[-51.004875,-20.01778608581863],[-51.0049918,-20.01854168581857],[-51.0054139,-20.021271985818426],[-51.0060364999999,-20.025299785818216],[-51.0104463,-20.033973685817656],[-51.0168649,-20.041593085817265],[-51.0175737,-20.044594285817222],[-51.0179661,-20.04625608581703],[-51.0178883999999,-20.048392485817057],[-51.0159609,-20.052897985816784],[-51.0137458999999,-20.06111908581628],[-51.0103331999999,-20.07044998581582],[-51.0097567,-20.072026085815864],[-51.0053313,-20.079226885815494],[-51.0041361,-20.080932885815333],[-51.002395,-20.083049885815242],[-51.0005985,-20.08523418581515],[-51.0004749999999,-20.085384385815214],[-51.0010874,-20.094748485814783],[-51.0011911,-20.0963347858147],[-51.00235539999991,-20.09751858581455],[-51.0035078,-20.10047888581442],[-51.00481926011972,-20.10218611635247],[-51.0056501,-20.103267685814277],[-51.0072782999999,-20.1053871858142],[-51.0074415,-20.105599585814176],[-51.0078435,-20.106497185814217],[-51.0132207,-20.118502685813684],[-51.017052,-20.124264085813326],[-51.01721439999991,-20.12469738581332],[-51.0191378,-20.12982888581307],[-51.0215848,-20.133348885812886],[-51.0242004999999,-20.13936158581277],[-51.02927400000001,-20.151023985812174],[-51.032323,-20.159605385811854],[-51.0342189,-20.164941385811662],[-51.0345811,-20.166988585811556],[-51.0366101,-20.170649385811263],[-51.037746500000004,-20.17465878581123],[-51.0398033,-20.178221585811063],[-51.0414173,-20.181868385810848],[-51.0488119999999,-20.19857688581026],[-51.0490597,-20.199639285810097],[-51.0538589999999,-20.22022268580941],[-51.0562396999999,-20.227231185809032],[-51.0580115,-20.232446985808977],[-51.0582635,-20.233188685808905],[-51.0583266,-20.233374685808926],[-51.0589327,-20.235160685808744],[-51.060757116777296,-20.238092540013145],[-51.0653900999999,-20.245537785808477],[-51.0691631,-20.250049485808226],[-51.0789708,-20.258253185807977],[-51.0814804999999,-20.25981588580795],[-51.0830521999999,-20.260794485807914],[-51.0931629,-20.26835478580754],[-51.0934674,-20.268582485807652],[-51.0948347999999,-20.269184485807514],[-51.09630029999991,-20.270338385807563],[-51.101004799999906,-20.274042185807343],[-51.1093896,-20.280092185807202],[-51.1113893,-20.2815350858071],[-51.11183279999991,-20.281855185807068],[-51.1122525,-20.282193785807152],[-51.112436100000004,-20.282341985807143],[-51.1131377,-20.282908285807117],[-51.1139865,-20.283593385807123],[-51.1154822999999,-20.285084485807072],[-51.117583,-20.286944585806985],[-51.1225813999999,-20.29024468580686],[-51.1324142999999,-20.29553148580671],[-51.1369683,-20.297462185806523],[-51.1412844,-20.2988465858065],[-51.1451675,-20.300299585806552],[-51.15436607939894,-20.303203534434257],[-51.1607663999999,-20.30522408580639],[-51.1624141,-20.30550438580637],[-51.1641064999999,-20.306009085806384],[-51.1723459999999,-20.307945385806182],[-51.1767315,-20.308861685806242],[-51.1780596999999,-20.309285585806226],[-51.1795395,-20.309428585806177],[-51.1812492999999,-20.309772885806144],[-51.1976121,-20.31227078580614],[-51.2399055,-20.316935885805993],[-51.24749800000001,-20.318386585805865],[-51.257158800000006,-20.321057085805894],[-51.2708170999999,-20.323030385805737],[-51.2956844999999,-20.328482085805632],[-51.3055352,-20.331990485805523],[-51.31667289641312,-20.33733097686287],[-51.321445,-20.339619185805315],[-51.32968520000001,-20.345448685805124],[-51.3413331,-20.353688885804903],[-51.3427053999999,-20.35466008580476],[-51.3431260999999,-20.35514758580484],[-51.3435469,-20.355634985804766],[-51.3480852,-20.359517985804732],[-51.3508686,-20.363179385804628],[-51.3539805999999,-20.36859298580447],[-51.3580204,-20.37938438580407],[-51.3602364,-20.38295028580396],[-51.3606020999999,-20.38353878580398],[-51.3606101,-20.38355418580393],[-51.3607013,-20.383703085803937],[-51.361224400000005,-20.384540285804043],[-51.3722026,-20.393090485803775],[-51.3751154999999,-20.396526985803604],[-51.3780839999999,-20.40178028580349],[-51.37877647827448,-20.40335496618357],[-51.38111489999991,-20.408672485803393],[-51.3844212,-20.416190685803183],[-51.39611572771884,-20.440338957632175],[-51.3966776999999,-20.441499385802512],[-51.3989579,-20.445761085802506],[-51.4039102999999,-20.452652885802312],[-51.4092795999999,-20.459570585802073],[-51.4115456,-20.460864785802148],[-51.4122498,-20.461266985802173],[-51.4130152,-20.46170418580203],[-51.4145996999999,-20.46260918580211],[-51.4146545999999,-20.462640485802137],[-51.4146708,-20.462649785802125],[-51.414822,-20.462736085802145],[-51.4155891,-20.46317428580202],[-51.4156211,-20.463192485801983],[-51.4156426,-20.463204785802112],[-51.4156861,-20.463229685801995],[-51.4159564,-20.463384085802037],[-51.4176926,-20.464375685801965],[-51.4177342,-20.464399385801986],[-51.4182557999999,-20.464697285802075],[-51.4185308,-20.464854385802063],[-51.41858280000001,-20.464884085801955],[-51.41860530000001,-20.464896985802095],[-51.4186356,-20.46491428580209],[-51.4186531,-20.46492418580196],[-51.418722699999904,-20.464963985802076],[-51.418742,-20.464974985802066],[-51.418757,-20.464983585802102],[-51.4187914,-20.46500318580208],[-51.4188473,-20.465035185801955],[-51.4190449,-20.465147985801945],[-51.419048,-20.465149785801962],[-51.4190510999999,-20.465151585802072],[-51.4191432,-20.46520408580193],[-51.4191731,-20.465221185802065],[-51.4192361,-20.465257185801967],[-51.4193961,-20.465348485801975],[-51.4194186999999,-20.46536138580197],[-51.4197789999999,-20.465567085801933],[-51.4202351,-20.46582748580194],[-51.4203012,-20.46586528580203],[-51.4204685,-20.465960785801947],[-51.4205094,-20.465984085802038],[-51.4205206999999,-20.465990585801922],[-51.4205668,-20.466016985802025],[-51.4207469999999,-20.466119785801954],[-51.4207537999999,-20.46612368580206],[-51.4207587,-20.46612648580201],[-51.4210067,-20.46626808580205],[-51.4215705,-20.466590085802018],[-51.4232241,-20.467900685802007],[-51.4233065,-20.46796598580189],[-51.4260614999999,-20.469187785801868],[-51.4309218,-20.471343185801913],[-51.4353912999999,-20.47332528580176],[-51.4384027999999,-20.475201185801843],[-51.4443681,-20.478917085801676],[-51.4492291,-20.48281538580159],[-51.4538631999999,-20.490133685801467],[-51.4553609,-20.494015085801454],[-51.4566116999999,-20.49565978580132],[-51.457688,-20.496379785801317],[-51.4604219,-20.498208485801385],[-51.4604853,-20.498269585801378],[-51.4637827,-20.501452685801354],[-51.4661474,-20.50824668580117],[-51.48860100316743,-20.540410957208287],[-51.4928561,-20.54650628580053],[-51.4949134,-20.553480685800384],[-51.4979195,-20.563671885800286],[-51.5002223,-20.56821628580019],[-51.5159763,-20.581238185799993],[-51.5214788,-20.58728858579992],[-51.5283125,-20.59304268579986],[-51.5303896999999,-20.594791585799864],[-51.5330051,-20.59699388579977],[-51.5522923999999,-20.608336485799644],[-51.5644166,-20.616231285799586],[-51.5661130999999,-20.617336085799494],[-51.5676316999999,-20.618324885799467],[-51.5676753,-20.618353285799532],[-51.5707682999999,-20.62007658579945],[-51.5751759,-20.62341128579942],[-51.5751862,-20.623419085799497],[-51.5775049,-20.625172485799474],[-51.5812819999999,-20.62904268579948],[-51.5837442,-20.630744285799327],[-51.5883102999999,-20.635650685799256],[-51.5941481999999,-20.643847685799308],[-51.5978191999999,-20.65158288579915],[-51.6002786,-20.655939885799217],[-51.600785860120034,-20.656907469264087],[-51.6032959999999,-20.66169548579914],[-51.6042199,-20.664166685799156],[-51.6051438,-20.66663788579912],[-51.60521299999991,-20.666992685799098],[-51.6053663,-20.667778685798986],[-51.6053737999999,-20.6678172857991],[-51.6055888,-20.668919585799113],[-51.6063157999999,-20.67146788579907],[-51.6082737,-20.675520785799055],[-51.6107848,-20.683849985798908],[-51.6114674,-20.685623285798954],[-51.6170046,-20.69628608579889],[-51.6197632,-20.70351108579887],[-51.6211195,-20.706660185798718],[-51.6224119,-20.709047485798735],[-51.62305819999991,-20.710696485798827],[-51.6242875,-20.712518685798813],[-51.6281934,-20.725052885798767],[-51.6282019999999,-20.725080685798762],[-51.6315036,-20.73683528579866],[-51.6339968999999,-20.747479285798672],[-51.6348991999999,-20.754848385798677],[-51.6335660999999,-20.759298085798658],[-51.6326685,-20.76112538579864],[-51.6272597999999,-20.768732285798674],[-51.6245322,-20.771797085798642],[-51.623618,-20.77397138579855],[-51.6223984,-20.77687198579869],[-51.6231964999999,-20.778652185798645],[-51.6274829,-20.78469688579865],[-51.6278647999999,-20.789024885798643],[-51.6268891,-20.79066418579863],[-51.6267889,-20.791421085798657],[-51.6262217999999,-20.795716285798644],[-51.6261492,-20.79626568579853],[-51.6267983,-20.799623585798653],[-51.6272979999999,-20.801821485798676],[-51.6277507,-20.803812185798677],[-51.6293684,-20.808397485798697],[-51.629803,-20.809629285798547],[-51.6299392999999,-20.8100156857987],[-51.6300310999999,-20.810275985798565],[-51.630076700000004,-20.810414285798608],[-51.6303235,-20.811163285798667],[-51.63086095536387,-20.81279441245245],[-51.6309423,-20.813041285798704],[-51.6321169,-20.816606085798607],[-51.6329772,-20.821558185798708],[-51.6329077999999,-20.824763885798614],[-51.63287109999991,-20.826456985798625],[-51.6328544,-20.82722998579862],[-51.6328233999999,-20.828660985798717],[-51.6327315999999,-20.832901885798726],[-51.6320987,-20.83853298579866],[-51.6317994999999,-20.841194185798773],[-51.6315642,-20.844935985798816],[-51.6308440999999,-20.84972038579881],[-51.6301794999999,-20.85413638579882],[-51.6297015,-20.861452885798894],[-51.6284451,-20.86869908579895],[-51.6276177,-20.87047828579885],[-51.6266795,-20.872495485798947],[-51.6255250999999,-20.87414548579887],[-51.6225676999999,-20.878372285798957],[-51.6182777,-20.88279668579901],[-51.6150883,-20.886085985799017],[-51.6140113,-20.887940285799026],[-51.6134777,-20.89007838579895],[-51.6136071999999,-20.89413458579907],[-51.6136769999999,-20.896319185799012],[-51.617500778105494,-20.91018467350661],[-51.6176192,-20.9106140857992],[-51.6180115,-20.913225385799144],[-51.6188114999999,-20.92240448579935],[-51.6189939,-20.932331485799427],[-51.6189985,-20.932590585799428],[-51.62093170000001,-20.93936558579952],[-51.6235872999999,-20.94443288579954],[-51.6281706999999,-20.949029585799614],[-51.6328382,-20.95172288579954],[-51.6345820999999,-20.952345285799534],[-51.6363112999999,-20.95296248579966],[-51.6397792,-20.953613385799535],[-51.6442757,-20.955524185799664],[-51.6487822,-20.95888268579958],[-51.6497032999999,-20.95969878579975],[-51.6548912,-20.965261785799772],[-51.6596463,-20.968503485799715],[-51.6626898,-20.969511985799844],[-51.6657334,-20.970520385799762],[-51.6666852,-20.970787085799763],[-51.6787264,-20.97294438579989],[-51.6856218999999,-20.9730191857999],[-51.6856228999999,-20.973018885799824],[-51.6856238,-20.97301858579978],[-51.6862186,-20.972824485799784],[-51.6889293999999,-20.971939985799864],[-51.6916633,-20.971280085799755],[-51.6940643999999,-20.97086508579983],[-51.6964359,-20.970479785799842],[-51.699173,-20.970232685799726],[-51.7019496,-20.97014378579986],[-51.7031747999999,-20.970173385799853],[-51.7048378,-20.970433485799855],[-51.7049504999999,-20.970451185799856],[-51.7050571,-20.97043738579987],[-51.705683,-20.97035638579984],[-51.71266553355986,-20.971316356717114],[-51.7136957,-20.971457985799734],[-51.7182323,-20.9741102857998],[-51.72223039999991,-20.976767985799846],[-51.7225283,-20.977036885799944],[-51.7229713999999,-20.97743678579993],[-51.7284208,-20.983536685799905],[-51.7316120999999,-20.98793008580008],[-51.7379210999999,-20.995250685800087],[-51.7424172999999,-21.00142508580018],[-51.7438799,-21.005293485800205],[-51.7468764,-21.009071185800323],[-51.7488635,-21.011336985800426],[-51.7523968,-21.01326298580035],[-51.7530753,-21.014139785800477],[-51.7553545,-21.017085185800415],[-51.7569801,-21.01902068580042],[-51.7596475999999,-21.02219678580057],[-51.7605727,-21.024157885800626],[-51.763816,-21.028804385800697],[-51.7643798999999,-21.029612285800624],[-51.7659849,-21.032315585800678],[-51.7684823,-21.036522085800865],[-51.77007889999991,-21.040052685800767],[-51.7712582,-21.042660585800924],[-51.7719774,-21.045925185800908],[-51.7720169999999,-21.047531585801025],[-51.7721328,-21.048436685801015],[-51.7723913999999,-21.050456485800993],[-51.7724764,-21.051121285801077],[-51.7728729999999,-21.053871785801164],[-51.77549818296358,-21.07207880073598],[-51.7756444999999,-21.073093585801384],[-51.7896709,-21.102119485802096],[-51.7921337558394,-21.10318112250357],[-51.8080062,-21.110023085802272],[-51.8144546999999,-21.121389185802517],[-51.82359,-21.12683978580264],[-51.844593200000006,-21.13146288580277],[-51.8645440999999,-21.13058118580264],[-51.8654739,-21.130540085802732],[-51.8758619,-21.136147385802868],[-51.8769245999999,-21.139470985802962],[-51.8789848,-21.148137685803032],[-51.87742,-21.164106485803472],[-51.8764964,-21.173532785803772],[-51.87576030000001,-21.181044085804004],[-51.8787651,-21.193846185804258],[-51.8797205,-21.197916885804354],[-51.87964709999991,-21.198673785804388],[-51.8795737,-21.19943068580443],[-51.873817,-21.211249085804848],[-51.8736757999999,-21.211467885804776],[-51.87150828400223,-21.214825950994395],[-51.8698458,-21.217401585805035],[-51.8669151999999,-21.22103688580504],[-51.8636776,-21.226711085805185],[-51.8619939,-21.234198985805456],[-51.8609259999999,-21.238948585805645],[-51.8598370999999,-21.241962485805633],[-51.857153,-21.245884985805798],[-51.8565952,-21.24713628580592],[-51.8555499,-21.249480885806],[-51.8552002,-21.250265385805893],[-51.8543905,-21.25399268580614],[-51.8543145,-21.25434248580618],[-51.8543122999999,-21.25438388580604],[-51.8541802,-21.25695768580612],[-51.854188,-21.25701138580622],[-51.854213,-21.25718288580621],[-51.854225,-21.257265785806283],[-51.8542419999999,-21.257382385806253],[-51.8542439999999,-21.257396185806236],[-51.854435899999906,-21.258714885806306],[-51.8544598,-21.25887918580633],[-51.8544805,-21.259021485806326],[-51.8546077999999,-21.259896985806357],[-51.8543614,-21.260945485806275],[-51.8539139,-21.26168658580637],[-51.8534663999999,-21.262427785806366],[-51.85345110000001,-21.262453185806418],[-51.8505188999999,-21.26364528580647],[-51.8493053,-21.264869185806482],[-51.8488795,-21.265821885806385],[-51.84851450000001,-21.26663838580656],[-51.8488118,-21.269946585806643],[-51.8491667,-21.273895585806684],[-51.849373,-21.27619088580687],[-51.8497512,-21.27710598580678],[-51.8514415999999,-21.281195685807006],[-51.855880500000005,-21.285911085807154],[-51.8558955,-21.28596268580717],[-51.8569297,-21.28952618580729],[-51.8569449,-21.289631185807302],[-51.8574078,-21.29282838580744],[-51.8577328,-21.29507268580735],[-51.8583786999999,-21.29953368580755],[-51.8584706,-21.300168885807683],[-51.8585189,-21.300502585807717],[-51.8585449999999,-21.300634185807606],[-51.8593337,-21.304623885807818],[-51.8594012999999,-21.30496628580774],[-51.8597091,-21.30652318580792],[-51.8597501,-21.306730585807895],[-51.85983601694035,-21.30886111449976],[-51.8598395,-21.308947485807895],[-51.859928800000006,-21.311164285808044],[-51.8606511,-21.31413838580806],[-51.8612381,-21.316555485808106],[-51.8613733,-21.317112485808256],[-51.8613523999999,-21.318425285808203],[-51.8612947999999,-21.322042285808447],[-51.8612769,-21.323166185808383],[-51.8612441999999,-21.325222985808466],[-51.8611951999999,-21.328296985808663],[-51.8611772,-21.329425885808607],[-51.8611364,-21.331990685808723],[-51.8610618,-21.336670985808965],[-51.86196,-21.341617485809074],[-51.8652610999999,-21.348942485809435],[-51.8687621,-21.353530185809618],[-51.8746278,-21.35737148580964],[-51.8877785999999,-21.366926385810103],[-51.8999284999999,-21.37760528581055],[-51.905582,-21.384002185810722],[-51.9075357,-21.386455785810902],[-51.9082124,-21.38790218581086],[-51.911143,-21.392737585811155],[-51.91245750000001,-21.395661585811272],[-51.9151919999999,-21.403124985811505],[-51.9172655,-21.410418485811796],[-51.9182051,-21.412182385811857],[-51.9191731999999,-21.423506385812463],[-51.9203452,-21.429637685812597],[-51.9206159999999,-21.431054985812743],[-51.921823,-21.437370985812937],[-51.9224073,-21.440429185813162],[-51.9224657,-21.44060928581308],[-51.923059899999906,-21.44244168581323],[-51.9232583,-21.443053485813298],[-51.9238857,-21.444988585813245],[-51.9241092,-21.4456778858134],[-51.9242221,-21.44590058581344],[-51.92599183607122,-21.449389405092237],[-51.9270066999999,-21.451390085813674],[-51.9286817999999,-21.45581608581375],[-51.929601499999904,-21.456832185813912],[-51.9305211,-21.45784828581393],[-51.9361268,-21.462316485814036],[-51.9428154999999,-21.464921885814267],[-51.9444043999999,-21.46584148581433],[-51.9491231,-21.469818985814467],[-51.9523993,-21.473603685814663],[-51.952858600000006,-21.474432485814678],[-51.9531514,-21.47496058581472],[-51.955249,-21.477944485814856],[-51.95829570000001,-21.483535285815158],[-51.9587493999999,-21.485121585815193],[-51.9611917,-21.491166185815487],[-51.9621005,-21.493054085815473],[-51.9622225099999,-21.49330748881559],[-51.9623883,-21.49365199581547],[-51.963528095,-21.496019795815705],[-51.967903285,-21.50176208081586],[-51.978930195,-21.506858985816198],[-51.98715359499991,-21.51170037581638],[-51.996933105,-21.515861295816542],[-52.0003675949999,-21.516626480816722],[-52.0138849099999,-21.512729895816513],[-52.018057895,-21.511778285816355],[-52.02184161,-21.51091497581633],[-52.03112974617117,-21.50954299157599],[-52.03759229,-21.50858838581632],[-52.0425091,-21.506706895816155],[-52.051617095000005,-21.50507279581605],[-52.0570666,-21.5036096758161],[-52.062041705,-21.50326849081596],[-52.0664523999999,-21.504591595816127],[-52.07220491,-21.509045475816247],[-52.0777894,-21.51522248081656],[-52.0803228899999,-21.521562080816928],[-52.0853443949999,-21.52795898581725],[-52.087924705000006,-21.532899675817504],[-52.0931068899999,-21.537759080817775],[-52.095962410000006,-21.542063575817878],[-52.1022933949999,-21.5548405958185],[-52.103292805,-21.55906518081881],[-52.10340189,-21.564557195819148],[-52.102164097,-21.569813482819296],[-52.09876729,-21.574985595819577],[-52.0915313899999,-21.580694190819855],[-52.0884776949999,-21.582035980820024],[-52.084183504999906,-21.583343485820105],[-52.0828246099999,-21.584238795820067],[-52.0724264999999,-21.59310127082053],[-52.07205699448753,-21.593622214783952],[-52.0688755849999,-21.598107495820912],[-52.06727411,-21.602701990821174],[-52.06531489,-21.613275885821732],[-52.0627899899999,-21.620597690822127],[-52.0607879999999,-21.624337985822347],[-52.055567095,-21.63111357582264],[-52.05209230500001,-21.63659417582305],[-52.049520405,-21.643089080823334],[-52.0483228099999,-21.650605795823736],[-52.048340305,-21.656342085824196],[-52.049862,-21.663102600824573],[-52.050711195,-21.665766580824734],[-52.0537668929999,-21.672573988825125],[-52.0558253999999,-21.677158785825377],[-52.0628664,-21.689634085826142],[-52.0669412,-21.69654618582648],[-52.0703774999999,-21.702373685826903],[-52.0730791999999,-21.708590785827322],[-52.07649239999991,-21.714880185827653],[-52.080507083899484,-21.719075187722392],[-52.0819561,-21.720589285828027],[-52.0866776999999,-21.723821585828237],[-52.0938662,-21.730514385828588],[-52.0995930999999,-21.73761908582912],[-52.1007377999999,-21.739519885829097],[-52.1013455999999,-21.743147785829464],[-52.1028651999999,-21.7452911858295],[-52.1037891,-21.746053785829634],[-52.1120144,-21.749599085829868],[-52.1182137,-21.74876688582979],[-52.1220989,-21.749461885829867],[-52.1254509999999,-21.75182988583],[-52.1309588999999,-21.752874385829998],[-52.1365466,-21.75441068583005],[-52.1388881999999,-21.755292885830244],[-52.1400487999999,-21.75573018583027],[-52.147792,-21.75958878583051],[-52.1612618,-21.770773685831116],[-52.1615805,-21.771532485831294],[-52.1621946,-21.772994985831406],[-52.170962099999905,-21.786398285832277],[-52.1752104999999,-21.79478428583272],[-52.1839844,-21.814460485834065],[-52.18443269999991,-21.81817408583439],[-52.1836029,-21.826365885834857],[-52.1845115,-21.83024878583514],[-52.18739688363312,-21.83863649153936],[-52.1893537,-21.844324885836134],[-52.1905614,-21.846144685836386],[-52.2067288,-21.862138885837364],[-52.2285421999999,-21.8791341858387],[-52.2334329999999,-21.883753985839],[-52.2363678999999,-21.886832385839188],[-52.2484061,-21.902280385840253],[-52.2554918,-21.90527258584052],[-52.2581840999999,-21.905923985840662],[-52.2594304,-21.906742485840702],[-52.2636970999999,-21.912299185841043],[-52.2690461,-21.91449698584131],[-52.2706013,-21.914831085841307],[-52.271360049748225,-21.914767879284074],[-52.2736803999999,-21.91457458584131],[-52.2749633,-21.914941885841323],[-52.2783762,-21.91863218584151],[-52.2791809,-21.921584685841843],[-52.2802723,-21.922824785841804],[-52.28777,-21.928652985842277],[-52.2938374999999,-21.935218085842745],[-52.3014846999999,-21.942168585843305],[-52.307316500000006,-21.95049578584389],[-52.3088119,-21.95191958584405],[-52.3140734999999,-21.96203288584485],[-52.3155186,-21.966751385845292],[-52.3162196,-21.967828785845256],[-52.3189164,-21.971973685845676],[-52.31901939999991,-21.9721318858457],[-52.3235624,-21.98698908584689],[-52.3256014,-21.996098485847625],[-52.32804500000001,-21.99995948584777],[-52.3270764,-22.000799185847974],[-52.326732372031,-22.00160816891033],[-52.3264379999999,-22.00230038584809],[-52.3324175,-22.020336385849546],[-52.3358789,-22.034960185850643],[-52.3378779999999,-22.041537585851316],[-52.3391918,-22.047826385851803],[-52.3454348,-22.06197538585291],[-52.35139180115285,-22.07134793747993],[-52.3551312,-22.077231385854297],[-52.3605477999999,-22.083276885854684],[-52.3706650999999,-22.096650385855853],[-52.377218,-22.10667818585682],[-52.3789055999999,-22.108176485856937],[-52.3863522999999,-22.11129898585725],[-52.39190640000001,-22.114678885857405],[-52.3964038,-22.118867085857765],[-52.3972376999999,-22.12005088585798],[-52.4016794,-22.126357185858563],[-52.4040649,-22.131095085858927],[-52.4051145181569,-22.13377808540707],[-52.4081882999999,-22.141635185859776],[-52.4150189,-22.148825885860553],[-52.43252449291342,-22.162958554451762],[-52.4330277999999,-22.163364885861853],[-52.4386559,-22.168600885862226],[-52.4415319999999,-22.17127668586257],[-52.4425019,-22.172583085862577],[-52.4457419,-22.17694688586306],[-52.4525002,-22.182283785863433],[-52.4529333,-22.18263948586349],[-52.4551195,-22.18443478586377],[-52.456184999999905,-22.185309885863767],[-52.4564963,-22.185547885863866],[-52.4587597999999,-22.18727868586404],[-52.4606752,-22.188743385864168],[-52.4799657,-22.200881785865214],[-52.4809868,-22.202335885865438],[-52.4842164,-22.213254285866434],[-52.4877142999999,-22.217205985866816],[-52.48984230000001,-22.218294785866902],[-52.489921,-22.218335085866812],[-52.4921454999999,-22.219474085866988],[-52.4930315,-22.21992778586695],[-52.49877,-22.223547985867288],[-52.5009358999999,-22.224400685867362],[-52.5030937999999,-22.225250285867553],[-52.5034355999999,-22.22538488586747],[-52.5068276,-22.225118985867446],[-52.5123885,-22.225580685867577],[-52.5232339,-22.22902188586792],[-52.5314882,-22.23392328586835],[-52.5333522,-22.23563648586846],[-52.5420794999999,-22.240266285868977],[-52.5486112999999,-22.2424274858692],[-52.5519576999999,-22.243323185869276],[-52.5534718,-22.243728585869203],[-52.554028800000005,-22.24387778586933],[-52.5700972,-22.248180785869632],[-52.5710190999999,-22.24842768586978],[-52.57513541303676,-22.250204159601417],[-52.5791872,-22.251952785870092],[-52.5869392,-22.256750485870565],[-52.5927695999999,-22.26272568587114],[-52.5975207,-22.268787985871732],[-52.6019914,-22.271951385872043],[-52.6044345999999,-22.273128085872138],[-52.61497,-22.27640618587237],[-52.6233564,-22.279015585872724],[-52.6295231,-22.282395685872956],[-52.6333804,-22.28498608587331],[-52.6363054,-22.288672785873686],[-52.6400356,-22.29298818587412],[-52.6449135,-22.297468285874423],[-52.6458005,-22.298283085874502],[-52.6502765,-22.3010009858748],[-52.6552007999999,-22.30308568587499],[-52.6553385999999,-22.303144085874962],[-52.656888099999904,-22.30379878587516],[-52.67815812423026,-22.309811630303223],[-52.6951341,-22.31461058587626],[-52.7242686,-22.33510788587828],[-52.7245598,-22.335218685878225],[-52.7458349999999,-22.343312985879113],[-52.7983308999999,-22.378273385882704],[-52.80821040000001,-22.3882847858838],[-52.8108158850654,-22.390508294560657],[-52.8109436,-22.39061728588404],[-52.8184100999999,-22.39698748588472],[-52.8374474999999,-22.413229785886404],[-52.8398869,-22.41531098588664],[-52.8547612,-22.439112385889082],[-52.8578426999999,-22.441482685889305],[-52.885837,-22.452873585890636],[-52.88819349999991,-22.453653585890667],[-52.8952141,-22.455977285891002],[-52.899036,-22.45724168589102],[-52.92417939888275,-22.465559809249143],[-52.9342978999999,-22.4689072858924],[-52.9386592,-22.47035008589257],[-52.9476453999999,-22.473179985892845],[-52.9481916,-22.473351985892897],[-52.9551347999999,-22.47553848589313],[-52.9579423,-22.476454085893216],[-52.9579707999999,-22.47646338589314],[-52.9579993,-22.476472685893132],[-52.9796933,-22.483547685894028],[-52.9882459,-22.486878285894296],[-52.9985791,-22.49318128589501],[-53.0012167,-22.50076518589583],[-53.0041393,-22.50507858589631],[-53.0055085,-22.50881738589674],[-53.0056286999999,-22.50914548589673],[-53.0056658,-22.509246985896887],[-53.0070574,-22.513046985897297],[-53.0115878999999,-22.518220785897785],[-53.0143611999999,-22.52066578589815],[-53.0206333,-22.522505385898235],[-53.0244704999999,-22.524086285898537],[-53.0382741,-22.527366685898905],[-53.039801,-22.527395585898926],[-53.046358491364664,-22.530810061892428],[-53.0496906,-22.53254508589942],[-53.051248,-22.5338021858996],[-53.0541595,-22.534939885899668],[-53.0580024,-22.53692998589989],[-53.0738064999999,-22.548857585901363],[-53.0752629999999,-22.550419385901545],[-53.0779843999999,-22.55333758590189],[-53.0815284,-22.557137685902198],[-53.086024,-22.562324485902803],[-53.0886475,-22.565849185903232],[-53.0909043999999,-22.569379885903608],[-53.097789000000006,-22.582476285905113],[-53.10786230000001,-22.595511485906666],[-53.108915,-22.59831648590707],[-53.1098578,-22.604301085907725],[-53.1099553,-22.60657568590806],[-53.1100835,-22.60957038590832],[-53.11011150000001,-22.61022498590853],[-53.1090472,-22.614187485908985],[-53.10870620000001,-22.615039785909072],[-53.1051871999999,-22.621929585909793],[-53.1062597,-22.622600185910002],[-53.1131229,-22.63175078591106],[-53.114392,-22.633634285911263],[-53.1209818,-22.64341408591247],[-53.1246436,-22.648510485912958],[-53.1278794999999,-22.652349385913453],[-53.1279577999999,-22.65212408591352],[-53.1344124357692,-22.660352816308915],[-53.1389038999999,-22.66607878591524],[-53.1422191999999,-22.670746785915764],[-53.1431625,-22.671619585915764],[-53.14760840000001,-22.67808128591668],[-53.1559296999999,-22.685729985917597],[-53.1588869,-22.688448085917948],[-53.1614511999999,-22.68990178591809],[-53.1660297999999,-22.693799385918478],[-53.1684796,-22.697651385918974],[-53.1736981999999,-22.70380948591987],[-53.1754971999999,-22.705535285920057],[-53.1778267999999,-22.70898978592037],[-53.1809560999999,-22.713630285921045],[-53.1809598,-22.713634285921064],[-53.1853664,-22.718733685921684],[-53.1888906999999,-22.72194718592199],[-53.1935276,-22.72534678592252],[-53.1989995,-22.728333285922897],[-53.2067208,-22.731260285923266],[-53.2120154999999,-22.731963685923226],[-53.215054,-22.731921785923333],[-53.2186149999999,-22.731237585923136],[-53.2234372999999,-22.73095768592322],[-53.22873,-22.731171185923166],[-53.2309384,-22.73142378592331],[-53.238375,-22.732988985923512],[-53.23999810000001,-22.73347088592346],[-53.2441287999999,-22.734697585923616],[-53.252451587340886,-22.737450252580103],[-53.2749471,-22.744890385924986],[-53.2773359999999,-22.746065985925053],[-53.288893800000004,-22.749596085925596],[-53.2914198999999,-22.750915685925783],[-53.3001456,-22.753851785926024],[-53.3027407,-22.755338585926328],[-53.3273641,-22.764565085927494],[-53.3290863999999,-22.765210685927602],[-53.33780480000001,-22.770347885928132],[-53.3520354999999,-22.775680585928782],[-53.3556948999999,-22.77798978592913],[-53.3595079,-22.779556485929408],[-53.3638091,-22.783588285929923],[-53.3691339,-22.792332085931058],[-53.3723024999999,-22.798254785931736],[-53.3724481,-22.798526885931853],[-53.372994472627354,-22.79903275427272],[-53.3775322,-22.803234085932356],[-53.3797855,-22.804434785932635],[-53.3896181,-22.80562448593278],[-53.3987296,-22.806726885932825],[-53.4041468999999,-22.80878068593312],[-53.4079811999999,-22.81138738593345],[-53.4104065999999,-22.813869585933862],[-53.4117148,-22.81567048593412],[-53.4194785999999,-22.824549885935262],[-53.4217012999999,-22.82623748593539],[-53.4237029,-22.827250585935616],[-53.4296507999999,-22.832955385936273],[-53.4508572999999,-22.841936785937474],[-53.4710022,-22.855304885939336],[-53.48476120000001,-22.863854185940372],[-53.49997971950087,-22.87042049380085],[-53.503141,-22.87178448594143],[-53.51214040000001,-22.875667485942056],[-53.515236,-22.876868785942218],[-53.5235822,-22.880108685942552],[-53.5310478,-22.88105278594279],[-53.5339289999999,-22.882068085942898],[-53.5350654,-22.882657185942993],[-53.5362903,-22.883292185943105],[-53.5418832,-22.886191585943497],[-53.5468271,-22.890096285943976],[-53.5592104999999,-22.905669185946085],[-53.5594427999999,-22.90596128594606],[-53.5605121999999,-22.90952828594667],[-53.560780399999906,-22.91616318594757],[-53.5685654,-22.92576938594889],[-53.5707710999999,-22.928491285949267],[-53.5754358999999,-22.93168728594967],[-53.5843930999999,-22.933993685950004],[-53.5893096999999,-22.936236785950317],[-53.59962177359538,-22.94391292974522],[-53.602589,-22.946121685951553],[-53.6074235,-22.951333485952368],[-53.6106101999999,-22.957733485953305],[-53.6127198999999,-22.966087485954425],[-53.6166378,-22.974153385955614],[-53.6283352999999,-22.990946685957855],[-53.6324276,-22.99645078595866],[-53.634125,-22.998495085959046],[-53.6345871999999,-23.000747685959354],[-53.6340016999999,-23.003385485959754],[-53.633934699999905,-23.003511085959737],[-53.6322557999999,-23.006585385960065],[-53.6304820999999,-23.011785085960778],[-53.62989580000001,-23.013504785961153],[-53.6301166,-23.018025485961793],[-53.6309305,-23.021318785962276],[-53.631098199999904,-23.022627485962396],[-53.6314439,-23.039367585964783],[-53.6322145999999,-23.047281085966034],[-53.6318808999999,-23.05161278596653],[-53.6320731,-23.054645185967072],[-53.6326865,-23.064321185968392],[-53.6323773159581,-23.068475401197137],[-53.63224389999991,-23.070267985969284],[-53.6336669999999,-23.08244948597105],[-53.6340721,-23.092516685972615],[-53.6359348999999,-23.10573578597448],[-53.6360059,-23.119230585976577],[-53.6365886999999,-23.125030785977376],[-53.63903680000001,-23.128862185978015],[-53.6425864999999,-23.13193208597847],[-53.6481196,-23.13671678597911],[-53.6547545999999,-23.144160085980364],[-53.66033050000001,-23.15446048598187],[-53.660522,-23.157102885982216],[-53.6590300999999,-23.16280908598306],[-53.6598556,-23.165766185983586],[-53.66396343492526,-23.172752119370525],[-53.665040889589385,-23.174584477936065],[-53.6662828999999,-23.176696685985227],[-53.6681129999999,-23.18112048598593],[-53.6679996,-23.18235008598612],[-53.6693633,-23.184260885986426],[-53.6733348,-23.187424085986816],[-53.6766456,-23.192466685987636],[-53.6795624,-23.195257385987993],[-53.6857138,-23.20596518598976],[-53.6935551999999,-23.22139138599216],[-53.6993409999999,-23.2349042859942],[-53.6994,-23.23560778599437],[-53.7032414999999,-23.250160985996512],[-53.7037359999999,-23.252034285996842],[-53.7049696,-23.258117185997868],[-53.7049698,-23.25811788599773],[-53.7049698,-23.258118185997848],[-53.7049699999999,-23.25811888599776],[-53.7055966999999,-23.26325238599856],[-53.7087817999999,-23.270434985999817],[-53.7121845999999,-23.276506286000703],[-53.7128441999999,-23.278171486000932],[-53.7128542999999,-23.278196986001017],[-53.7149077,-23.283381786001847],[-53.7196693,-23.297609886004004],[-53.7252209,-23.310433386006203],[-53.72857239455907,-23.316044979799177],[-53.7341211,-23.325335486008477],[-53.74132380000001,-23.335638386010128],[-53.7484846999999,-23.34228208601134],[-53.759273,-23.354020986013136],[-53.7613646,-23.357466186013784],[-53.7622435,-23.359341986014094],[-53.766363,-23.368132886015534],[-53.766824,-23.36852138601561],[-53.7711065999999,-23.372129986016155],[-53.77548790000001,-23.375131386016577],[-53.7759614,-23.37533798601661],[-53.7841036,-23.377562486017098],[-53.7901883,-23.379938186017476],[-53.80598650000001,-23.382745486017814],[-53.8067622999999,-23.382883286017822],[-53.8079753,-23.383187286018007],[-53.8079966,-23.38319258601802],[-53.8091883,-23.383491286017932],[-53.8116143,-23.384099186018144],[-53.8131422,-23.384634986018145],[-53.8160217999999,-23.385644886018316],[-53.8221083999999,-23.389098386019004],[-53.8245499,-23.391479486019247],[-53.8263600999999,-23.391888686019414],[-53.82905336325894,-23.392956300224217],[-53.8292337,-23.39302778601959],[-53.8365952999999,-23.397566586020275],[-53.8375607999999,-23.398027286020493],[-53.8527847999999,-23.405291486021653],[-53.8558497,-23.406753886021917],[-53.864434100000004,-23.411708786022643],[-53.873517499999906,-23.417743986023716],[-53.8765943999999,-23.41978838602407],[-53.8803718999999,-23.421179186024265],[-53.880463,-23.421225986024204],[-53.88314750000001,-23.42260518602455],[-53.8844801,-23.4230400860246],[-53.8942893,-23.426241086025154],[-53.9075291,-23.43225488602615],[-53.9126366,-23.436048786026817],[-53.9145458,-23.437466986027022],[-53.9251151,-23.443150086028016],[-53.9320549999999,-23.44594878602834],[-53.940754,-23.446317986028482],[-53.9412378,-23.446232186028396],[-53.9509257,-23.444514686028185],[-53.9599716,-23.443441686027928],[-53.9601931,-23.443415486028016],[-53.9619413999999,-23.443706986028072],[-53.9636852,-23.44399898602815],[-53.9720212999999,-23.44784268602876],[-53.9727164,-23.44850118602889],[-53.975024492232826,-23.450687619257344],[-53.98153450000001,-23.45685448603029],[-53.9865967,-23.464793586031664],[-53.9873785,-23.46661488603196],[-53.9905861,-23.47896358603393],[-53.99466470000001,-23.4904056860359],[-53.9967918999999,-23.49449958603668],[-54.0002408999999,-23.499700986037563],[-54.0043425,-23.51107998603946],[-54.0050957,-23.517615286040563],[-54.0052145999999,-23.5282517860425],[-54.0073482999999,-23.54474618604535],[-54.0084866,-23.54903868604612],[-54.01270900000001,-23.561562786048224],[-54.0139030999999,-23.56291888604843],[-54.0177912999999,-23.57249628605022],[-54.0178243999999,-23.572577886050123],[-54.0207207,-23.576635686050803],[-54.0209303999999,-23.57692958605099],[-54.0231666999999,-23.583556286052026],[-54.0232182,-23.583708886052165],[-54.0240178,-23.586078386052602],[-54.0231542,-23.594628186054],[-54.023432,-23.597265086054577],[-54.024764585262986,-23.600686786097256],[-54.0262061,-23.604388186055846],[-54.0275849,-23.61004468605672],[-54.0281191,-23.610676686056852],[-54.029124,-23.613409586057408],[-54.0292554,-23.614698586057557],[-54.02930200000001,-23.61515598605773],[-54.0306356999999,-23.628248886060085],[-54.0306351,-23.62824898606009],[-54.0311040999999,-23.63285428606092],[-54.03085920000001,-23.646063986063325],[-54.0322298,-23.651661686064323],[-54.0346039,-23.655892186065042],[-54.0396732,-23.661572986066084],[-54.0446082,-23.668655886067352],[-54.0476075999999,-23.675902586068727],[-54.0508141999999,-23.68586878607049],[-54.0511225,-23.68717148607076],[-54.0518817,-23.690379286071302],[-54.0535148,-23.70167858607335],[-54.0518997,-23.721136686076886],[-54.0526388,-23.725067586077554],[-54.0536795,-23.7279844860781],[-54.05492710000001,-23.730602486078723],[-54.0574339,-23.734899786079396],[-54.06096724007441,-23.740264786569487],[-54.0619654,-23.741780386080798],[-54.0658802,-23.746131686081586],[-54.0685493,-23.750292886082335],[-54.0705151,-23.754010986082925],[-54.0723808,-23.75922978608399],[-54.0757093,-23.764484886084976],[-54.077525520298444,-23.77069176814622],[-54.0780685,-23.772547386086508],[-54.0789632,-23.7773963860873],[-54.0804586,-23.78089708608796],[-54.0810719999999,-23.78916898608963],[-54.0820437,-23.79270698609026],[-54.0829702999999,-23.802002786091986],[-54.0830716999999,-23.803020086092257],[-54.0836060999999,-23.805492886092594],[-54.0839222,-23.806955386092877],[-54.0853532,-23.813576386094123],[-54.0850579,-23.818192986095088],[-54.0860615999999,-23.825160886096423],[-54.0852960999999,-23.82822578609692],[-54.0832956,-23.829418686097224],[-54.0830994,-23.831099986097474],[-54.0863528,-23.8381325860988],[-54.0864331,-23.840722886099307],[-54.08698437583263,-23.84251278973133],[-54.087041999999904,-23.842699886099723],[-54.0881052999999,-23.844530286100145],[-54.0862068,-23.856271586102334],[-54.0850237,-23.860533886103195],[-54.0839341,-23.8622209861035],[-54.0839859,-23.864984686104048],[-54.0827101,-23.867279686104506],[-54.0794097,-23.88075598610707],[-54.0799057,-23.888978286108674],[-54.080458,-23.891253186108987],[-54.0873796,-23.90769268611217],[-54.0894878,-23.915139286113742],[-54.0917914,-23.921359686114968],[-54.09310359999991,-23.924012386115486],[-54.0943238,-23.929910186116523],[-54.09804439999991,-23.94392048611928],[-54.1017649999999,-23.95196348612099],[-54.1104354999999,-23.960823786122727],[-54.1175484,-23.97132878612479],[-54.1202845,-23.97412918612524],[-54.1297086,-23.982108286126866],[-54.1326548,-23.984192286127353],[-54.13298155621552,-23.98437327764818],[-54.1402563,-23.988402786128187],[-54.1542229999999,-23.992200386128847],[-54.1641913,-23.9964677861297],[-54.1690081,-23.99899428613021],[-54.1746866999999,-24.001972686130916],[-54.1791537,-24.00565218613154],[-54.1808738999999,-24.006525886131687],[-54.1850487,-24.010447486132527],[-54.2037728999999,-24.02520718613559],[-54.2171949,-24.035990586137622],[-54.2272831,-24.043252086139216],[-54.2402412,-24.049969386140553],[-54.24388133883755,-24.05284801161458],[-54.2453048,-24.053973686141404],[-54.2494639,-24.055901786141785],[-54.2542586,-24.056666486141857],[-54.2552686999999,-24.056827586141974],[-54.2597041,-24.05690748614201],[-54.2598575,-24.056910086141976],[-54.26894,-24.059027886142296],[-54.2767656,-24.06225518614308],[-54.2841339999999,-24.067556786144152],[-54.2862316,-24.06822538614431],[-54.2873556,-24.06858358614435],[-54.2893306,-24.0683712861443],[-54.2907135999999,-24.066806786143907],[-54.293239,-24.06135688614289],[-54.2978252,-24.056781386141953],[-54.3016297999999,-24.054912286141573],[-54.3041256,-24.05091578614067],[-54.3099594999999,-24.046314886139847],[-54.3119904,-24.038070386138173],[-54.3136039999999,-24.03414878613736],[-54.31712770000001,-24.031965586136934],[-54.3177967,-24.02857488613627],[-54.3216312,-24.0245428861354],[-54.3219708999999,-24.02241958613501],[-54.3214717,-24.019297586134357],[-54.3193246,-24.01318618613312],[-54.3188277,-24.011772386132748],[-54.3188541,-24.010507486132596],[-54.319803,-24.008708786132246],[-54.3212152,-24.00745088613203],[-54.3226324,-24.005720986131564],[-54.3238266,-24.004263286131238],[-54.3241879999999,-24.003822186131192],[-54.3269208999999,-24.004855986131474],[-54.327941,-24.005241886131483],[-54.3357281999999,-24.006025086131597],[-54.3367833999999,-24.004533986131435],[-54.3370882999999,-24.004103186131335],[-54.3378668999999,-24.00171688613084],[-54.3379169999999,-24.001563086130716],[-54.3387423,-24.001935586130863],[-54.3407061,-24.00282208613097],[-54.3407425999999,-24.002822986131054],[-54.3410125999999,-24.00283008613108],[-54.3423726999999,-24.002865986131102],[-54.3428762,-24.00287928613108],[-54.3463015,-24.0013908861307],[-54.3471921999999,-24.00372148613126],[-54.3475895,-24.00476098613147],[-54.351957,-24.007672586132063],[-54.3550031,-24.005041186131397],[-54.3577094999999,-24.003050886131007],[-54.3607489999999,-24.001069686130737],[-54.3622397,-23.998973886130305],[-54.3654821,-23.99887808613029],[-54.3658455999999,-23.996618286129838],[-54.3679291999999,-23.993885686129296],[-54.369547829076495,-23.992376430431367],[-54.3699329999999,-23.992017286128824],[-54.3742141,-23.989382586128293],[-54.3763663999999,-23.990576586128515],[-54.3771462,-23.991009186128732],[-54.3790387,-23.988604186128132],[-54.3811564,-23.98678678612782],[-54.3837887999999,-23.986786186127897],[-54.3847757,-23.98491418612741],[-54.3868621,-23.982816686127016],[-54.3879436,-23.979924986126488],[-54.3898485,-23.974831386125498],[-54.3914635,-23.97207098612495],[-54.3927361999999,-23.96911818612438],[-54.39430800000001,-23.965255586123593],[-54.3973945,-23.965088486123552],[-54.4013216,-23.964755386123436],[-54.4049378999999,-23.962485986123045],[-54.409686,-23.961881186122817],[-54.4113455,-23.96119248612279],[-54.4131942,-23.95925468612241],[-54.414700599999904,-23.958110186122173],[-54.4143321,-23.953448386121252],[-54.4165381999999,-23.946121586119816],[-54.4190316,-23.943396386119307],[-54.4220271999999,-23.940492886118705],[-54.4254986999999,-23.933089486117183],[-54.4261643999999,-23.932089786117082],[-54.4268301,-23.93109008611679],[-54.4293468,-23.930030586116654],[-54.4296904,-23.929885986116666],[-54.430034,-23.92974128611651],[-54.4318635,-23.928971086116462],[-54.4341385,-23.929067186116438],[-54.4313210999999,-23.927697686116204],[-54.427456400000004,-23.926743686116033],[-54.4262209999999,-23.91571178611375],[-54.42773959999991,-23.913451286113414],[-54.4312073,-23.911231486112914],[-54.4347969999999,-23.909186586112497],[-54.4377178999999,-23.9061053861119],[-54.4401395,-23.904276086111576],[-54.4432993999999,-23.904376886111542],[-54.4466772,-23.903381886111358],[-54.45195419999991,-23.900728786110943],[-54.456265800000004,-23.899104986110647],[-54.4587276,-23.89978778611077],[-54.4628317,-23.900724886110837],[-54.4664632,-23.899206086110667],[-54.4692871999999,-23.897725786110282],[-54.4718566999999,-23.897861186110358],[-54.4777314999999,-23.897948786110298],[-54.4802493,-23.901275386111042],[-54.4873166,-23.903680486111522],[-54.4877417,-23.9004662861108],[-54.4867798,-23.893979286109623],[-54.4916135999999,-23.887625986108382],[-54.4930047,-23.885155086107925],[-54.49475906673204,-23.885006198216242],[-54.4973515,-23.884786186107874],[-54.5028779,-23.884377586107668],[-54.5072589,-23.882418186107405],[-54.51488140000001,-23.885178386107906],[-54.5172780999999,-23.881424286107112],[-54.518289799999906,-23.877889686106542],[-54.5205793,-23.875539186105996],[-54.5231573999999,-23.873592186105707],[-54.5264329,-23.872709286105405],[-54.5300841,-23.871754086105337],[-54.5324576,-23.872582486105504],[-54.5351759,-23.873157786105516],[-54.53890150000001,-23.869097786104838],[-54.5434369,-23.868101986104644],[-54.5482878999999,-23.86954628610492],[-54.5529703999999,-23.87080438610506],[-54.5568014999999,-23.870127286105035],[-54.5615951,-23.872162086105412],[-54.5685807999999,-23.874466986105883],[-54.5703149999999,-23.867960486104593],[-54.5679024999999,-23.86268018610346],[-54.5659352,-23.858982386102774],[-54.5643949,-23.854213486101983],[-54.5658000999999,-23.853855086101895],[-54.5672054,-23.85349658610184],[-54.5706635999999,-23.85043798610116],[-54.575631,-23.848046586100782],[-54.5814791999999,-23.845801086100337],[-54.5832525,-23.84180498609961],[-54.58347706401785,-23.840633077895667],[-54.5841679,-23.8370278860987],[-54.586846,-23.83813828609888],[-54.5890555999999,-23.839021686098974],[-54.5930696,-23.842886386099714],[-54.5945174999999,-23.8439055861],[-54.5960339,-23.845668086100336],[-54.5965892999999,-23.846894886100447],[-54.59701034601826,-23.847772079022132],[-54.5976125,-23.849026586100873],[-54.5995993999999,-23.851009986101342],[-54.6007896,-23.852242986101498],[-54.6020396,-23.852332786101528],[-54.6050155999999,-23.852046186101532],[-54.60509562620071,-23.852037180741583],[-54.60795970000001,-23.851714886101412],[-54.6097366,-23.851376386101347],[-54.6165884,-23.83502048609819],[-54.6249458,-23.835145486098334],[-54.6313645,-23.830028986097346],[-54.6382904,-23.830569786097428],[-54.6467747999999,-23.833763086097953],[-54.6526157,-23.821547186095675],[-54.6544711,-23.819987286095458],[-54.6569924,-23.81973398609536],[-54.6590224999999,-23.8193498860953],[-54.6635234999999,-23.819518686095247],[-54.6642888,-23.81917088609525],[-54.6686473,-23.817190586094814],[-54.6694199,-23.815427886094536],[-54.6694721,-23.81250478609391],[-54.6778643,-23.822556086095826],[-54.6809941,-23.82836718609692],[-54.6837867,-23.83050248609746],[-54.6856887,-23.831956786097592],[-54.6876343,-23.832570486097836],[-54.6915829,-23.833815986098056],[-54.6985731,-23.84199678609953],[-54.6985165,-23.850667486101194],[-54.6979344,-23.857772186102558],[-54.7000515,-23.85992928610307],[-54.701255995877105,-23.861027013498003],[-54.7051834,-23.864606286103854],[-54.7069941,-23.864604186103954],[-54.7081204,-23.86445998610396],[-54.7103253999999,-23.864478686103805],[-54.7106027,-23.864582986103947],[-54.7116396,-23.864973086103923],[-54.7211844,-23.865557386104044],[-54.73330259999991,-23.869657786104938],[-54.7365584,-23.865938586104118],[-54.7452924999999,-23.868708386104668],[-54.7484128999999,-23.866075186104243],[-54.7492554,-23.86097148610313],[-54.7545972,-23.85874718610285],[-54.7591095,-23.85674108610247],[-54.7618775999999,-23.858064486102727],[-54.7640494999999,-23.866211486104273],[-54.774575,-23.865399686104112],[-54.7765065,-23.868111286104654],[-54.7790621,-23.87062648610512],[-54.7808866999999,-23.86895358610466],[-54.7869810999999,-23.870317586105084],[-54.7901492,-23.8684713861047],[-54.7927966999999,-23.86807868610464],[-54.7960677999999,-23.869936886105],[-54.7959943,-23.871051086105073],[-54.7969641999999,-23.871941186105353],[-54.7991494999999,-23.873946386105764],[-54.79889070000001,-23.877055886106366],[-54.8006607,-23.877235986106403],[-54.8058263999999,-23.87916798610667],[-54.8076192,-23.881333086107063],[-54.8107045,-23.883601986107536],[-54.8143204,-23.890427686108936],[-54.8187621,-23.89028068610883],[-54.8228318,-23.889868486108863],[-54.8268439,-23.888127186108377],[-54.82883939920348,-23.887394385264432],[-54.8295454999999,-23.88713508610831],[-54.8321564999999,-23.88461748610773],[-54.8350285,-23.884296586107755],[-54.8363204999999,-23.883916386107664],[-54.8417338,-23.88783458610845],[-54.8421577,-23.890207486108896],[-54.8441776999999,-23.89244868610923],[-54.8446592999999,-23.892729486109427],[-54.8469526,-23.89367078610948],[-54.8478047999999,-23.89565108610995],[-54.8497917,-23.897002986110074],[-54.8492120999999,-23.90259338611119],[-54.8499082,-23.90822438611232],[-54.8508169999999,-23.907630786112204],[-54.8587385,-23.905560486111888],[-54.8601131,-23.905201286111694],[-54.8613604,-23.907197786112103],[-54.863123,-23.9081549861124],[-54.8691853,-23.90626638611188],[-54.8735326999999,-23.909263686112467],[-54.8771412999999,-23.9052736861118],[-54.8803265999999,-23.902800386111263],[-54.8806982999999,-23.900853986110974],[-54.8811171,-23.898550286110517],[-54.8851157,-23.896998986110127],[-54.8870717,-23.898090286110428],[-54.8908855,-23.90021818611082],[-54.891567,-23.90287538611137],[-54.893591,-23.91076588611281],[-54.9008476,-23.912344986113215],[-54.9033909999999,-23.909579886112667],[-54.9086879,-23.911370386113003],[-54.9091587,-23.911867786113103],[-54.9115616,-23.91440678611352],[-54.9134390999999,-23.917128386114154],[-54.9132754,-23.922149886115136],[-54.9268771,-23.92481398611563],[-54.9272915999999,-23.929374686116525],[-54.9264992999999,-23.932329886117085],[-54.9240841,-23.93516288611768],[-54.9241569,-23.93742408611803],[-54.9297816,-23.942288286119098],[-54.9303274,-23.94432038611947],[-54.9282603999999,-23.946576586119903],[-54.9280231,-23.948206386120116],[-54.9264276,-23.950614586120572],[-54.926806600000006,-23.953718286121195],[-54.9257795999999,-23.95594218612178],[-54.9252523,-23.960281786122604],[-54.9270797,-23.961828786122904],[-54.9337614999999,-23.963168486123095],[-54.9363441,-23.96286008612301],[-54.9378498999999,-23.9626801861231],[-54.9394191,-23.962911386123043],[-54.9411411,-23.96851488612417],[-54.9414364,-23.96744988612402],[-54.9417316999999,-23.96638488612382],[-54.9419794,-23.96572918612359],[-54.9422168999999,-23.965024486123564],[-54.9422297,-23.965023486123528],[-54.9435132999999,-23.964921186123433],[-54.9448846999999,-23.96464708612347],[-54.9481676999999,-23.964035786123347],[-54.9493524,-23.963548186123155],[-54.9510956999999,-23.96430558612332],[-54.95180340000001,-23.965156786123483],[-54.9553036999999,-23.965482286123656],[-54.9666801,-23.966165886123793],[-54.9689475,-23.964490086123423],[-54.9704702999999,-23.96434938612332],[-54.9727394,-23.960252086122477],[-54.9764233,-23.957712386121976],[-54.9811624,-23.961014586122676],[-54.9853499,-23.9627428861231],[-54.98707000000001,-23.96175768612293],[-54.9909767999999,-23.96234418612306],[-54.994976,-23.96012828612257],[-54.9955143,-23.957905286122035],[-54.99614232594437,-23.9578407475209],[-54.9985892999999,-23.95758928612198],[-55.0049961999999,-23.96264898612296],[-55.0052636,-23.962825786123133],[-55.0183926,-23.97150508612473],[-55.0200794,-23.972620286125043],[-55.0235039999999,-23.97291458612509],[-55.0265701,-23.973124986125192],[-55.0266546,-23.97310488612517],[-55.0285215,-23.972662786125063],[-55.0313080999999,-23.973386586125237],[-55.0332878,-23.973900886125186],[-55.0349936,-23.976378186125704],[-55.0368008,-23.977948686126105],[-55.0388002,-23.979686186126376],[-55.0406161,-23.980821086126664],[-55.0442851999999,-23.983114086127145],[-55.0459792999999,-23.98417288612737],[-55.0512853,-23.980558886126534],[-55.0513563,-23.98102438612672],[-55.052016200000004,-23.985351486127588],[-55.0527119,-23.986340986127768],[-55.0532848,-23.9869288861279],[-55.0600506,-23.991954386128786],[-55.0623315,-23.993288586129175],[-55.0626667999999,-23.99308158612915],[-55.0640784999999,-23.992210086128953],[-55.0643011,-23.992072686128818],[-55.0717352999999,-23.987483186127896],[-55.07341360000001,-23.985028086127528],[-55.0728614999999,-23.97995488612643],[-55.0752964,-23.98471168612734],[-55.0803195,-23.984712186127364],[-55.0831707999999,-23.98349338612713],[-55.0851875,-23.98216358612695],[-55.0903575999999,-23.982574586127022],[-55.0930025,-23.977617286126073],[-55.0941713,-23.975011086125523],[-55.0968933999999,-23.973722086125264],[-55.0986983999999,-23.972280386124893],[-55.0986081999999,-23.969344986124415],[-55.1006697,-23.97063688612458],[-55.10697090000001,-23.965211886123477],[-55.1071716,-23.96194698612292],[-55.1183976999999,-23.97715178612586],[-55.1226796,-23.978694186126177],[-55.12467489999991,-23.97606948612565],[-55.1262121,-23.97953588612642],[-55.128726399999906,-23.98372998612728],[-55.13294944018949,-23.985188045368087],[-55.1380728999999,-23.986956986127876],[-55.1409538999999,-23.987650086127953],[-55.1418856,-23.987874186128074],[-55.1456982999999,-23.98879138612829],[-55.149083100000006,-23.989377886128384],[-55.1499454999999,-23.98759478612804],[-55.1559478999999,-23.983151086127048],[-55.1579151,-23.985564486127636],[-55.1599474,-23.98776218612808],[-55.1646502,-23.989517086128327],[-55.1670971999999,-23.98867608612827],[-55.17557300000001,-23.993313886129158],[-55.1786587999999,-23.993798686129253],[-55.1803277,-23.989800186128367],[-55.1811959,-23.98786828612797],[-55.1829951,-23.987883786128105],[-55.1874364,-23.988408386128178],[-55.1929494999999,-23.986806086127878],[-55.19724647875482,-23.98671772425939],[-55.1984203,-23.98669358612788],[-55.19858590317623,-23.987417418244817],[-55.1990488,-23.989440686128315],[-55.1988552,-23.994573386129428],[-55.1993868,-23.995808986129695],[-55.2017116,-23.998192786130133],[-55.2044822999999,-24.000816686130698],[-55.2069243,-24.003602486131147],[-55.2114041999999,-24.004057986131226],[-55.2153476999999,-24.005819186131692],[-55.2186703,-24.009747686132354],[-55.2239253,-24.012509186133023],[-55.2272083,-24.013036786133142],[-55.2290402,-24.013966586133197],[-55.2329154999999,-24.010104886132464],[-55.235366593852085,-24.00663106526607],[-55.235373,-24.0066219861317],[-55.2404485,-24.0059888861317],[-55.2421907999999,-24.004632186131303],[-55.2429355,-24.002906886131118],[-55.2437509,-24.001232386130663],[-55.2459554,-23.99823768613004],[-55.2480429999999,-24.000110886130535],[-55.252135699999904,-23.99868108613014],[-55.2541439999999,-23.996560286129714],[-55.25687210000001,-23.99622528612966],[-55.260236,-23.99422798612936],[-55.2602426999999,-23.99421958612935],[-55.2602936,-23.994147686129228],[-55.2620229999999,-23.99170858612889],[-55.2642479,-23.987535386128027],[-55.2663029999999,-23.989446486128326],[-55.2690747,-23.988914586128217],[-55.2703581,-23.987726886127966],[-55.2710415,-23.985508086127528],[-55.2744074999999,-23.98483528612737],[-55.2777986999999,-23.984556186127328],[-55.28325310000001,-23.977655186126064],[-55.2873839,-23.975862986125595],[-55.2959033,-23.97193708612484],[-55.2969385,-23.97116018612466],[-55.2987001,-23.969838286124393],[-55.302676,-23.96685468612384],[-55.3041757999999,-23.96502658612344],[-55.3122744,-23.965082386123537],[-55.317721600000006,-23.962893786123146],[-55.3223199,-23.967676486124084],[-55.323790118277365,-23.97184253801901],[-55.3254292,-23.976487086125726],[-55.3262334,-23.977675986126037],[-55.3299319,-23.98314358612707],[-55.3339111999999,-23.98856408612824],[-55.33608900000001,-23.99295148612899],[-55.3412155,-23.994574186129306],[-55.3454859,-23.994597186129337],[-55.3493288999999,-23.993550486129216],[-55.3522531,-23.990199686128452],[-55.3530373,-23.989718286128333],[-55.3584546,-23.989207586128273],[-55.36200644691394,-23.98470535855283],[-55.36396,-23.98222908612685],[-55.3667713,-23.981431886126813],[-55.3707525,-23.979510286126434],[-55.3725365,-23.978839686126296],[-55.375502599999905,-23.979842186126497],[-55.3788336,-23.975520986125634],[-55.3792698,-23.974955186125516],[-55.3783397,-23.970572186124514],[-55.3875992,-23.967500686124065],[-55.3895859,-23.96940608612443],[-55.3900654999999,-23.970663286124672],[-55.3894991999999,-23.972177286124857],[-55.392003700000004,-23.97233378612494],[-55.394312,-23.97350578612514],[-55.3964257,-23.976222386125755],[-55.3975574,-23.974148086125346],[-55.402863099999905,-23.974161386125374],[-55.4018442,-23.97047598612464],[-55.4052574,-23.964885686123527],[-55.4138613,-23.965297986123627],[-55.4148208999999,-23.964044286123368],[-55.4199854999999,-23.95729668612203],[-55.4183103999999,-23.954398886121357],[-55.4176527,-23.951788486120954],[-55.4168354,-23.948544886120192],[-55.4196436,-23.94377488611926],[-55.4209743,-23.942791786119155],[-55.4220612,-23.94221568611904],[-55.4270193,-23.939706686118477],[-55.4327675,-23.940719086118758],[-55.4297354,-23.93160738611697],[-55.4278692,-23.926319286115874],[-55.4327729999999,-23.923966886115483],[-55.4352665,-23.922190586115107],[-55.438083499999905,-23.919189386114443],[-55.4422628999999,-23.918390186114408],[-55.4442152,-23.917651986114254],[-55.445275299999906,-23.917291686114186],[-55.4463353,-23.916931486114073],[-55.4452992999999,-23.91428208611359],[-55.4448813,-23.909724886112716],[-55.4432292,-23.90814698611227],[-55.4414697999999,-23.906729586112046],[-55.4394862999999,-23.904897586111765],[-55.4389664,-23.90089408611096],[-55.4389115,-23.900471886110868],[-55.4386765,-23.898308286110364],[-55.438258,-23.894653986109642],[-55.437969,-23.891904986109225],[-55.4376680999999,-23.889376686108776],[-55.4376549999999,-23.889277286108616],[-55.4371485,-23.885442886107885],[-55.4367367999999,-23.882022786107317],[-55.4363238,-23.877797586106524],[-55.43599700000001,-23.875323886106035],[-55.4356983,-23.873281286105666],[-55.435645,-23.872916786105463],[-55.4355666,-23.872380686105473],[-55.437305299999906,-23.86954628610492],[-55.4394746,-23.86606258610426],[-55.4396937,-23.86272698610353],[-55.4389877999999,-23.85718178610256],[-55.440342,-23.85356708610184],[-55.44024388384872,-23.84958985904701],[-55.44015540000001,-23.846003086100392],[-55.4404668,-23.841381486099493],[-55.4406663999999,-23.838555386098964],[-55.4412397999999,-23.832551786097806],[-55.4415458,-23.82934658609724],[-55.4453814,-23.823795086096045],[-55.4466672,-23.822765186095857],[-55.44853750000001,-23.822039586095844],[-55.4515954,-23.821334086095604],[-55.4527419999999,-23.820302286095487],[-55.4538884999999,-23.8192703860952],[-55.4526375,-23.81846388609516],[-55.450621,-23.81647218609478],[-55.4484414,-23.81431928609438],[-55.444141800000004,-23.80921248609333],[-55.4410807,-23.803417886092202],[-55.4369282,-23.798136086091297],[-55.435127,-23.793258086090297],[-55.4301796,-23.79014118608971],[-55.4301907999999,-23.790076286089796],[-55.4307082,-23.787064286089134],[-55.4323716,-23.782456386088242],[-55.4334807,-23.775241486086927],[-55.4338248,-23.771058786086126],[-55.4432348999999,-23.765745686085225],[-55.447242100000004,-23.76020958608408],[-55.4428397,-23.755999886083327],[-55.4431992999999,-23.752912786082742],[-55.4467291999999,-23.748033786081926],[-55.4486744,-23.742269486080883],[-55.4452611999999,-23.738209886080096],[-55.4466404,-23.73504658607953],[-55.44358982955642,-23.73056004374232],[-55.44199350000001,-23.72821228607817],[-55.4425699,-23.722938986077178],[-55.4362573999999,-23.71676028607613],[-55.439896000000005,-23.712841186075426],[-55.4411274999999,-23.710102286074896],[-55.4424655999999,-23.71264418607529],[-55.4445651999999,-23.712423486075252],[-55.4494165,-23.71235178607532],[-55.451233199999905,-23.714231986075703],[-55.4519553,-23.71480058607568],[-55.4528394,-23.716079186076062],[-55.454826,-23.716977186076168],[-55.455393,-23.71630008607606],[-55.4569875999999,-23.714138186075704],[-55.4615401,-23.712735386075295],[-55.463467200000004,-23.711967386075177],[-55.4645141999999,-23.709208486074623],[-55.4641505,-23.707398986074434],[-55.4664787999999,-23.70350048607371],[-55.4640433,-23.698821086072865],[-55.463388,-23.692624986071724],[-55.4623357,-23.685208886070363],[-55.4621559999999,-23.683942686070054],[-55.4654510999999,-23.68155568606962],[-55.466698999999906,-23.680651786069568],[-55.4692062,-23.67696438606889],[-55.4742588999999,-23.675585086068637],[-55.4759663,-23.67519618606856],[-55.47524700000001,-23.673776786068224],[-55.4748377999999,-23.66775108606719],[-55.4740515,-23.661281586065922],[-55.4746172,-23.658099586065457],[-55.4746739,-23.650469886064062],[-55.4781469,-23.646893186063437],[-55.48189690000001,-23.6444534860629],[-55.4840103999999,-23.640266286062243],[-55.4894674,-23.642914486062743],[-55.4914811,-23.642050286062474],[-55.4933296999999,-23.637765086061787],[-55.49516897658632,-23.63797532748646],[-55.4981212,-23.63831278606178],[-55.5103412999999,-23.63261768606089],[-55.5099231,-23.63000778606028],[-55.511093,-23.62324918605919],[-55.5206957,-23.625897586059683],[-55.5304278,-23.627821586059948],[-55.5320922,-23.630323386060482],[-55.5346618,-23.62919668606027],[-55.5371632,-23.628099786060083],[-55.5398683999999,-23.625185986059453],[-55.537940600000006,-23.621221186058825],[-55.5360128999999,-23.617256386058155],[-55.5363043,-23.610070486056745],[-55.538443,-23.600887886055236],[-55.5381803,-23.591893486053664],[-55.53771476148268,-23.591417249444056],[-55.5309870999999,-23.58453498605234],[-55.5284182999999,-23.580261786051604],[-55.5312379,-23.571574286050065],[-55.526527,-23.567351086049207],[-55.5300999999999,-23.563530786048652],[-55.5303886999999,-23.56288768604852],[-55.53222040000001,-23.560081586047946],[-55.5361329,-23.554990386047148],[-55.53499060000001,-23.55116088604646],[-55.5361923,-23.547792886045773],[-55.5380656999999,-23.54254268604498],[-55.5369474999999,-23.54123488604466],[-55.5372154999999,-23.53976398604437],[-55.5376909,-23.538976486044263],[-55.5390088,-23.536793186043973],[-55.5406058,-23.533774686043436],[-55.5426070999999,-23.529986986042694],[-55.5404157999999,-23.524675986041792],[-55.5466838999999,-23.522609786041436],[-55.5475882,-23.511275286039563],[-55.5481933,-23.504522486038432],[-55.5496328999999,-23.496244086037],[-55.5516964999999,-23.489439586035843],[-55.5533968,-23.48819538603552],[-55.5590132,-23.48869268603557],[-55.5604082,-23.483080286034742],[-55.5606505,-23.48210548603447],[-55.5621151999999,-23.47621268603355],[-55.5538675,-23.475746486033472],[-55.5449937,-23.477277686033613],[-55.5432494999999,-23.47424508603323],[-55.5432142,-23.47400238603318],[-55.5418614,-23.464695686031533],[-55.541611822159645,-23.46289717209394],[-55.540589,-23.45552648603008],[-55.5430241,-23.451851986029478],[-55.5446944,-23.449331686028977],[-55.5383083999999,-23.438980786027265],[-55.5292504999999,-23.429889786025782],[-55.5271327999999,-23.427194286025234],[-55.524258099999905,-23.423298786024557],[-55.5227017999999,-23.419918486023995],[-55.5204146,-23.416477286023436],[-55.5155897,-23.409575386022283],[-55.5132849,-23.400350786020855],[-55.50954499999991,-23.393499386019627],[-55.5044806999999,-23.37846978601715],[-55.5044576,-23.37496298601668],[-55.5051235999999,-23.37308278601637],[-55.5065058,-23.37028498601589],[-55.5106593,-23.366837286015212],[-55.5194212,-23.365174286015066],[-55.5206239,-23.352286086012946],[-55.5239865,-23.349373786012464],[-55.5274312999999,-23.342615286011355],[-55.5321281,-23.341120886011097],[-55.5345664,-23.33335518600986],[-55.5384483,-23.329525886009257],[-55.5461645,-23.323662786008295],[-55.5501227999999,-23.32268748600815],[-55.5517455,-23.321952786008012],[-55.5545491,-23.32068328600775],[-55.5548474,-23.320548186007798],[-55.5559125,-23.316323086007145],[-55.55569640040045,-23.315918266247618],[-55.5491776,-23.303706586005013],[-55.5519465,-23.2967475860039],[-55.5546277999999,-23.288230186002547],[-55.5548568,-23.282962786001814],[-55.553080300000005,-23.279532086001232],[-55.549366,-23.278967486001186],[-55.5491837,-23.278655686001024],[-55.5484663999999,-23.27742868600092],[-55.5473825999999,-23.275358886000564],[-55.546083800000005,-23.274840286000398],[-55.543982,-23.274083486000404],[-55.54045000000001,-23.27362258600029],[-55.538943699999905,-23.272192286000106],[-55.5373956999999,-23.270722285999753],[-55.5372664,-23.27068128599983],[-55.5350723999999,-23.269984185999714],[-55.532993,-23.269316785999642],[-55.5321286,-23.2685342859994],[-55.5317026,-23.26814558599945],[-55.5304863,-23.267035685999264],[-55.5294878999999,-23.26612018599903],[-55.5285795,-23.265181685999003],[-55.5277707,-23.264314985998855],[-55.5270359,-23.26352338599864],[-55.5267555999999,-23.263234485998677],[-55.525905,-23.262357685998435],[-55.5226577999999,-23.259712985998117],[-55.5259919,-23.257062485997714],[-55.526395900000004,-23.256741285997542],[-55.5297457999999,-23.25271208599691],[-55.530919,-23.25248638599699],[-55.5346395999999,-23.25177028599688],[-55.5372783999999,-23.251262385996785],[-55.5403995,-23.244136985995695],[-55.5390992,-23.241198885995242],[-55.5367097,-23.235799785994253],[-55.5404741999999,-23.23404748599412],[-55.5423835,-23.22660378599293],[-55.5425837999999,-23.226267185992803],[-55.5461964,-23.220196985991812],[-55.5428676999999,-23.219295885991823],[-55.5410661999999,-23.220347685991836],[-55.5402336999999,-23.22083368599205],[-55.5341617,-23.216861285991335],[-55.5328005,-23.215141985991185],[-55.5300597999999,-23.211679985990518],[-55.5262329999999,-23.20820918598996],[-55.5232812,-23.197786985988383],[-55.525272,-23.19491808598794],[-55.5280956999999,-23.193032085987745],[-55.528900123241435,-23.19258391046918],[-55.5328464,-23.19038528598725],[-55.53589800000001,-23.18612938598666],[-55.5388794,-23.18459638598647],[-55.5430994,-23.18078788598578],[-55.5437722,-23.17750178598538],[-55.53995639999991,-23.17499468598496],[-55.5408457,-23.169446885984126],[-55.5445202,-23.16696728598378],[-55.5419137,-23.16418808598322],[-55.54076189999991,-23.162705185983015],[-55.5408686,-23.16077848598276],[-55.5411402999999,-23.15912008598249],[-55.5418854,-23.156132385982005],[-55.5450961,-23.155778285982095],[-55.5470084999999,-23.156345385982192],[-55.549295899999905,-23.15531978598202],[-55.55496140000001,-23.153002685981548],[-55.5582436999999,-23.150163185981242],[-55.5609024999999,-23.148296785980925],[-55.5643102999999,-23.146649485980678],[-55.5668019,-23.14412138598032],[-55.5691123,-23.14373838598027],[-55.5733963,-23.143343285980208],[-55.5829214,-23.148492985980972],[-55.5855467,-23.149069285981103],[-55.5919984999999,-23.15169348598144],[-55.5967818,-23.152597685981476],[-55.5973005,-23.14700328598063],[-55.5964168,-23.142484585979997],[-55.5954651,-23.131374385978447],[-55.5961943,-23.129670085978045],[-55.5969264999999,-23.12644168597753],[-55.5982337,-23.12133858597679],[-55.59582349999991,-23.11946768597662],[-55.5965614,-23.11649698597619],[-55.5997335,-23.104159985974327],[-55.6047106,-23.098740085973485],[-55.6120647,-23.090489485972235],[-55.6124222999999,-23.086086185971684],[-55.6173592,-23.081724585971024],[-55.6113109,-23.076835285970326],[-55.6108671,-23.06968588596925],[-55.6110025999999,-23.066398985968704],[-55.611921473313494,-23.06023460771328],[-55.6120528,-23.059353585967774],[-55.614765,-23.054322685966934],[-55.6144375,-23.05365468596694],[-55.6114547,-23.050055785966304],[-55.6113185,-23.047664985965977],[-55.61423569999991,-23.041078485965127],[-55.617374,-23.038275385964695],[-55.6195241999999,-23.036406985964366],[-55.6237801999999,-23.032951885963833],[-55.6288608,-23.032545085963797],[-55.6327024,-23.02816198596326],[-55.6352027,-23.025662485962904],[-55.6393892999999,-23.02590918596281],[-55.6351291999999,-23.014034085961143],[-55.63293179999991,-23.008318485960412],[-55.6322787999999,-23.001507785959458],[-55.6309811,-23.000431785959222],[-55.6308534,-23.000325885959278],[-55.6284419999999,-22.998326385958894],[-55.6332978,-22.99729348595883],[-55.6339058,-22.991780985957995],[-55.6281746,-22.987887685957446],[-55.6266085,-22.989183485957692],[-55.6241052999999,-22.988464985957616],[-55.6219273999999,-22.984494285956966],[-55.6263916999999,-22.977902485956136],[-55.6288665,-22.975105985955732],[-55.6316490999999,-22.9700776859549],[-55.6336017,-22.967720085954674],[-55.6368275999999,-22.964789385954255],[-55.6378852999999,-22.960237485953517],[-55.6381648999999,-22.95771758595327],[-55.6381663999999,-22.95770408595317],[-55.638186,-22.95760728595318],[-55.6363107,-22.95631728595308],[-55.63459340000001,-22.95513598595291],[-55.6345802,-22.955126785952945],[-55.635103199999904,-22.954664385952842],[-55.6353137999999,-22.95447828595271],[-55.6360473999999,-22.953829685952734],[-55.6361975999999,-22.953617685952608],[-55.636204,-22.95360868595274],[-55.6383685,-22.95055398595226],[-55.6440732999999,-22.950891485952308],[-55.6475839,-22.949865385952176],[-55.6439109999999,-22.94238478595116],[-55.6447735,-22.940037685950738],[-55.6471068,-22.937449985950465],[-55.6506001,-22.93452988595008],[-55.6516119,-22.931064785949488],[-55.6454864,-22.924444785948562],[-55.6471359999999,-22.921815285948245],[-55.6480577999999,-22.91292618594709],[-55.6505362999999,-22.91106238594673],[-55.650591452303686,-22.910220029443956],[-55.6510969,-22.90250018594565],[-55.6494752999999,-22.898749885945087],[-55.6486778,-22.896905785944917],[-55.649520700000004,-22.89099108594417],[-55.6509664,-22.887285485943625],[-55.6537701,-22.88482558594321],[-55.65554654797155,-22.884979025604927],[-55.6568473999999,-22.88509138594334],[-55.6612183999999,-22.882187985942824],[-55.6617257999999,-22.877993285942363],[-55.6616605,-22.874476085941925],[-55.659916,-22.868087685940957],[-55.660109,-22.863971885940458],[-55.6616053,-22.862591485940307],[-55.6632872,-22.86030128593991],[-55.6630445,-22.857194185939573],[-55.665854700000004,-22.852462085938956],[-55.6631723,-22.847107485938107],[-55.6589858999999,-22.8410301859374],[-55.659058199999905,-22.837366185936936],[-55.6592330999999,-22.83460448593659],[-55.6602578,-22.83089848593596],[-55.6608669,-22.82741428593554],[-55.6590274,-22.825130285935323],[-55.6574835,-22.823213485935103],[-55.6561526,-22.82065818593473],[-55.655002795829375,-22.819431875563442],[-55.65459474193509,-22.81899667039082],[-55.65459259999991,-22.81899438593453],[-55.6533701,-22.816642485934146],[-55.6534303,-22.811818985933588],[-55.6556715,-22.80856678593307],[-55.6542918,-22.806980185932844],[-55.6509149,-22.804367985932625],[-55.6491705,-22.801622185932178],[-55.6498802999999,-22.799222085931966],[-55.6501395,-22.795917585931434],[-55.6502713,-22.7949769859314],[-55.6506363999999,-22.793330885931063],[-55.6523258,-22.792294785931027],[-55.6506735,-22.791914885930893],[-55.6504374,-22.791042585930903],[-55.6490724999999,-22.790544785930827],[-55.6479179,-22.78990298593075],[-55.6465224999999,-22.789508485930693],[-55.6455202,-22.788867685930608],[-55.6448836,-22.788240785930512],[-55.644077,-22.787453085930316],[-55.6435806,-22.78645628593018],[-55.6428453999999,-22.78589688593025],[-55.6418778999999,-22.78535278593006],[-55.6415858,-22.785014085930097],[-55.6412936999999,-22.784675385930065],[-55.6398516,-22.783578985929907],[-55.6390029999999,-22.782691885929783],[-55.63829950000001,-22.781466685929658],[-55.6365478,-22.7788674859292],[-55.6362409,-22.77716448592908],[-55.636808200000004,-22.773830585928554],[-55.6365987999999,-22.771729685928417],[-55.6352752999999,-22.770290185928225],[-55.633171699999906,-22.769381185927987],[-55.6314667999999,-22.768188885927835],[-55.6307188,-22.767052685927812],[-55.6297155999999,-22.766683485927675],[-55.6276511999999,-22.766620685927748],[-55.6231258,-22.76702808592773],[-55.62125409999991,-22.767439885927757],[-55.6184967999999,-22.7679537859278],[-55.6180333999999,-22.767533285927872],[-55.6194217999999,-22.765232585927485],[-55.6207034,-22.76378918592739],[-55.62299,-22.762146385927068],[-55.6257065,-22.760403085926963],[-55.6263445,-22.75845518592669],[-55.6266138999999,-22.75763248592648],[-55.6240706999999,-22.755758185926307],[-55.621863,-22.754671485926213],[-55.6201528999999,-22.753363385926047],[-55.6193716999999,-22.749450885925473],[-55.6200918,-22.746841285925225],[-55.6209332999999,-22.745268085925012],[-55.6197129,-22.743296185924766],[-55.6164358,-22.740094485924303],[-55.6130587,-22.7389435859242],[-55.6159850999999,-22.735931885923854],[-55.6170066999999,-22.725077085922496],[-55.6133942,-22.717022985921492],[-55.6138996,-22.71156498592082],[-55.6131485999999,-22.704520585919916],[-55.6147256,-22.699663385919308],[-55.6136074999999,-22.692813385918456],[-55.60929300000001,-22.689013285917916],[-55.6172826,-22.677608685916617],[-55.61828819999991,-22.670421585915637],[-55.61722769999991,-22.664853085915034],[-55.61598489183551,-22.663096407295704],[-55.61379920000001,-22.660006985914453],[-55.6144219,-22.655095285913866],[-55.61809229999991,-22.653530885913682],[-55.6216036,-22.652912085913613],[-55.6228743999999,-22.650469185913284],[-55.6224862999999,-22.64710358591288],[-55.6232831,-22.64380938591249],[-55.6234521,-22.642368285912216],[-55.6235399,-22.641619585912274],[-55.6237575,-22.639955085912046],[-55.6241069,-22.6370137859117],[-55.6244507,-22.63415318591138],[-55.6245147,-22.633587985911277],[-55.624654,-22.6323590859111],[-55.6249496,-22.63000578591077],[-55.6251579,-22.628252885910538],[-55.6254178999999,-22.627931885910613],[-55.6261939,-22.62697418591038],[-55.6265349999999,-22.62655318591033],[-55.6277638,-22.625026485910155],[-55.6292711999999,-22.623283285910077],[-55.6294229,-22.623092785909925],[-55.629925,-22.622462185909963],[-55.6314288999999,-22.620573585909636],[-55.6367860999999,-22.617803885909407],[-55.6413679999999,-22.612705485908698],[-55.6423253999999,-22.612432185908695],[-55.6440618999999,-22.611936485908736],[-55.6445295999999,-22.61180298590869],[-55.6492102999999,-22.610466785908525],[-55.6514678,-22.607853285908092],[-55.65325197906943,-22.606853578346023],[-55.661154800000006,-22.60242548590757],[-55.6666264999999,-22.598643585907016],[-55.6696269999999,-22.594023985906478],[-55.6761638,-22.592010485906354],[-55.6764305999999,-22.591928285906246],[-55.6771758,-22.591698785906296],[-55.6828834999999,-22.588869085905998],[-55.6829734999999,-22.588621185905932],[-55.6829939,-22.588565085905945],[-55.6836557999999,-22.586741985905746],[-55.6880467999999,-22.581411485905022],[-55.6882985999999,-22.581271085905097],[-55.6892255,-22.580753985905023],[-55.6949061999999,-22.5775848859047],[-55.6948690999999,-22.573900985904274],[-55.6948414,-22.57114288590384],[-55.6984146999999,-22.56339438590293],[-55.698471,-22.563272285902926],[-55.7050432999999,-22.560686985902727],[-55.7056011,-22.56046748590271],[-55.7058196999999,-22.560381485902585],[-55.7079347,-22.55954958590256],[-55.7090985,-22.559091785902528],[-55.7104924,-22.55857288590237],[-55.7137417,-22.557363185902265],[-55.714201900000006,-22.557006385902284],[-55.7171974999999,-22.554683785902064],[-55.7191463,-22.553807785901952],[-55.72059060000001,-22.553158485901744],[-55.7234693,-22.551862185901683],[-55.72364670000001,-22.55178228590167],[-55.7253387,-22.54882268590137],[-55.7253726,-22.54876118590128],[-55.7263159999999,-22.547049585901156],[-55.728312699999904,-22.544068585900735],[-55.7283710999999,-22.543946485900715],[-55.7292346999999,-22.54213928590058],[-55.7293025,-22.541997485900534],[-55.7297654,-22.54102888590045],[-55.7307959999999,-22.53892218590016],[-55.7308111999999,-22.538891185900205],[-55.7308318999999,-22.5388507859002],[-55.7324075,-22.535779285899775],[-55.7336673999999,-22.533801985899633],[-55.7339853,-22.533302985899482],[-55.7350678,-22.53167568589929],[-55.7357663999999,-22.530528385899302],[-55.7359714,-22.53019168589913],[-55.7365361,-22.529062885899002],[-55.73710080000001,-22.527934085898952],[-55.7378012999999,-22.526420985898802],[-55.7401075999999,-22.520105985897995],[-55.7404935,-22.51904948589787],[-55.7407631999999,-22.515494085897572],[-55.74208485507794,-22.513471089012768],[-55.7472827,-22.505514985896376],[-55.747668,-22.496179485895407],[-55.747694300000006,-22.495542685895238],[-55.747395,-22.492368385894995],[-55.7471035,-22.489277485894643],[-55.7469538,-22.48815008589442],[-55.7468014999999,-22.48700258589438],[-55.7467402,-22.486541085894352],[-55.7466918,-22.486176785894276],[-55.747737300000004,-22.483073385893974],[-55.7512081,-22.481693685893706],[-55.7528429,-22.47475038589292],[-55.7519798,-22.474713385892958],[-55.7511165999999,-22.4746764858929],[-55.7466284,-22.46950658589234],[-55.7481142999999,-22.4645226858919],[-55.7434206999999,-22.463745385891723],[-55.7411592999999,-22.4613111858916],[-55.7383245999999,-22.45987218589133],[-55.7358139,-22.460087085891434],[-55.73528409999991,-22.458899685891296],[-55.7382019999999,-22.4544158858908],[-55.7372,-22.447740785890083],[-55.737183,-22.44762698589006],[-55.7371671999999,-22.447522185890055],[-55.7367303,-22.444610985889756],[-55.73456162498816,-22.442238694250378],[-55.73391530000001,-22.441531685889352],[-55.73454131600498,-22.439911698732942],[-55.736344300000006,-22.435245985888674],[-55.7364292999999,-22.429163585888112],[-55.7395946,-22.423756685887515],[-55.73850840967381,-22.419373229165174],[-55.7371974,-22.414082485886375],[-55.7372205999999,-22.411158085886196],[-55.7408755,-22.407173485885675],[-55.7458453,-22.403686285885318],[-55.7420035,-22.395336585884504],[-55.7445377,-22.38967248588391],[-55.7469477,-22.38860398588371],[-55.7477446,-22.386089185883563],[-55.7467215999999,-22.384058485883333],[-55.7487055999999,-22.38341748588324],[-55.7570554,-22.38620168588355],[-55.7657381,-22.384408385883255],[-55.7667122,-22.384207185883245],[-55.776267600000004,-22.385929185883516],[-55.7772227999999,-22.385035585883436],[-55.7798182999999,-22.384324785883262],[-55.7837196999999,-22.385849885883513],[-55.7848997999999,-22.387326785883662],[-55.7881836999999,-22.389020185883727],[-55.7910927,-22.388420685883748],[-55.7913143,-22.380483585882853],[-55.8037116,-22.372242985882085],[-55.8031789,-22.369691185881837],[-55.7996239,-22.368675385881733],[-55.7985528999999,-22.364720185881346],[-55.8008553,-22.35530418588035],[-55.8044131999999,-22.35468888588019],[-55.8092784999999,-22.352448785879965],[-55.8098236,-22.349736285879786],[-55.8147261999999,-22.34563938587934],[-55.81631875565054,-22.34550442051931],[-55.8209894999999,-22.345108585879235],[-55.8242675,-22.340637485878858],[-55.8242400999999,-22.339034485878706],[-55.8246771999999,-22.336681485878398],[-55.8269965,-22.335538085878323],[-55.8282612,-22.332820885877982],[-55.8288985999999,-22.330232485877836],[-55.8323761999999,-22.325652585877332],[-55.8307311999999,-22.32397858587718],[-55.8324299999999,-22.321108885876882],[-55.8288633,-22.315985985876363],[-55.8317561,-22.314546085876227],[-55.8331193,-22.314676385876158],[-55.8350012,-22.312256885876014],[-55.8360805,-22.30891328587568],[-55.8363014999999,-22.308033685875593],[-55.8356333,-22.305025185875188],[-55.8363328,-22.304200085875106],[-55.8391149,-22.301516685874937],[-55.8380997,-22.300386485874725],[-55.8387592,-22.297422585874447],[-55.8353018,-22.29606248587429],[-55.83912960000001,-22.294120585874097],[-55.8417004999999,-22.290857585873866],[-55.84179759999991,-22.28871598587367],[-55.8431265,-22.28710938587349],[-55.8493976999999,-22.286009885873383],[-55.8511473999999,-22.281792185872895],[-55.8532630999999,-22.28030298587278],[-55.8532662,-22.280303385872852],[-55.8567654,-22.280706685872776],[-55.8581965,-22.281970085872988],[-55.8598673,-22.282543785872967],[-55.8615379999999,-22.283117485873014],[-55.8641124,-22.282430285872945],[-55.8653447,-22.283547385873163],[-55.8728234,-22.283128685873127],[-55.8734375999999,-22.283094285873116],[-55.8754605,-22.282943385873125],[-55.8779623,-22.282706885872983],[-55.8787106999999,-22.282523485873057],[-55.8795531,-22.28243708587306],[-55.8805634,-22.282465185872933],[-55.8812255,-22.282486985872968],[-55.8818876,-22.282508785873084],[-55.8827707999999,-22.282658385872978],[-55.883023,-22.282635085872993],[-55.8839804,-22.28270418587309],[-55.8841363999999,-22.282701385873096],[-55.8850553999999,-22.28277748587309],[-55.8860402999999,-22.282684985873097],[-55.8868866999999,-22.28235068587294],[-55.8874721999999,-22.282220085873025],[-55.8882247,-22.282390585872914],[-55.8888942,-22.282755885872973],[-55.8898616,-22.28299668587308],[-55.8909386999999,-22.28339378587304],[-55.8918219,-22.283713185873218],[-55.8929335,-22.28404048587312],[-55.894256,-22.284264585873206],[-55.8958143999999,-22.284303585873154],[-55.8969026999999,-22.28478858587328],[-55.8979059,-22.285124085873314],[-55.8996544999999,-22.285190385873356],[-55.9018119999999,-22.28518188587324],[-55.9036207999999,-22.284947285873205],[-55.90495870000001,-22.284598485873254],[-55.9056988,-22.283801185873195],[-55.9065654999999,-22.28333418587317],[-55.9073538,-22.282979685873023],[-55.9080893,-22.282417185872962],[-55.9085044,-22.28217888587304],[-55.9088451,-22.281845285872908],[-55.90919,-22.281414285872856],[-55.9096843,-22.28113128587291],[-55.9101391999999,-22.28103558587281],[-55.9105663,-22.280926385872807],[-55.910818999999904,-22.280779585872917],[-55.9110578999999,-22.280351985872727],[-55.9113843,-22.28018148587283],[-55.9117282,-22.27991698587282],[-55.9120554,-22.279502485872744],[-55.9124396,-22.279104785872725],[-55.9127267,-22.278951785872724],[-55.9133975999999,-22.279063785872726],[-55.9137578,-22.279178685872626],[-55.9140274,-22.279217385872627],[-55.9142103,-22.279086785872742],[-55.914397,-22.278847385872723],[-55.914678,-22.278607585872575],[-55.91489940000001,-22.278374585872584],[-55.9152066999999,-22.27815398587265],[-55.9155221,-22.278006585872618],[-55.91594200000001,-22.277954185872623],[-55.91631050000001,-22.27790128587251],[-55.9165690999999,-22.277717085872606],[-55.9176924,-22.277766885872623],[-55.9181068999999,-22.27789758587264],[-55.918174,-22.27815378587257],[-55.9181158,-22.278513285872556],[-55.9181296,-22.278603185872694],[-55.9180282999999,-22.279165285872626],[-55.9180628999999,-22.279680385872755],[-55.9182109,-22.280121585872795],[-55.9188005999999,-22.280472785872778],[-55.919546099999906,-22.280734785872827],[-55.9202766999999,-22.2808676858728],[-55.9209064,-22.280785085872765],[-55.9211849,-22.280637285872853],[-55.9214416999999,-22.28035938587286],[-55.9217209999999,-22.280031385872714],[-55.9219447999999,-22.2798488858727],[-55.9224154999999,-22.279587685872762],[-55.9228029,-22.27935458587275],[-55.9230654,-22.279190985872734],[-55.9234999999999,-22.27919138587266],[-55.9238627999999,-22.27922658587275],[-55.924261400000006,-22.27912538587264],[-55.9245428999999,-22.279110985872638],[-55.9247121999999,-22.27931998587265],[-55.9250709999999,-22.27958918587276],[-55.9255952999999,-22.279641485872755],[-55.9261933,-22.27955418587276],[-55.9265667,-22.27945388587274],[-55.9268756,-22.279205685872704],[-55.927182,-22.278994385872608],[-55.9275407,-22.278775885872676],[-55.9280199,-22.27859838587265],[-55.9285419999999,-22.278519985872663],[-55.9291201,-22.278543585872672],[-55.9297232,-22.278703885872677],[-55.9303421,-22.278896885872637],[-55.9310852,-22.279102285872735],[-55.9316396,-22.27941098587276],[-55.9321313999999,-22.27959988587268],[-55.932453,-22.27978128587277],[-55.932742,-22.279838285872707],[-55.9330090999999,-22.279660985872773],[-55.9332699,-22.279462785872763],[-55.9336582999999,-22.279375785872784],[-55.934097,-22.279399685872644],[-55.9345150999999,-22.279508385872674],[-55.9347992,-22.27965328587265],[-55.9350247,-22.27981418587276],[-55.9354911,-22.280033185872707],[-55.9358945,-22.280166685872718],[-55.9361850999999,-22.280258085872877],[-55.9364615,-22.28049908587277],[-55.9367346999999,-22.280797985872777],[-55.93692,-22.281130885872823],[-55.937283,-22.28148798587296],[-55.9378093999999,-22.28170898587299],[-55.9382447,-22.28182308587291],[-55.9385897,-22.28194308587301],[-55.9390284999999,-22.282146985873023],[-55.9396305,-22.282395985872927],[-55.9402334,-22.28253038587296],[-55.9407644,-22.282631685873085],[-55.9412305,-22.28283618587307],[-55.94163300000001,-22.28307558587314],[-55.9419169,-22.282924085873002],[-55.9420504,-22.28261448587309],[-55.9421697999999,-22.282356485872942],[-55.9423967,-22.282324685872968],[-55.94264830000001,-22.28236998587304],[-55.9429492,-22.282447385873066],[-55.9430543,-22.28255828587297],[-55.9428983999999,-22.282686585873098],[-55.9426538,-22.282753085873104],[-55.942530599999905,-22.282990385873095],[-55.942570799999906,-22.28321798587312],[-55.9430766999999,-22.283358785873137],[-55.9434251,-22.283345085873155],[-55.9436827,-22.28319838587304],[-55.94371060000001,-22.28294148587301],[-55.9437923999999,-22.282802785873127],[-55.9438961,-22.282821285873094],[-55.9440198,-22.282977285873088],[-55.944155,-22.283172785873045],[-55.9445254,-22.283386085873154],[-55.9448427,-22.283418685873173],[-55.9451969,-22.28337568587314],[-55.945604199999906,-22.28339908587302],[-55.9459982,-22.283583285873167],[-55.9464611999999,-22.283976485873108],[-55.9467822999999,-22.284257385873122],[-55.9467981999999,-22.284300085873124],[-55.9469174,-22.284517485873153],[-55.9469228,-22.28458518587326],[-55.9469422999999,-22.284878785873193],[-55.9467686,-22.28496508587328],[-55.9465526,-22.284864885873173],[-55.9462728,-22.284709385873185],[-55.9461473,-22.2848363858733],[-55.945994599999906,-22.285069885873206],[-55.9458938,-22.28535178587323],[-55.9459482999999,-22.28555588587336],[-55.9461757,-22.28581998587327],[-55.9463823,-22.28610728587344],[-55.9463855,-22.286244885873327],[-55.94633290000001,-22.286328485873437],[-55.9461737,-22.286397585873324],[-55.9461057999999,-22.286465685873452],[-55.9460915999999,-22.286659285873366],[-55.9462440999999,-22.286922085873513],[-55.9464111999999,-22.28714138587344],[-55.9467842,-22.287307085873508],[-55.9471470999999,-22.287708985873472],[-55.9473015999999,-22.288166685873637],[-55.94726320000001,-22.288430785873636],[-55.9474102999999,-22.288535085873566],[-55.9475644,-22.28855758587357],[-55.9477684999999,-22.288423685873607],[-55.9480371999999,-22.28837438587366],[-55.9483633,-22.288576685873643],[-55.9487271,-22.288840485873614],[-55.9488223,-22.28950288587369],[-55.9488719999999,-22.289678085873675],[-55.9488918,-22.28975538587365],[-55.9490463,-22.290285885873793],[-55.9489887999999,-22.29084408587387],[-55.948725599999904,-22.291164185873896],[-55.9488842,-22.29159078587386],[-55.9488332,-22.29213648587402],[-55.9487228,-22.29256548587405],[-55.94881159999991,-22.29276398587407],[-55.949113,-22.29267668587405],[-55.9494251,-22.29266058587405],[-55.9495585999999,-22.292866185873997],[-55.9493990999999,-22.293068285874106],[-55.9495481,-22.293129785874108],[-55.9498667999999,-22.292959885874097],[-55.9501494,-22.292755685873964],[-55.950495100000005,-22.29276358587398],[-55.9510124,-22.29285708587397],[-55.9512726999999,-22.292906585874075],[-55.951621100000004,-22.29266818587408],[-55.9518317,-22.292346285874014],[-55.9518653,-22.292073085874],[-55.9519101,-22.291867285873955],[-55.9520459,-22.291673785873957],[-55.9521366,-22.291485085873823],[-55.9522782999999,-22.29133838587395],[-55.9525068999999,-22.29137028587394],[-55.9527274,-22.291564885873957],[-55.95294140000001,-22.29168188587395],[-55.95318030000001,-22.291563385873967],[-55.9534877,-22.291341685873967],[-55.953739,-22.29092568587381],[-55.9538876999999,-22.290560285873852],[-55.9538626,-22.290201485873805],[-55.9538133999999,-22.289970385873797],[-55.95400370000001,-22.2898106858738],[-55.9543408,-22.289711585873768],[-55.9547042999999,-22.289777385873695],[-55.9551190999999,-22.289885485873796],[-55.9558175,-22.29005848587368],[-55.9565479,-22.29017708587372],[-55.9570601999999,-22.290189985873685],[-55.9573551999999,-22.290078085873798],[-55.9575232,-22.290154785873828],[-55.9575948,-22.290290685873817],[-55.957563999999905,-22.29047488587372],[-55.9574311,-22.29061738587389],[-55.9574365,-22.29077068587377],[-55.9574709999999,-22.290790085873887],[-55.9576936,-22.290873485873878],[-55.9580640999999,-22.290671185873858],[-55.9585873,-22.290372185873842],[-55.9588831,-22.290259985873696],[-55.9592812,-22.29018728587382],[-55.9597686,-22.29014528587372],[-55.9602388,-22.290160085873822],[-55.96076559999991,-22.290193285873713],[-55.96106530000001,-22.29027658587381],[-55.9611859,-22.2902926858738],[-55.9614218999999,-22.290220585873705],[-55.9615861999999,-22.290096185873672],[-55.9616258,-22.289860685873784],[-55.9616857,-22.289599585873738],[-55.9618113999999,-22.28939428587373],[-55.96210210000001,-22.289265885873746],[-55.9624593999999,-22.289309385873718],[-55.9628691999999,-22.28938338587374],[-55.9633118,-22.289505485873747],[-55.963691099999906,-22.289565685873736],[-55.9639865,-22.28948178587377],[-55.9642157,-22.289226585873603],[-55.9643578,-22.288927885873687],[-55.964569,-22.28875638587368],[-55.9649386999999,-22.288685585873672],[-55.9652288999999,-22.28873758587354],[-55.9655953,-22.28870468587367],[-55.96593,-22.288724685873547],[-55.9661970999999,-22.28878698587366],[-55.9665975,-22.28910848587361],[-55.9668187999999,-22.289570085873653],[-55.9671650999999,-22.290087885873685],[-55.9678499,-22.290845285873754],[-55.9686467999999,-22.29137918587382],[-55.9692997,-22.291804985873984],[-55.9695384,-22.292143585873987],[-55.9698339,-22.292214985873915],[-55.9699002999999,-22.292030985873982],[-55.9698571,-22.291873285873972],[-55.9698137999999,-22.291715485873944],[-55.9696830999999,-22.29152938587385],[-55.9697758999999,-22.29125128587379],[-55.9700913,-22.291021285873885],[-55.970411,-22.2908524858739],[-55.9708616999999,-22.29063768587375],[-55.9712957,-22.29039108587384],[-55.971840299999904,-22.29000278587378],[-55.972423999999904,-22.28937358587371],[-55.9731346,-22.288751785873554],[-55.9734086,-22.28846068587362],[-55.9739192,-22.287979885873614],[-55.9744401999999,-22.28742788587354],[-55.9747859,-22.287058685873372],[-55.9749676,-22.28682308587338],[-55.9750435999999,-22.286483785873372],[-55.9751416,-22.286024185873323],[-55.9753664,-22.28559288587338],[-55.975516,-22.28529578587332],[-55.9755810999999,-22.285053085873294],[-55.975658,-22.28475028587317],[-55.97578771127159,-22.284660898978107],[-55.9758391,-22.2846254858732],[-55.9760644999999,-22.284655485873188],[-55.9764082999999,-22.28466568587319],[-55.9768314,-22.2846744858732],[-55.9771833,-22.284705185873282],[-55.97748610000001,-22.284734885873192],[-55.9775658,-22.28481798587328],[-55.9776318999999,-22.28493168587328],[-55.9778832,-22.28487848587319],[-55.9780856,-22.284726385873263],[-55.9782764999999,-22.28459518587326],[-55.9781083999999,-22.284529385873192],[-55.9779875999999,-22.284427085873244],[-55.9780673,-22.284235785873225],[-55.9781963,-22.284116685873233],[-55.9784869,-22.283974285873203],[-55.97865899999991,-22.28387608587307],[-55.978831,-22.283800385873185],[-55.9788260999999,-22.283731285873063],[-55.9786791999999,-22.283629985873173],[-55.9785105,-22.28360558587307],[-55.978329800000004,-22.283659085873193],[-55.9781584999999,-22.28368928587311],[-55.97798060000001,-22.283610785873172],[-55.9778889,-22.283453185873043],[-55.97794529999991,-22.2832214858731],[-55.977984400000004,-22.283018285873098],[-55.9778626999999,-22.282919885873113],[-55.9776254,-22.282746085872976],[-55.9773053,-22.282597185872973],[-55.9773489999999,-22.282351385873042],[-55.9775473,-22.28220748587306],[-55.9777458,-22.28226418587294],[-55.97791610000001,-22.28238958587295],[-55.9782405,-22.282382085872964],[-55.978628,-22.282302585873047],[-55.9788093,-22.282269385873025],[-55.9790872,-22.28211628587291],[-55.9792512,-22.28197538587304],[-55.9792791,-22.28186598587296],[-55.9793481,-22.28170558587298],[-55.9793443,-22.281569985872853],[-55.9792519,-22.281455685872924],[-55.9791635,-22.281317085872928],[-55.9791944999999,-22.281184785872814],[-55.9792500999999,-22.28109848587282],[-55.979385,-22.281082885872845],[-55.9795086,-22.281161885872933],[-55.9796046,-22.281287085872858],[-55.9796669,-22.28142608587298],[-55.9797806999999,-22.28150278587288],[-55.9798936,-22.281442185872976],[-55.9799791999999,-22.281365785872854],[-55.9800830999999,-22.28121928587293],[-55.9801515,-22.2810550858728],[-55.980139,-22.2808564858729],[-55.9800781,-22.28079928587288],[-55.98001740000001,-22.280660885872773],[-55.9800273,-22.280446385872867],[-55.9800723,-22.280295885872754],[-55.9802787,-22.280204685872853],[-55.9802703,-22.280042085872733],[-55.9801593,-22.27994578587281],[-55.9800044999999,-22.279858185872804],[-55.9798898999999,-22.27973478587278],[-55.9798804,-22.279494485872664],[-55.9799897999999,-22.279314185872654],[-55.9801950999999,-22.279149185872615],[-55.9803866,-22.2789927858727],[-55.9806095,-22.278956985872632],[-55.9807972,-22.278809485872724],[-55.9809809,-22.278717385872593],[-55.9811819999999,-22.278764285872725],[-55.9814646999999,-22.278959885872712],[-55.9815958999999,-22.27915538587272],[-55.9818162,-22.279303385872666],[-55.9818954,-22.279317485872657],[-55.9819745999999,-22.279331585872754],[-55.9820822,-22.279212685872725],[-55.9821504,-22.27897098587273],[-55.9822402999999,-22.278766085872597],[-55.9823332999999,-22.278662785872612],[-55.9825327,-22.27869138587268],[-55.9827318,-22.27876668587258],[-55.9831576,-22.278739985872686],[-55.9833853,-22.278708785872624],[-55.9836127999999,-22.278677485872663],[-55.9839047,-22.278707985872597],[-55.984011,-22.278867885872703],[-55.9840172999999,-22.278941985872695],[-55.983953,-22.27914298587273],[-55.9837782,-22.279325485872718],[-55.9835783,-22.2794892858728],[-55.9836103,-22.27963188587279],[-55.9837919,-22.279675085872753],[-55.9841645,-22.279734885872703],[-55.9844087,-22.27980248587277],[-55.9844161999999,-22.279967985872723],[-55.9844234,-22.280267485872837],[-55.9845205999999,-22.280542985872902],[-55.9848292999999,-22.280756985872795],[-55.9854733,-22.280887185872796],[-55.9860093999999,-22.280928185872806],[-55.9866946,-22.28099348587289],[-55.9869477,-22.280973985872883],[-55.9871888,-22.28103788587285],[-55.9874531999999,-22.281192885872922],[-55.9877812,-22.281309685872944],[-55.9881109999999,-22.281263385872865],[-55.9884413999999,-22.281207585872938],[-55.9886716,-22.281232785872835],[-55.9888189,-22.28123308587293],[-55.9891865,-22.281249585872935],[-55.9894772,-22.281387985872833],[-55.98956950000001,-22.28155508587288],[-55.9894897,-22.281696785872988],[-55.9894241,-22.281880585872976],[-55.989523,-22.282016585873016],[-55.9897592,-22.281988385872932],[-55.9899455,-22.281806585873035],[-55.9901546,-22.28167248587299],[-55.9902804,-22.28164488587289],[-55.9904005,-22.281697285872987],[-55.9905869,-22.28184718587299],[-55.990756564698266,-22.281965324120264],[-55.990960300000005,-22.282107185872945],[-55.9912274,-22.28228558587307],[-55.9914494,-22.28221138587295],[-55.991541,-22.282059085873044],[-55.9915725,-22.2818341858729],[-55.9915222,-22.281622185873005],[-55.99151833552575,-22.281549204755006],[-55.9915073999999,-22.281342685872936],[-55.9914833,-22.28107168587282],[-55.9915326,-22.280879885872817],[-55.9916663,-22.280750985872853],[-55.9919283,-22.280644685872872],[-55.9920329999999,-22.280591585872877],[-55.992283,-22.28068028587289],[-55.99258036779009,-22.28096906677148],[-55.9926015999999,-22.280989685872903],[-55.9929413999999,-22.281363185872845],[-55.9934557999999,-22.281778485873023],[-55.993976,-22.28199798587292],[-55.9945291999999,-22.282262585873024],[-55.9948914,-22.282405585872944],[-55.9954094999999,-22.282562485873076],[-55.9958541999999,-22.282658585872987],[-55.9961556,-22.282681985873076],[-55.9963159,-22.282745085872964],[-55.9964189,-22.282938185873007],[-55.9964926,-22.283145085873098],[-55.9964732,-22.28335758587304],[-55.9964815,-22.28354888587316],[-55.99665400000001,-22.28359898587318],[-55.9968445,-22.283599285873077],[-55.9969103,-22.283495785873157],[-55.9970046999999,-22.283365285873128],[-55.9971884999999,-22.28333138587314],[-55.9973775,-22.283410385873164],[-55.99741470000001,-22.283617285873074],[-55.9974084,-22.283765285873194],[-55.9974022,-22.283913285873087],[-55.9973651999999,-22.28415368587313],[-55.99761249999991,-22.284330185873166],[-55.9978907999999,-22.284483285873232],[-55.9982128999999,-22.284602785873226],[-55.9984453,-22.28475378587327],[-55.998477400000006,-22.284612185873293],[-55.9984110999999,-22.284248385873237],[-55.99834440000001,-22.283938685873235],[-55.9983783,-22.283689885873176],[-55.9985105,-22.283561985873167],[-55.9987017,-22.283582985873196],[-55.9988349,-22.2837546858732],[-55.999016,-22.284114785873115],[-55.9991251,-22.284281685873246],[-55.9992673,-22.284598985873266],[-55.9994662,-22.284664385873146],[-55.9997226,-22.284567585873177],[-55.9998381,-22.28432708587312],[-55.9999549,-22.284061485873224],[-56.0001551999999,-22.283928485873094],[-56.0003131,-22.28395398587309],[-56.0004091,-22.284223285873264],[-56.0004795999999,-22.284421085873255],[-56.0005196,-22.28466378587326],[-56.00040699999991,-22.28486328587318],[-56.0000497999999,-22.284911585873225],[-55.9997683999999,-22.285046985873286],[-55.9995458,-22.285262385873338],[-55.9994093999999,-22.285600185873392],[-55.9993798,-22.285933085873385],[-55.9994621,-22.28610598587342],[-55.9998108999999,-22.286028785873278],[-56.0002382,-22.28595808587341],[-56.0006006999999,-22.28587848587338],[-56.0009436999999,-22.2857260858734],[-56.0012623,-22.285607485873367],[-56.001537,-22.28560318587337],[-56.0017910999999,-22.28564898587337],[-56.0018583999999,-22.28581328587339],[-56.0017417,-22.286010185873398],[-56.0015114,-22.286228885873438],[-56.0012757,-22.286447685873316],[-56.0009767,-22.28659118587348],[-56.0008038999999,-22.286757885873364],[-56.0008278999999,-22.28691178587342],[-56.0010994,-22.287000085873384],[-56.0014796,-22.28701538587348],[-56.0017579,-22.287004885873404],[-56.0018707999999,-22.286814685873495],[-56.0018535999999,-22.28658618587337],[-56.0019685,-22.286438285873338],[-56.0021219,-22.286319285873333],[-56.00227219999991,-22.28636188587345],[-56.002269500000004,-22.28649938587344],[-56.0021783999999,-22.286852485873474],[-56.0022314999999,-22.287392485873536],[-56.0023093999999,-22.287885685873476],[-56.0025239999999,-22.288206685873554],[-56.0027297999999,-22.28842428587364],[-56.002775,-22.28847218587355],[-56.0029365999999,-22.28873848587369],[-56.0029587999999,-22.288761885873566],[-56.0028884,-22.28902548587368],[-56.0026822,-22.289219385873732],[-56.0025214,-22.28943388587361],[-56.0027651999999,-22.289594985873745],[-56.0031039,-22.289664985873742],[-56.003126,-22.289935685873715],[-56.003091500000004,-22.290498385873768],[-56.0030767,-22.290801885873876],[-56.0030699,-22.291069185873912],[-56.0032806,-22.291320385873924],[-56.0034506,-22.29157768587383],[-56.0037654,-22.29178498587388],[-56.004037,-22.291897985873888],[-56.0042053999999,-22.292083285873897],[-56.0043348,-22.29229088587402],[-56.0044257,-22.292410285874],[-56.0045165999999,-22.292529685873966],[-56.0044339999999,-22.29276628587409],[-56.0042907,-22.292998185873998],[-56.0042036,-22.293321185874145],[-56.0041267999999,-22.29352738587418],[-56.0042237,-22.293736485874163],[-56.0046882999999,-22.29396238587406],[-56.004851899999906,-22.29406498587407],[-56.00508,-22.29420258587412],[-56.0053239,-22.294236985874196],[-56.0055594999999,-22.294021785874108],[-56.0059067999999,-22.293689285874123],[-56.00603290000001,-22.293271185874023],[-56.0060702,-22.29283128587401],[-56.0061975,-22.292602585874047],[-56.0064692999999,-22.292568985874052],[-56.0068314,-22.292590485874033],[-56.0072895,-22.292663685873986],[-56.0078013,-22.29269818587408],[-56.0080953,-22.292810785873982],[-56.0081092999999,-22.29290548587411],[-56.00803219999991,-22.29307498587398],[-56.0080215999999,-22.293224685873998],[-56.0080796,-22.293434885874127],[-56.0082583,-22.293477885874136],[-56.0084027999999,-22.29335778587409],[-56.008452,-22.293155185874006],[-56.0085792,-22.292976485874064],[-56.0088481999999,-22.293077485874086],[-56.0090312999999,-22.293296685873997],[-56.0091939,-22.293710385874174],[-56.0093055999999,-22.294129185874105],[-56.0095320999999,-22.294341285874125],[-56.009935,-22.29453218587416],[-56.0101566,-22.29463058587414],[-56.0104115999999,-22.294546885874162],[-56.0106292999999,-22.294345685874195],[-56.0106501,-22.2941247858742],[-56.0105397999999,-22.29377558587405],[-56.0105238,-22.29354258587412],[-56.0106915,-22.293388085874117],[-56.0107833,-22.29342498587412],[-56.0109027,-22.293606485874164],[-56.0110579,-22.293776385874175],[-56.0112756999999,-22.29373088587417],[-56.0114124,-22.293542785874127],[-56.011405,-22.2932884858741],[-56.0112824,-22.2930718858741],[-56.011350299999904,-22.292850785873977],[-56.0115509,-22.29269178587399],[-56.0118356999999,-22.292662285874062],[-56.0120691,-22.29280208587409],[-56.0121594999999,-22.293021185873986],[-56.0123469,-22.293183185874025],[-56.0126033,-22.293100285873987],[-56.0126531999999,-22.292754485873964],[-56.0126642,-22.292392585874037],[-56.0125257999999,-22.29208478587387],[-56.0124372999999,-22.29173018587399],[-56.012303099999905,-22.29160298587395],[-56.0120244,-22.29163468587393],[-56.0114809,-22.291580385873857],[-56.0107277,-22.291393485873954],[-56.01028419999991,-22.291186085873814],[-56.0101498,-22.291029285873826],[-56.0100154,-22.290872385873897],[-56.0099297,-22.290459685873746],[-56.0099711999999,-22.290023485873807],[-56.0101607,-22.28966118587373],[-56.0104747999999,-22.289389685873754],[-56.0109788,-22.28911818587371],[-56.0115478,-22.288702185873547],[-56.0117334999999,-22.288532885873632],[-56.0119513,-22.28829888587363],[-56.0120964,-22.287955485873585],[-56.0122284999999,-22.287587885873464],[-56.0122028,-22.28708608587351],[-56.0121660999999,-22.286667685873496],[-56.012216099999904,-22.28643058587345],[-56.0124580999999,-22.28624418587333],[-56.012795700000005,-22.286243685873345],[-56.0132083999999,-22.286350685873405],[-56.0136285,-22.286571985873497],[-56.014237,-22.286880385873474],[-56.0148737,-22.28720078587345],[-56.0153311999999,-22.28744688587353],[-56.0155505,-22.28769408587357],[-56.0158336,-22.288008185873572],[-56.0161522999999,-22.28831768587355],[-56.0166187999999,-22.288528285873575],[-56.0169301999999,-22.28859548587358],[-56.0172057999999,-22.28860348587365],[-56.0175316999999,-22.28836508587365],[-56.0178026999999,-22.288060385873525],[-56.017914,-22.287539985873554],[-56.0180721,-22.287178785873397],[-56.01827200000001,-22.286951185873505],[-56.0186351999999,-22.286785585873492],[-56.0191775,-22.2868533858734],[-56.0194827,-22.286984985873488],[-56.0198144999999,-22.287047285873495],[-56.0201077999999,-22.287005385873364],[-56.0202097,-22.286707285873394],[-56.0202743999999,-22.286328585873353],[-56.02043760000001,-22.286142385873443],[-56.0206888,-22.286169085873297],[-56.0209689,-22.286234385873424],[-56.0211562,-22.286348885873423],[-56.021118999999906,-22.286533685873348],[-56.0210592999999,-22.286766985873406],[-56.0210865999999,-22.287044185873466],[-56.0212058,-22.287195685873424],[-56.0215774,-22.28717528587342],[-56.021768,-22.28723148587353],[-56.022139099999904,-22.28722048587344],[-56.022331999999906,-22.28692508587351],[-56.0226152,-22.28667048587345],[-56.0228898,-22.286539785873476],[-56.023042000000004,-22.28627738587344],[-56.0230003,-22.286031685873404],[-56.0229206,-22.285758785873263],[-56.0228736,-22.28562798587335],[-56.0228265,-22.285497085873256],[-56.0229605,-22.285254085873312],[-56.02334749999991,-22.285249685873328],[-56.0236975,-22.28538758587336],[-56.0239207,-22.285505085873346],[-56.0240831,-22.285387685873282],[-56.0242004,-22.285193885873333],[-56.0241961,-22.284888985873287],[-56.02421229999991,-22.284705785873303],[-56.0244235,-22.284649385873273],[-56.0246506,-22.28468568587328],[-56.0248769999999,-22.284833485873193],[-56.0250978999999,-22.285007885873288],[-56.0253044999999,-22.285233185873214],[-56.0252993,-22.285391785873323],[-56.0251752999999,-22.285513085873237],[-56.0250647,-22.285710485873313],[-56.0250824,-22.285930585873416],[-56.0252184,-22.286080685873426],[-56.0253554999999,-22.28613048587342],[-56.0256305,-22.28593208587339],[-56.0259035999999,-22.2856959858734],[-56.0260886,-22.28545508587338],[-56.0262906,-22.285385985873347],[-56.0263125,-22.285390885873348],[-56.0264197,-22.285427885873258],[-56.0264868,-22.285635285873347],[-56.0265457,-22.28584798587328],[-56.026733,-22.285898085873274],[-56.0270207,-22.285863285873422],[-56.0273741,-22.28569198587335],[-56.0276342,-22.285537485873345],[-56.0279232999999,-22.285531585873365],[-56.0282675,-22.285592885873385],[-56.028802000000006,-22.28557398587328],[-56.0292274,-22.285579185873363],[-56.029345,-22.285517985873327],[-56.0294627,-22.285456685873285],[-56.029387500000006,-22.285164185873217],[-56.029184,-22.28495658587319],[-56.0290924999999,-22.284698685873256],[-56.0292110999999,-22.28453888587327],[-56.0294143,-22.284547685873292],[-56.0297909999999,-22.28457458587319],[-56.0301762,-22.284610885873274],[-56.0303036,-22.284661285873266],[-56.0304581,-22.284722285873176],[-56.0306596999999,-22.284940785873317],[-56.0309063999999,-22.2852188858733],[-56.0312531,-22.285269585873227],[-56.0315939,-22.285115685873205],[-56.0318932,-22.284851685873193],[-56.03207819999991,-22.28468508587319],[-56.0322695,-22.284702985873285],[-56.0324843,-22.284822085873188],[-56.0327215999999,-22.284912385873184],[-56.0329629,-22.28483058587328],[-56.033244700000004,-22.284541885873274],[-56.0334943,-22.284298885873223],[-56.0335456,-22.284248985873155],[-56.0336482,-22.284074585873135],[-56.0337282,-22.28382148587309],[-56.0337529,-22.28344038587316],[-56.0339567999999,-22.283137085873093],[-56.0340902,-22.282853785873012],[-56.03430420000001,-22.282714785873107],[-56.0344827,-22.28259358587298],[-56.0344990999999,-22.282327785873058],[-56.0342539,-22.282172685872922],[-56.0339056,-22.282015385873017],[-56.0337946,-22.281726785872888],[-56.0339849,-22.28137458587286],[-56.0344552,-22.28121508587284],[-56.0349262,-22.28118368587283],[-56.03510390000001,-22.281310085872853],[-56.03532190000001,-22.28149958587294],[-56.0354828,-22.28138718587297],[-56.0355724999999,-22.281104085872826],[-56.0357678,-22.281020885872813],[-56.036105,-22.281250485872874],[-56.0363237,-22.28152898587295],[-56.0364789,-22.281770785872894],[-56.0367004999999,-22.282026285872888],[-56.036941,-22.28199458587299],[-56.0370406,-22.281593385873],[-56.0371115,-22.281361985872845],[-56.0372644999999,-22.28135208587283],[-56.03757290000001,-22.281463685872943],[-56.0376902,-22.281683885872965],[-56.0377286999999,-22.281999285872907],[-56.0376047,-22.282348485873023],[-56.0376464,-22.282716585873093],[-56.0379417,-22.282767885873106],[-56.0381742,-22.28273958587309],[-56.0384152999999,-22.282629985873097],[-56.0386842,-22.282701685873082],[-56.0390368,-22.282916085873108],[-56.0393256999999,-22.283180585873136],[-56.0398799,-22.28327458587314],[-56.0403213,-22.283361485873126],[-56.0407936999999,-22.28326658587305],[-56.041284,-22.28329308587313],[-56.0417009,-22.283136985873128],[-56.0421375,-22.282814485873107],[-56.0425478,-22.28245188587305],[-56.0429508,-22.282163685873016],[-56.0431670999999,-22.282189185872923],[-56.0432991,-22.282386185873087],[-56.0432033,-22.282649585873067],[-56.0432142999999,-22.282923785872992],[-56.0434380999999,-22.28305708587314],[-56.0437259,-22.2829850858731],[-56.04384029999991,-22.282638685872964],[-56.04409420000001,-22.282583285872988],[-56.0443638,-22.282592385872984],[-56.0446780999999,-22.282518785872956],[-56.0449222999999,-22.282293485873044],[-56.04502730000001,-22.2819191858729],[-56.0448717,-22.28166418587295],[-56.0445991,-22.28156528587295],[-56.044435,-22.281306485872935],[-56.04442479999991,-22.28100038587292],[-56.0445609,-22.280822685872792],[-56.0447614,-22.2807784858728],[-56.0452822999999,-22.280631485872906],[-56.0458348,-22.280368585872857],[-56.04628110000001,-22.28014118587273],[-56.0466253,-22.2799175858728],[-56.046791,-22.279552985872787],[-56.0469227999999,-22.279379185872653],[-56.0468293,-22.27921268587272],[-56.0466395,-22.27909788587275],[-56.0463592999999,-22.278810085872607],[-56.0464438,-22.278662085872682],[-56.046870000000006,-22.278574485872564],[-56.0473082,-22.27855408587267],[-56.0475082,-22.278693585872592],[-56.0475661999999,-22.278986085872614],[-56.0474902999999,-22.279280485872746],[-56.0475953,-22.27952418587274],[-56.0479177,-22.279444985872768],[-56.0479751,-22.279030185872713],[-56.0479217,-22.278535285872547],[-56.0477829,-22.27810768587262],[-56.0477078,-22.277724985872585],[-56.0478484,-22.277483585872567],[-56.0480034999999,-22.277394885872503],[-56.04829720000001,-22.27743278587246],[-56.0486450999999,-22.27757898587247],[-56.0490447999999,-22.27765608587248],[-56.0494497999999,-22.277861685872576],[-56.0497455999999,-22.278094085872635],[-56.0499564,-22.27838268587263],[-56.0501204999999,-22.278666385872725],[-56.0502728,-22.278733385872673],[-56.050495,-22.278759685872693],[-56.0508907999999,-22.278820385872702],[-56.05114,-22.278810485872732],[-56.0512992,-22.278669985872682],[-56.0513253,-22.27850998587266],[-56.05135130000001,-22.278265885872653],[-56.05148030000001,-22.278120085872654],[-56.0517326,-22.2780192858726],[-56.05191210000001,-22.278091285872637],[-56.0520556,-22.27820818587253],[-56.0522998,-22.278252985872534],[-56.05251830000001,-22.278173285872516],[-56.0526240999999,-22.277973785872486],[-56.0525635,-22.277778285872614],[-56.0523333,-22.277720585872597],[-56.0522943,-22.277579085872564],[-56.0524432,-22.277418285872557],[-56.0526833,-22.277238185872438],[-56.0529701,-22.277188985872534],[-56.0531637999999,-22.27731338587256],[-56.0532214999999,-22.277578385872577],[-56.0530214999999,-22.277739585872595],[-56.0528510999999,-22.27785288587262],[-56.0528303999999,-22.278011185872636],[-56.0529452,-22.27817628587251],[-56.0532355,-22.278221285872526],[-56.0534661999999,-22.278221385872556],[-56.053597,-22.278057185872626],[-56.0536609,-22.277862485872642],[-56.05377570000001,-22.277721385872603],[-56.0539323,-22.277711685872497],[-56.0541478,-22.27773998587246],[-56.0542652,-22.277730785872603],[-56.0542756,-22.277599085872588],[-56.0541873,-22.277485285872572],[-56.0540487,-22.277370985872572],[-56.054127900000005,-22.277236685872428],[-56.0544374,-22.277176785872452],[-56.0547986999999,-22.277115385872516],[-56.0550267,-22.27720118587254],[-56.0553730999999,-22.27727758587246],[-56.05558369999991,-22.277070685872538],[-56.0558336999999,-22.276921585872515],[-56.0561953,-22.276810685872398],[-56.0565058,-22.276581485872477],[-56.0567657999999,-22.276408185872373],[-56.0570109999999,-22.27645448587234],[-56.05738059999991,-22.276590685872385],[-56.0576751,-22.276709385872483],[-56.0579716,-22.27662728587248],[-56.0581835999999,-22.276537585872457],[-56.0584772,-22.2764467858725],[-56.058739800000005,-22.276395685872483],[-56.05900389999991,-22.276344585872447],[-56.0592895999999,-22.276363785872455],[-56.0594207999999,-22.276503385872495],[-56.0592829999999,-22.276720785872516],[-56.0591367,-22.27686688587249],[-56.059229,-22.277019685872524],[-56.0595092999999,-22.277263985872477],[-56.0598098,-22.277475985872574],[-56.0601851,-22.27758768587259],[-56.0605191,-22.27762548587247],[-56.0608061,-22.277599085872588],[-56.0609957,-22.277563285872503],[-56.0611296,-22.277435085872458],[-56.0610379999999,-22.277276485872555],[-56.0608197999999,-22.27724728587246],[-56.0606074999999,-22.277189685872518],[-56.0604005,-22.27701708587254],[-56.0602253,-22.27677638587247],[-56.0600772,-22.276531385872484],[-56.0600201,-22.27630178587237],[-56.05997310000001,-22.276068885872363],[-56.0600613999999,-22.275936185872347],[-56.0601372,-22.275874385872424],[-56.0603431,-22.275873985872284],[-56.0604976,-22.275760085872424],[-56.0606688,-22.27558238587238],[-56.0607911,-22.275550585872352],[-56.0610824999999,-22.275550085872357],[-56.0613767999999,-22.27559228587237],[-56.0614543999999,-22.2756762858723],[-56.06143,-22.275790885872315],[-56.0612599999999,-22.275883085872344],[-56.0610354999999,-22.276056685872422],[-56.0607401,-22.276189385872456],[-56.0605626999999,-22.276351785872357],[-56.0605831,-22.276560985872486],[-56.0607363,-22.27668978587238],[-56.0610507,-22.27673088587252],[-56.061294200000006,-22.276789785872495],[-56.0615966999999,-22.2768584858724],[-56.0618279999999,-22.27692638587253],[-56.0619824,-22.276858285872525],[-56.0620013,-22.276613285872497],[-56.0618651999999,-22.276484685872493],[-56.0617187999999,-22.276383785872493],[-56.061738499999905,-22.276190385872464],[-56.0618756,-22.276068485872422],[-56.0620661999999,-22.27597598587244],[-56.0622572999999,-22.275851985872308],[-56.062471699999904,-22.275759885872382],[-56.0626172999999,-22.27582288587243],[-56.0626705,-22.275946585872305],[-56.0627544,-22.276109885872316],[-56.0629590999999,-22.276362785872443],[-56.0631102,-22.27643348587234],[-56.063351,-22.276445785872472],[-56.0635321,-22.276425885872392],[-56.0635195999999,-22.27655488587247],[-56.0634173,-22.2767301858725],[-56.06315860000001,-22.276882685872412],[-56.06299089999991,-22.276979085872423],[-56.0629522999999,-22.277168985872542],[-56.0629051999999,-22.277465985872468],[-56.0629162,-22.277701485872605],[-56.0629835,-22.277826485872488],[-56.0629840999999,-22.278046485872643],[-56.0630126999999,-22.278254085872668],[-56.0632082,-22.278373485872564],[-56.0634127,-22.278389885872656],[-56.0636815,-22.278431285872667],[-56.0639618,-22.27839648587257],[-56.0641634999999,-22.27826758587255],[-56.0642013999999,-22.27802608587265],[-56.0642308,-22.277771685872626],[-56.06435459999991,-22.27756608587247],[-56.0645282,-22.277547685872573],[-56.0646192999999,-22.27764568587246],[-56.0646649999999,-22.277866485872636],[-56.064622,-22.27813628587263],[-56.0644935,-22.278402785872647],[-56.0643277999999,-22.278530285872566],[-56.064202,-22.278639485872617],[-56.0641310999999,-22.278780285872596],[-56.0641325999999,-22.278951885872743],[-56.0642759999999,-22.279000085872692],[-56.064357,-22.27901608587272],[-56.0645334,-22.278958985872595],[-56.0647149,-22.27884438587273],[-56.0646826,-22.27864608587256],[-56.0647226999999,-22.27846968587266],[-56.0647753,-22.278375685872643],[-56.06504230000001,-22.27834458587265],[-56.0652080999999,-22.27844368587267],[-56.0653028,-22.27871508587262],[-56.0653220999999,-22.278942485872726],[-56.0652669,-22.279153485872666],[-56.0651968,-22.27933548587264],[-56.0653158,-22.279418385872663],[-56.06543190000001,-22.279334285872746],[-56.065593,-22.279291685872632],[-56.0657264,-22.279374685872643],[-56.0656848,-22.27956928587267],[-56.0654828999999,-22.2797772858728],[-56.0653109,-22.279956485872816],[-56.06512570000001,-22.280148285872826],[-56.06508610000001,-22.280311985872864],[-56.0652494999999,-22.28050108587285],[-56.0654208,-22.280405485872844],[-56.0656205999999,-22.28022788587272],[-56.0658658,-22.280063485872844],[-56.0660985,-22.28003518587271],[-56.0662154,-22.280089385872806],[-56.0663615,-22.280238585872826],[-56.06644920000001,-22.280482085872894],[-56.0663628999999,-22.280684285872887],[-56.0661615,-22.2808187858729],[-56.0660473999999,-22.280965885872913],[-56.0660773,-22.28111188587282],[-56.0662033999999,-22.28112698587294],[-56.0662925,-22.281137685872853],[-56.0665539,-22.281092985872817],[-56.0666083,-22.2810836858729],[-56.0667157999999,-22.281077285872797],[-56.0668234,-22.281070885872925],[-56.0668658,-22.28117688587284],[-56.0668221,-22.28141388587296],[-56.0665936999999,-22.28163638587297],[-56.066323600000004,-22.28176738587299],[-56.06633870000001,-22.282013185872927],[-56.06664979999991,-22.28226948587292],[-56.0669169999999,-22.282460685872937],[-56.0670109,-22.28267688587308],[-56.0669836,-22.282934485873124],[-56.06698970000001,-22.283259485873018],[-56.0670122999999,-22.2836225858731],[-56.0670074999999,-22.284009585873104],[-56.06712170000001,-22.28422778587312],[-56.0673532,-22.284253185873236],[-56.0675970999999,-22.28417108587322],[-56.0679463,-22.284183285873134],[-56.0682416,-22.28430458587313],[-56.0683380999999,-22.284548185873255],[-56.0683533,-22.284924885873288],[-56.0683389,-22.28519278587324],[-56.0683830999999,-22.285497285873387],[-56.0684919,-22.285719785873347],[-56.0686228,-22.2858236858734],[-56.0687839999999,-22.28599228587341],[-56.0689467,-22.28621188587342],[-56.0692223,-22.28648138587344],[-56.0694261,-22.286723485873345],[-56.069696,-22.286798785873394],[-56.06991989999991,-22.2867218858735],[-56.0700429,-22.28655638587336],[-56.0699667,-22.286287285873456],[-56.069917000000004,-22.28596378587331],[-56.0699243999999,-22.28563658587338],[-56.0701359,-22.28543838587334],[-56.0704087,-22.28545088587326],[-56.0705826,-22.28562188587336],[-56.0706423999999,-22.285883885873286],[-56.0707303999999,-22.286156785873448],[-56.0708458,-22.286414185873408],[-56.0707073,-22.286733185873484],[-56.0707788999999,-22.28688458587349],[-56.0709754,-22.286909185873473],[-56.0712554999999,-22.287021285873426],[-56.0714922,-22.28715788587352],[-56.0717018999999,-22.287095085873425],[-56.071997800000005,-22.286906685873472],[-56.072283599999906,-22.286640885873453],[-56.072431400000006,-22.286333885873354],[-56.0724650999999,-22.286062585873427],[-56.0725955,-22.28595828587331],[-56.0727653,-22.286009985873406],[-56.0729029,-22.28619118587344],[-56.0729676999999,-22.286409985873338],[-56.0729026,-22.28666518587345],[-56.0728387999999,-22.28689258587339],[-56.0727767,-22.28708048587339],[-56.0728134999999,-22.287254885873438],[-56.0730075,-22.287279385873408],[-56.0734165,-22.287167185873404],[-56.0739134,-22.286978485873494],[-56.0743778999999,-22.286700185873393],[-56.0746444,-22.28629088587342],[-56.0746511,-22.285950685873335],[-56.0747567999999,-22.28562198587328],[-56.0751197,-22.28547588587325],[-56.0752103,-22.285537085873255],[-56.075301,-22.285598385873396],[-56.0753958,-22.28590548587341],[-56.0754644,-22.28629548587331],[-56.075555,-22.28662368587348],[-56.0757556,-22.286746385873485],[-56.0761323,-22.28662248587348],[-56.0765521,-22.28639618587345],[-56.0768629,-22.286354485873478],[-56.0773078999999,-22.2862092858733],[-56.0775057,-22.286003985873297],[-56.0775702,-22.285737185873383],[-56.077416,-22.285531385873387],[-56.0771253999999,-22.285367885873328],[-56.0769463999999,-22.285162785873336],[-56.0768345,-22.28483408587328],[-56.0770568,-22.284689585873306],[-56.0773695,-22.284750585873205],[-56.0775705999999,-22.284893885873217],[-56.0779494999999,-22.28485188587327],[-56.0783266,-22.284768885873284],[-56.0786585,-22.28476838587331],[-56.0789028999999,-22.28489118587319],[-56.07903650000001,-22.285014185873305],[-56.0790150999999,-22.285301885873338],[-56.0787496999999,-22.28548708587339],[-56.0784831,-22.285569985873334],[-56.078216100000006,-22.285652985873405],[-56.0780824999999,-22.285797385873387],[-56.0782399999999,-22.286001885873404],[-56.0785741999999,-22.286123985873424],[-56.0788833999999,-22.28589798587341],[-56.0790375999999,-22.285548485873235],[-56.0792810999999,-22.285445485873325],[-56.0796152,-22.285485485873238],[-56.0800598,-22.28546368587338],[-56.0801918999999,-22.28525828587336],[-56.0801021,-22.284950385873298],[-56.080012,-22.284539585873233],[-56.0800783999999,-22.284251685873265],[-56.0804118999999,-22.284107385873217],[-56.080723,-22.28412738587312],[-56.0808787999999,-22.284414485873253],[-56.0810574,-22.284804085873297],[-56.0813681,-22.2848032858733],[-56.0814564999999,-22.28467998587329],[-56.0815449,-22.284556685873188],[-56.0815878,-22.283961485873185],[-56.0815861999999,-22.28330378587303],[-56.0816071,-22.282789785872993],[-56.0820505,-22.282459985873086],[-56.0824501,-22.28216998587303],[-56.0827606,-22.282087785872914],[-56.083116,-22.28233448587295],[-56.0836497999999,-22.282662085873085],[-56.0840502,-22.282907785873096],[-56.0846276999999,-22.283071085873104],[-56.0850291,-22.28352208587318],[-56.0853418999999,-22.284179085873216],[-56.0855654,-22.28473348587326],[-56.0857870999999,-22.285246485873312],[-56.08603240000001,-22.285697885873276],[-56.0862772,-22.286128585873314],[-56.0866096,-22.28631238587336],[-56.0870106,-22.286004185873384],[-56.08716689999991,-22.285675485873355],[-56.0874775,-22.285551485873256],[-56.08783270000001,-22.285447985873365],[-56.0881654,-22.285262285873237],[-56.0881054,-22.285020685873267],[-56.087838599999905,-22.28489798587319],[-56.0872606999999,-22.284734785873273],[-56.0869931999999,-22.284324285873264],[-56.0869029999999,-22.283934085873213],[-56.0872131,-22.283748485873076],[-56.0876350999999,-22.283768185873104],[-56.0879449,-22.283500385873136],[-56.0879674999999,-22.282780885873073],[-56.0877489,-22.28224788587304],[-56.0879955999999,-22.282145385872955],[-56.0882842999999,-22.28232938587306],[-56.0887744,-22.282410785873047],[-56.0889056999999,-22.282779185873],[-56.088879399999904,-22.283415885873126],[-56.0887468,-22.284135785873108],[-56.0893255999999,-22.284524985873286],[-56.0899487,-22.284913985873267],[-56.0907268999999,-22.28526178587323],[-56.0915052999999,-22.285441085873366],[-56.0923038,-22.285622385873374],[-56.09268070000001,-22.285642485873268],[-56.0929922,-22.28527698587332],[-56.09297009999991,-22.284704185873284],[-56.0931138999999,-22.28444658587324],[-56.0932577999999,-22.284189085873095],[-56.093791,-22.284064385873215],[-56.0945485999999,-22.283940085873105],[-56.0952181,-22.283815685873073],[-56.0958669999999,-22.283959185873233],[-56.0964243,-22.284205285873107],[-56.0970419999999,-22.283934885873215],[-56.0977262,-22.28350048587306],[-56.0982779,-22.28325218587303],[-56.098497199999905,-22.282819785873105],[-56.0983409999999,-22.28232658587306],[-56.0978984,-22.282224585872903],[-56.097258000000004,-22.28234898587304],[-56.0967055,-22.28249398587295],[-56.0962853,-22.28251518587304],[-56.09635109999991,-22.28228838587306],[-56.0967266,-22.281937685873004],[-56.0973456,-22.281463385872968],[-56.0979934,-22.2808635858729],[-56.09866110000001,-22.280614785872878],[-56.0994128,-22.280427785872757],[-56.0999065999999,-22.280384385872747],[-56.10030870000001,-22.28034188587274],[-56.1002609999999,-22.280013185872704],[-56.1004786999999,-22.279580985872787],[-56.100741500000005,-22.279168685872705],[-56.1010052,-22.278859085872686],[-56.1012057,-22.278879285872673],[-56.1013629999999,-22.27902318587272],[-56.101411,-22.279352585872772],[-56.1015694,-22.27961978587277],[-56.1017495999999,-22.279886885872823],[-56.1019047,-22.279618785872792],[-56.1018779,-22.27912488587264],[-56.1021208999999,-22.278691585872583],[-56.1024563,-22.27852598587257],[-56.1029265,-22.278442485872645],[-56.1035704,-22.27844108587267],[-56.1042605,-22.278521885872564],[-56.1047518999999,-22.278417885872653],[-56.1049072,-22.277985385872633],[-56.10483680000001,-22.27757288587249],[-56.1051469999999,-22.277303885872453],[-56.1057714,-22.27730308587256],[-56.1065510999999,-22.277343585872458],[-56.1072705999999,-22.277322685872576],[-56.1073072,-22.27732168587258],[-56.108108300000005,-22.277091985872563],[-56.1088210999999,-22.276800985872512],[-56.1092877,-22.276635585872487],[-56.10958379999991,-22.276836085872514],[-56.1096218,-22.276861785872406],[-56.1101102,-22.277005685872542],[-56.110442,-22.276758585872397],[-56.1105739,-22.276284985872433],[-56.1102853,-22.275872785872295],[-56.109908000000004,-22.275645685872295],[-56.1099515999999,-22.275253985872375],[-56.1102392999999,-22.274945285872345],[-56.1104554,-22.274803085872207],[-56.110618900000006,-22.274695385872196],[-56.1110648,-22.274611185872256],[-56.1114424,-22.274693885872225],[-56.1118640999999,-22.274673285872293],[-56.1120185,-22.27452958587218],[-56.1118647,-22.274135885872262],[-56.111909,-22.273764185872224],[-56.1121062999999,-22.273498185872104],[-56.1124141999999,-22.27329458587206],[-56.1129235,-22.273316085872075],[-56.1133247,-22.273520785872183],[-56.1137706,-22.273766385872115],[-56.1137922,-22.274117285872137],[-56.1136805,-22.274509385872182],[-56.1138166,-22.27477548587233],[-56.1141919999999,-22.274837785872215],[-56.114565500000005,-22.27477728587231],[-56.1150069,-22.274674785872282],[-56.1154521,-22.274599085872193],[-56.1159117,-22.2745464858722],[-56.1162785,-22.2738727858721],[-56.1165597,-22.273132585872013],[-56.1169158,-22.27221568587196],[-56.1171868,-22.271315585872003],[-56.11734879636445,-22.270880567229682],[-56.1174614,-22.27057818587179],[-56.1178576999999,-22.27033628587178],[-56.1182780999999,-22.270414585871894],[-56.1188860999999,-22.270690485871814],[-56.1194831999999,-22.27111838587193],[-56.1197215999999,-22.271664885872006],[-56.11995375573555,-22.272240198634723],[-56.1199594,-22.272254185872058],[-56.1200901,-22.272698785872024],[-56.1199111,-22.273014185872153],[-56.1199245999999,-22.273290185872142],[-56.1201833,-22.273254685872036],[-56.1207683,-22.272943185872037],[-56.121085343808495,-22.27283081924041],[-56.1214922999999,-22.27268658587201],[-56.1223103,-22.272316085872067],[-56.1229628999999,-22.27195808587196],[-56.1236269,-22.271616685871983],[-56.1241737,-22.27119988587187],[-56.1243062,-22.27077258587182],[-56.1245681999999,-22.270642485871935],[-56.1247494,-22.27090218587193],[-56.1249630999999,-22.271256085871933],[-56.1253746,-22.271599285871904],[-56.1253801999999,-22.271964085871954],[-56.12562940000001,-22.272537685871978],[-56.1258094,-22.272902285872007],[-56.1255844,-22.27321178587214],[-56.1251991,-22.273179285872157],[-56.1247653999999,-22.272881285872046],[-56.1243034999999,-22.273158785872145],[-56.1240046999999,-22.273689185872215],[-56.12386010926735,-22.274279079163936],[-56.1238165999999,-22.274456585872286],[-56.1235329,-22.274970085872344],[-56.1231716999999,-22.275348085872352],[-56.123161200000006,-22.2756230858724],[-56.1235088,-22.2757799858723],[-56.1241497999999,-22.275602685872386],[-56.1246353,-22.275244285872244],[-56.1248285999999,-22.274861685872317],[-56.12487034235181,-22.274806359797637],[-56.1251991999999,-22.27437048587227],[-56.12548,-22.27415098587227],[-56.1258336,-22.274227185872157],[-56.126495,-22.27453508587228],[-56.1270092999999,-22.274668585872224],[-56.127548499999904,-22.274880685872358],[-56.1281154,-22.274942485872362],[-56.1287247,-22.274921985872222],[-56.1289697999999,-22.274985885872223],[-56.1289899999999,-22.275358185872356],[-56.1289586,-22.275865485872416],[-56.1288552,-22.276161085872445],[-56.1286123,-22.276421785872465],[-56.12839304789424,-22.27664499925572],[-56.1283743,-22.276664085872394],[-56.1282793,-22.27694678587253],[-56.1284219999999,-22.27712398587252],[-56.1286522999999,-22.277491585872564],[-56.1286471999999,-22.278073585872637],[-56.1286765,-22.278680785872695],[-56.1287813,-22.279208285872638],[-56.1290519,-22.279906285872727],[-56.1291105,-22.28046218587275],[-56.1293408999999,-22.280706985872783],[-56.1296012999999,-22.28099838587283],[-56.1295648999999,-22.281304685872925],[-56.1290582999999,-22.281460985872943],[-56.12853280000001,-22.281736285872956],[-56.128344,-22.282232685873062],[-56.1285589,-22.28273958587309],[-56.12920630000001,-22.28326828587315],[-56.1299693,-22.283863685873083],[-56.13059090000001,-22.284204885873226],[-56.1313016,-22.2842608858731],[-56.1320724999999,-22.284124185873218],[-56.1326612999999,-22.2838386858731],[-56.1330841,-22.283334085873026],[-56.1333367,-22.28281398587312],[-56.1335465,-22.28259798587308],[-56.1340362999999,-22.28267748587305],[-56.1340298,-22.282849485872987],[-56.1338531,-22.28326638587301],[-56.1337328,-22.283766385873108],[-56.1338322,-22.284305085873225],[-56.1342278,-22.284553485873243],[-56.1348088999999,-22.28462038587316],[-56.1355106,-22.284853985873188],[-56.1359932999999,-22.28524538587334],[-56.1361874999999,-22.285651685873354],[-56.1368236,-22.285793985873365],[-56.1375641,-22.285822085873377],[-56.1384383,-22.285819685873275],[-56.1394394,-22.2856523858733],[-56.1403635,-22.285436685873243],[-56.1409376999999,-22.285146985873208],[-56.1413138999999,-22.284767385873263],[-56.1416083999999,-22.28459608587314],[-56.1421099,-22.284615585873176],[-56.1423655999999,-22.284770085873163],[-56.14270040000001,-22.284575985873282],[-56.1429709,-22.284327985873237],[-56.1432606,-22.28446828587324],[-56.143454935006176,-22.28450639431774],[-56.1436909999999,-22.284552685873162],[-56.1441852999999,-22.2846887858733],[-56.1444698,-22.28503218587323],[-56.14447122979265,-22.285036838793697],[-56.1446046999999,-22.285471185873348],[-56.1449044999999,-22.28553658587326],[-56.145096232292794,-22.285363052337317],[-56.1452016,-22.285267685873333],[-56.1455531999999,-22.285333385873344],[-56.1458926999999,-22.28548408587335],[-56.14625849999991,-22.28541508587334],[-56.1462817,-22.285078685873206],[-56.14588450000001,-22.284805385873323],[-56.1453102,-22.284495485873173],[-56.1451125,-22.28417998587313],[-56.1452639999999,-22.284040085873237],[-56.1456921,-22.28413008587324],[-56.1460562999999,-22.284337685873222],[-56.1466533999999,-22.284456285873162],[-56.1473288,-22.284487585873215],[-56.1479181999999,-22.28451788587325],[-56.14820789999991,-22.284251185873238],[-56.14818419999991,-22.2838274858732],[-56.1479669999999,-22.283519685873028],[-56.1475867999999,-22.28331918587304],[-56.1474178,-22.28311698587305],[-56.1474150999999,-22.28287458587309],[-56.1476752999999,-22.282728085873007],[-56.1479044,-22.282602885873054],[-56.1485491999999,-22.282227785872937],[-56.14906760000001,-22.281998385872996],[-56.1496271999999,-22.281979085872912],[-56.1499501,-22.281843285872917],[-56.1502379999999,-22.281705785872873],[-56.1505109,-22.281704085872992],[-56.1508881,-22.281799185873005],[-56.1512190999999,-22.281971085873],[-56.1514766,-22.282007285873014],[-56.1516930999999,-22.28185078587297],[-56.1518935,-22.28169378587298],[-56.1521165999999,-22.281716085872997],[-56.1522649999999,-22.28191088587298],[-56.15234170000001,-22.282311285872915],[-56.15244630458004,-22.282339646659512],[-56.1526932,-22.28240658587293],[-56.1532190999999,-22.282479885872956],[-56.1537274,-22.282604585873067],[-56.1542028,-22.28252078587294],[-56.1545482,-22.282270285872936],[-56.1547312,-22.28232748587304],[-56.1546531,-22.282590885872967],[-56.1546832999999,-22.28285298587298],[-56.1548008,-22.283109285873106],[-56.1554628,-22.283464385873156],[-56.1559561999999,-22.28369438587305],[-56.1564089999999,-22.283765585873173],[-56.1566688,-22.283954785873096],[-56.1567178,-22.28448688587313],[-56.1569009999999,-22.28493818587321],[-56.1573299,-22.285380485873347],[-56.1578054999999,-22.28560528587323],[-56.15833880000001,-22.285554885873374],[-56.1589301,-22.285421185873343],[-56.1593245,-22.285088485873295],[-56.1591989999999,-22.28469218587318],[-56.1590427,-22.284185985873236],[-56.158806,-22.283790185873052],[-56.1589822999999,-22.283454885873148],[-56.1592795,-22.28320308587314],[-56.1591392,-22.282897885873112],[-56.1593106999999,-22.282730585873054],[-56.159731,-22.282357885873065],[-56.16018330000001,-22.282112185873057],[-56.1606929,-22.28207348587304],[-56.1610565,-22.28222408587304],[-56.1613786,-22.28224238587301],[-56.1613821,-22.28252308587299],[-56.1613055,-22.283120985872994],[-56.1610598,-22.283743985873176],[-56.1608442,-22.28417248587324],[-56.1608495999999,-22.284942385873293],[-56.1607413999999,-22.285826685873403],[-56.1608042,-22.286462585873338],[-56.1611131999999,-22.286748985873363],[-56.1615039,-22.286732185873458],[-56.1623309,-22.286501785873345],[-56.1630580999999,-22.286172585873327],[-56.1633517,-22.28597938587338],[-56.1638108,-22.28575198587328],[-56.1643351,-22.285669885873403],[-56.164735300000004,-22.28545368587325],[-56.1650683,-22.28530408587332],[-56.1654624,-22.285320885873254],[-56.1658887999999,-22.28533658587325],[-56.16612439999991,-22.28545238587326],[-56.1661515,-22.28566578587327],[-56.16594550000001,-22.28587848587338],[-56.165625,-22.286088885873408],[-56.1653006,-22.28627828587332],[-56.1651257999999,-22.28654558587343],[-56.1650612,-22.28685668587339],[-56.1651944,-22.28728298587342],[-56.1652627,-22.287714585873573],[-56.16530279999991,-22.288050985873486],[-56.1654773,-22.28826578587366],[-56.1657326,-22.288307285873525],[-56.16614509999991,-22.28811908587358],[-56.1667224999999,-22.287769885873516],[-56.1670808,-22.287533785873464],[-56.1675312,-22.287397785873544],[-56.1680726,-22.287322085873534],[-56.1686154,-22.287031885873404],[-56.1687987,-22.286861985873397],[-56.1689946,-22.28659688587338],[-56.1692186,-22.286169685873418],[-56.1691609,-22.28573168587329],[-56.1690278999999,-22.28546798587335],[-56.1689754999999,-22.285150185873306],[-56.1690644999999,-22.284882285873184],[-56.1692479,-22.28474868587329],[-56.1695852,-22.284546885873272],[-56.1699943,-22.284356385873284],[-56.1704614,-22.284298985873214],[-56.1708776999999,-22.28420648587324],[-56.17105370000001,-22.28450418587327],[-56.1711586,-22.284879385873264],[-56.1713976,-22.285266285873227],[-56.171801,-22.285596785873384],[-56.1721502,-22.28583758587342],[-56.17248210000001,-22.285949685873305],[-56.1727814,-22.28599648587338],[-56.1729172,-22.285954785873393],[-56.1730530999999,-22.285913085873393],[-56.1731733,-22.285848185873398],[-56.1732989,-22.2856848858734],[-56.1732455,-22.285419485873273],[-56.1732721,-22.285234785873342],[-56.1734786,-22.285200285873202],[-56.1736605999999,-22.285284485873223],[-56.17382,-22.285435885873312],[-56.1739929,-22.285603685873397],[-56.1741038,-22.28568708587335],[-56.1743279,-22.28560568587334],[-56.1744288,-22.285189385873313],[-56.1743898,-22.284816585873195],[-56.1745129999999,-22.28454388587324],[-56.17462940000001,-22.284387485873236],[-56.1748742,-22.284160285873156],[-56.1749576,-22.2838052858732],[-56.17499730000001,-22.283352885873153],[-56.17485429999991,-22.282945185873075],[-56.174682,-22.282641985873077],[-56.1745890999999,-22.28244978587295],[-56.1747124999999,-22.28225948587303],[-56.1748016999999,-22.28203258587298],[-56.1747276999999,-22.281767385872985],[-56.1744841,-22.281585985872862],[-56.1742393,-22.281662185872964],[-56.1740609999999,-22.28187388587289],[-56.174029699999906,-22.282102885872927],[-56.1739461999999,-22.282291685873044],[-56.1737095,-22.282289985872943],[-56.17343790000001,-22.282250185873046],[-56.1731508,-22.2821324858729],[-56.1729748,-22.281938285873018],[-56.17296270000001,-22.281763185872894],[-56.173081,-22.281568485872878],[-56.17331110000001,-22.281375585872865],[-56.1735606,-22.281201485872927],[-56.1737752999999,-22.281038885872803],[-56.1738473,-22.28077108587288],[-56.1737467999999,-22.280542585872738],[-56.1735254,-22.280417185872754],[-56.1735113,-22.280207485872808],[-56.1735778999999,-22.2799587858728],[-56.1737987,-22.27970608587266],[-56.174139,-22.279603885872667],[-56.1743263,-22.27941558587267],[-56.174381,-22.279156385872753],[-56.1747157,-22.279174185872645],[-56.1749414,-22.279364885872738],[-56.175041500000006,-22.27963828587268],[-56.1752774,-22.279706585872706],[-56.1755135999999,-22.27967378587278],[-56.17569539999991,-22.27940248587266],[-56.1757059999999,-22.279022485872648],[-56.175913,-22.278883685872607],[-56.17629970000001,-22.278885685872606],[-56.1768254999999,-22.278762385872618],[-56.1772172,-22.278703485872565],[-56.177409,-22.27886018587261],[-56.1777463,-22.279257685872732],[-56.1779514999999,-22.27958148587265],[-56.17800840000001,-22.28014948587275],[-56.177889299999904,-22.280446985872874],[-56.1777173999999,-22.280706885872785],[-56.1779304,-22.280848285872775],[-56.1782077,-22.280799085872903],[-56.1784340999999,-22.280570585872855],[-56.17850570000001,-22.280259085872817],[-56.1787017,-22.27997728587273],[-56.1789955,-22.279809785872786],[-56.1792869999999,-22.279825885872686],[-56.1795144,-22.279909285872694],[-56.180041,-22.27989008587267],[-56.1805060999999,-22.27997728587273],[-56.1808985,-22.27999768587284],[-56.1811839,-22.279849585872828],[-56.181248,-22.27966388587269],[-56.1813440999999,-22.279321385872716],[-56.1815291,-22.278990385872653],[-56.1817374,-22.2789394858727],[-56.1819285999999,-22.2788882858726],[-56.1821725999999,-22.278766185872712],[-56.1822958,-22.278571085872663],[-56.1824030999999,-22.278284485872547],[-56.1826366,-22.277958885872543],[-56.1828022999999,-22.27762528587261],[-56.1829506999999,-22.277364885872558],[-56.1831284,-22.27752528587255],[-56.1834825999999,-22.27770898587258],[-56.1840273,-22.27794718587261],[-56.1842832999999,-22.27816518587252],[-56.1846788,-22.27836308587266],[-56.1850214999999,-22.278505785872582],[-56.1854675,-22.278447285872673],[-56.1857929,-22.278371285872584],[-56.1859612,-22.278460585872654],[-56.1862015,-22.27870858587268],[-56.18648030000001,-22.279073185872736],[-56.1866299,-22.279466585872775],[-56.1865999,-22.27987458587281],[-56.1865167,-22.280277385872743],[-56.1864434999999,-22.280751185872802],[-56.1863944,-22.28119438587283],[-56.1863357,-22.28174778587289],[-56.1865771,-22.282062285873014],[-56.1868312999999,-22.282238985872915],[-56.1871235999999,-22.282341085872915],[-56.1873573,-22.282384685873044],[-56.1877623999999,-22.282235885872932],[-56.1880419,-22.282072285873003],[-56.1883802,-22.281966585873004],[-56.1886612,-22.281935185873007],[-56.1889434,-22.28191758587293],[-56.1890915,-22.281685785872906],[-56.18901909999991,-22.28144078587285],[-56.188861,-22.281331085872875],[-56.1888178999999,-22.281096785872816],[-56.1888840999999,-22.280781485872758],[-56.1887189,-22.280587485872903],[-56.1884815999999,-22.280422985872764],[-56.1883032,-22.28029038587286],[-56.1880947,-22.280108785872756],[-56.1881574999999,-22.27979228587268],[-56.1880707999999,-22.27955688587266],[-56.188220999999906,-22.279471285872777],[-56.1883324999999,-22.279523185872772],[-56.1887106999999,-22.2794923858728],[-56.1891338,-22.279393885872633],[-56.1894240999999,-22.27939488587268],[-56.189653,-22.279186685872723],[-56.18966180000001,-22.278870385872743],[-56.18953400000001,-22.27855488587265],[-56.1893651,-22.278450685872674],[-56.1890577999999,-22.278333085872532],[-56.18873250000001,-22.27820148587262],[-56.1884173,-22.278028585872597],[-56.1883523,-22.277717385872595],[-56.1884833999999,-22.27730348587253],[-56.1887063999999,-22.27679408587251],[-56.1888478,-22.276474685872365],[-56.1889992,-22.27595508587241],[-56.1891861999999,-22.275346185872284],[-56.1892630999999,-22.27476298587232],[-56.1893798,-22.274261185872266],[-56.1895542,-22.273834785872193],[-56.1896811999999,-22.27341938587217],[-56.1898831999999,-22.273183085872187],[-56.19022760000001,-22.27309528587212],[-56.1907294,-22.273125085872135],[-56.1911087,-22.27322988587207],[-56.191337,-22.272985885872128],[-56.1915529999999,-22.272632285872003],[-56.1917736,-22.272238085872054],[-56.1920843,-22.27192878587203],[-56.192326,-22.27166958587188],[-56.1926946999999,-22.271461685871984],[-56.1930922999999,-22.271167985871852],[-56.1932849999999,-22.271009685871935],[-56.1935822999999,-22.27094708587184],[-56.1937518,-22.271120785871847],[-56.1937981999999,-22.271448185872007],[-56.1940403,-22.27178588587189],[-56.1944108,-22.27204168587192],[-56.1944225,-22.272297085871983],[-56.19436350000001,-22.272729285872103],[-56.1942943999999,-22.27327348587216],[-56.1944637999999,-22.273679185872133],[-56.1949013,-22.27362118587222],[-56.1952444,-22.273634085872185],[-56.1957639,-22.273746685872123],[-56.1962568,-22.273806585872137],[-56.19662579999991,-22.27423778587226],[-56.1970052999999,-22.274908085872216],[-56.1974241999999,-22.275562385872366],[-56.1981329,-22.275947085872332],[-56.1987778,-22.275992085872318],[-56.1990084,-22.276480785872355],[-56.1991553,-22.277364385872538],[-56.1995444,-22.278056785872526],[-56.199964,-22.278328785872546],[-56.200488,-22.278253685872542],[-56.200796,-22.2777061858726],[-56.2010698999999,-22.277380685872583],[-56.2015709999999,-22.277182685872546],[-56.2020279,-22.276725585872494],[-56.2020325999999,-22.275920785872312],[-56.2019837,-22.27547968587226],[-56.2022196,-22.27529618587237],[-56.2031246,-22.275377785872283],[-56.2042135999999,-22.275354785872246],[-56.2051891,-22.275295485872356],[-56.2053875,-22.27576348587242],[-56.2058785999999,-22.27609638587243],[-56.2066614,-22.276143885872422],[-56.2070393,-22.2764521858724],[-56.2074132,-22.27704428587241],[-56.2079444999999,-22.27741748587256],[-56.2086586,-22.277859385872613],[-56.2090750999999,-22.27820668587254],[-56.2096653,-22.277857785872484],[-56.2102796,-22.27704608587251],[-56.2106522,-22.276404985872475],[-56.21100799999991,-22.27625048587236],[-56.2116303,-22.27617358587234],[-56.2126182,-22.275837185872437],[-56.2130397,-22.275154285872247],[-56.2127939,-22.2747284858723],[-56.2122745,-22.274703485872216],[-56.2121008,-22.27433078587225],[-56.21225470000001,-22.274008085872133],[-56.2126686999999,-22.274007085872146],[-56.212973000000005,-22.274171185872245],[-56.2134685,-22.27421558587217],[-56.2140285,-22.274075385872234],[-56.2144360999999,-22.273656985872183],[-56.21457,-22.273422685872173],[-56.2145022999999,-22.272715885872085],[-56.2140936,-22.27243118587209],[-56.2136444,-22.272383785871977],[-56.2135832,-22.271879385871927],[-56.2135954,-22.271248985871935],[-56.2137934,-22.270587185871907],[-56.214039,-22.26981658587183],[-56.2143004,-22.269310885871665],[-56.2147234,-22.26932948587177],[-56.2152852999999,-22.26937528587179],[-56.2159723,-22.269144985871744],[-56.2164135,-22.268687785871695],[-56.2170831999999,-22.26855738587172],[-56.2182419,-22.268548885871603],[-56.21918850000001,-22.268598585871697],[-56.2194522,-22.268102885871638],[-56.219992600000005,-22.267688585871497],[-56.2203178999999,-22.26727178587147],[-56.2200955,-22.26658338587138],[-56.2198135,-22.265746685871417],[-56.2202255999999,-22.264897385871272],[-56.2207006,-22.264455485871242],[-56.221193,-22.264068085871294],[-56.2218968999999,-22.264040285871282],[-56.2225341,-22.263767185871227],[-56.2232170999999,-22.263644885871198],[-56.2240538999999,-22.263517685871243],[-56.2248099,-22.26331378587111],[-56.2255426,-22.262890585871038],[-56.2256025999999,-22.262131185870956],[-56.2260774,-22.261697085870928],[-56.2265065999999,-22.261544185870903],[-56.2268048999999,-22.261744085870927],[-56.226947700000004,-22.262412885871104],[-56.2272723,-22.262942485871164],[-56.2276692,-22.262586485871033],[-56.2282843999999,-22.262175485871094],[-56.22817860000001,-22.26168788587105],[-56.2279897999999,-22.260866185870974],[-56.2284268,-22.260060185870774],[-56.22919830000001,-22.259578485870822],[-56.23006,-22.25916858587078],[-56.2310474,-22.258510885870727],[-56.2319717,-22.25744718587056],[-56.23296650000001,-22.256549485870426],[-56.2335641,-22.2559498858705],[-56.2339049999999,-22.255433085870333],[-56.2332274999999,-22.255115985870333],[-56.2328065999999,-22.255096585870287],[-56.2324627,-22.25492298587037],[-56.232018,-22.254727185870276],[-56.2317255,-22.254218785870204],[-56.2315821999999,-22.253659785870266],[-56.2317408,-22.253138885870232],[-56.2321741,-22.253046585870123],[-56.2327653999999,-22.25277088587019],[-56.2331114,-22.252193985870118],[-56.2335909,-22.25151718587009],[-56.2337151,-22.25090338586998],[-56.2337361,-22.250447785869937],[-56.23361450000001,-22.250183685869956],[-56.233097900000004,-22.249991485869877],[-56.2325762,-22.249896085869768],[-56.2320554,-22.249727085869896],[-56.2318263999999,-22.24931058586973],[-56.231757300000005,-22.248594085869687],[-56.2318208,-22.247843585869706],[-56.2320171,-22.247285285869562],[-56.2322238,-22.246329885869564],[-56.2327418,-22.245165385869463],[-56.2333505,-22.244162285869344],[-56.23355909418679,-22.24380441390764],[-56.2339107,-22.243201185869157],[-56.2340788,-22.24277488586922],[-56.2342469,-22.242348585869188],[-56.2346335,-22.241979085869144],[-56.2349849999999,-22.241349385868986],[-56.2353904999999,-22.240615885869005],[-56.2355841,-22.24028088586898],[-56.2358182999999,-22.240279985868856],[-56.2361602999999,-22.240350885869006],[-56.2364191999999,-22.240255085869002],[-56.23656090000001,-22.239773485868948],[-56.2366751,-22.23923768586879],[-56.2368446999999,-22.23876868586884],[-56.23723180000001,-22.238346485868778],[-56.2374905999999,-22.2380210858688],[-56.2372202,-22.237871485868745],[-56.2368193999999,-22.23787248586877],[-56.2366261999999,-22.237671585868625],[-56.236726,-22.237418585868696],[-56.2370726,-22.237340985868713],[-56.2372793,-22.237008585868683],[-56.2374591999999,-22.2366224858686],[-56.2383497,-22.236416485868602],[-56.23927,-22.236260885868518],[-56.2405175,-22.23615688586857],[-56.2413352,-22.235919485868553],[-56.24197670000001,-22.235306485868517],[-56.2424078999999,-22.235519185868423],[-56.2429332999999,-22.23604828586848],[-56.2440367,-22.236326985868615],[-56.2446983999999,-22.23673278586867],[-56.245706500000004,-22.23703678586858],[-56.2462113999999,-22.23675168586863],[-56.2468006,-22.236826485868555],[-56.2473148,-22.237133185868643],[-56.2480106,-22.2372546858686],[-56.2483076,-22.236897885868668],[-56.2487345,-22.23679198586864],[-56.249221599999906,-22.23702478586867],[-56.2492991999999,-22.23742068586869],[-56.2491894999999,-22.237998685868632],[-56.249563,-22.2384337858687],[-56.2503121999999,-22.2385267858687],[-56.2512695999999,-22.2384694858688],[-56.25205629999991,-22.238518685868733],[-56.2529455,-22.23851648586873],[-56.253225,-22.238643485868792],[-56.2542048,-22.238410885868795],[-56.2548537,-22.238021685868677],[-56.25541159999991,-22.237317985868707],[-56.2559388999999,-22.23692358586863],[-56.2567610999999,-22.236972985868665],[-56.2576467,-22.23728778586858],[-56.2583630999999,-22.2376492858686],[-56.259237,-22.238032785868658],[-56.2599984999999,-22.2385950858687],[-56.260804400000005,-22.23925158586878],[-56.2618707,-22.23956998586891],[-56.2630399999999,-22.23964328586894],[-56.26405809999991,-22.239319085868797],[-56.2646209,-22.2385842858688],[-56.2651269,-22.237997785868796],[-56.2652949,-22.237868285868647],[-56.2659376,-22.23695458586858],[-56.266531,-22.23613098586852],[-56.2671382,-22.235672285868542],[-56.2678653999999,-22.23563638586854],[-56.2683779,-22.235822485868425],[-56.2690246999999,-22.236034085868482],[-56.2697585,-22.2358686858686],[-56.2699895,-22.2354623858685],[-56.27003100000001,-22.23462078586845],[-56.2699416999999,-22.23371058586825],[-56.2700922999999,-22.233240285868323],[-56.2711547,-22.23338668586833],[-56.272314799999904,-22.233717485868347],[-56.27304,-22.23402628586838],[-56.2735466,-22.234455585868336],[-56.2739824,-22.23513298586853],[-56.2744370999999,-22.235752485868435],[-56.2751196999999,-22.236242385868582],[-56.2757118,-22.236558385868662],[-56.2763208,-22.23679708586854],[-56.2768366,-22.236406385868623],[-56.2772416,-22.235519185868423],[-56.2773612999999,-22.234864285868504],[-56.2775991,-22.234637385868343],[-56.2782117,-22.2341055858684],[-56.2784511999999,-22.233669385868243],[-56.2782862,-22.2333589858683],[-56.2777978999999,-22.233385785868297],[-56.2772788999999,-22.233205585868333],[-56.2771046,-22.23265628586824],[-56.2772596999999,-22.232130385868192],[-56.2776939999999,-22.23180528586817],[-56.2786311999999,-22.23182768586809],[-56.2796238,-22.23174378586806],[-56.2805324,-22.231873885868207],[-56.2811930999999,-22.231948885868196],[-56.2823253999999,-22.23193908586819],[-56.2825189,-22.231937385868104],[-56.283517,-22.231850685868086],[-56.2841718999999,-22.231983485868227],[-56.2850974,-22.232142785868227],[-56.2851338,-22.231576585868165],[-56.2848461999999,-22.230865385868093],[-56.2844492,-22.230276285868015],[-56.2841862999999,-22.22981538586789],[-56.2841789,-22.22939538586783],[-56.2844526,-22.229123385867837],[-56.2846941999999,-22.2289984858678],[-56.2849808999999,-22.22858938586784],[-56.2852351,-22.2281319858678],[-56.2850824,-22.227570285867746],[-56.2848964,-22.227208785867738],[-56.2846287,-22.22652488586767],[-56.2844246,-22.225924185867623],[-56.2845306,-22.22546248586746],[-56.2849027,-22.22506638586742],[-56.2855057,-22.22477498586753],[-56.2860008,-22.22494258586753],[-56.2864852,-22.22525398586745],[-56.2869891999999,-22.22544068586758],[-56.2876256,-22.225623585867478],[-56.2881259,-22.225490285867487],[-56.2886437,-22.225426985867575],[-56.2889954999999,-22.225656585867586],[-56.2893903999999,-22.225881285867608],[-56.2897728999999,-22.225850885867615],[-56.2899293999999,-22.225664585867616],[-56.2900640999999,-22.225193085867527],[-56.2900948,-22.224589885867502],[-56.2901712999999,-22.224193685867334],[-56.290394400000004,-22.224158285867322],[-56.290658,-22.22388038586731],[-56.290815,-22.2234774858673],[-56.2910165,-22.223233685867356],[-56.2911617,-22.223134085867375],[-56.2913641,-22.223034785867245],[-56.291607600000006,-22.22290358586722],[-56.2918607,-22.22293278586735],[-56.2921562,-22.222961485867216],[-56.2926462999999,-22.22300798586724],[-56.2930478,-22.223061685867368],[-56.2933303999999,-22.223101285867234],[-56.2937166,-22.222979485867377],[-56.2939325,-22.222802385867332],[-56.2940753,-22.2226120858672],[-56.2942674,-22.222297985867264],[-56.2944199999999,-22.221983685867254],[-56.2944755,-22.221562385867184],[-56.2944944,-22.221247385867148],[-56.2945129999999,-22.220941285867053],[-56.2946517,-22.220727585867117],[-56.294877,-22.220584385867145],[-56.2954078,-22.22053258586708],[-56.2958242,-22.220546385867006],[-56.2963723,-22.22047918586699],[-56.2969021,-22.22048808586709],[-56.2974187,-22.220518185867085],[-56.2979677,-22.220487885867104],[-56.2984486,-22.220378185867105],[-56.29886150000001,-22.220157385866983],[-56.299155,-22.219878985866927],[-56.2992206,-22.21949538586702],[-56.2991903,-22.218948485866964],[-56.2991418999999,-22.21843598586682],[-56.2991840999999,-22.217999085866783],[-56.2992227,-22.21764438586684],[-56.299425,-22.21745978586682],[-56.2998024,-22.217473885866806],[-56.3002061999999,-22.21738728586671],[-56.3005195,-22.21728908586679],[-56.30073159999991,-22.217140585866694],[-56.30078900000001,-22.217078485866782],[-56.3010032999999,-22.216778085866633],[-56.3012163,-22.216689485866777],[-56.3016332999999,-22.216880285866743],[-56.3019338999999,-22.21679628586667],[-56.3019909,-22.21677198586662],[-56.3023585999999,-22.216519185866648],[-56.3027587,-22.21637768586672],[-56.3032436,-22.216313985866723],[-56.30373500000001,-22.216333685866697],[-56.3040978,-22.216167285866614],[-56.3042531999999,-22.21589088586668],[-56.3042874,-22.21565348586666],[-56.304603400000005,-22.21541698586652],[-56.3051081,-22.21514628586661],[-56.3055782,-22.215053085866572],[-56.3061259999999,-22.21501018586652],[-56.306857400000005,-22.2149571858666],[-56.3073785999999,-22.21471568586645],[-56.3077977,-22.214514185866456],[-56.3082754,-22.214265785866523],[-56.3087432,-22.214045785866467],[-56.30925,-22.213915885866523],[-56.3097038,-22.213971485866487],[-56.3102445,-22.214210885866535],[-56.3104360999999,-22.214294485866418],[-56.3107206,-22.214264785866504],[-56.311086799999906,-22.214079185866524],[-56.3113966,-22.21387108586639],[-56.3116123999999,-22.213658885866383],[-56.31190919999991,-22.213519785866477],[-56.3121666,-22.21364708586638],[-56.312351,-22.213979085866484],[-56.3123856999999,-22.21455358586645],[-56.3123105999999,-22.2150378858666],[-56.312241,-22.215516385866646],[-56.3121411,-22.215946385866697],[-56.3123866,-22.216091985866605],[-56.3127306,-22.216089585866666],[-56.31320370000001,-22.216147885866707],[-56.3136340999999,-22.21627458586668],[-56.3141107,-22.216677885866726],[-56.3145852,-22.21710158586676],[-56.315009099999905,-22.21752548586686],[-56.3153136,-22.217838785866892],[-56.3155902999999,-22.218051585866878],[-56.3159745999999,-22.218237885866884],[-56.3162882,-22.2183152858669],[-56.3165996,-22.218392485866833],[-56.3167663999999,-22.218210385866918],[-56.3169101,-22.21782448586678],[-56.3169397,-22.21739858586682],[-56.3169690999999,-22.216828085866656],[-56.3168864,-22.216255785866625],[-56.316789,-22.215813585866584],[-56.317083000000004,-22.215161485866627],[-56.3175143,-22.214799285866555],[-56.3180598,-22.214676885866588],[-56.3188681,-22.21459428586647],[-56.3198735,-22.214429585866565],[-56.3204522,-22.21433908586655],[-56.3209818999999,-22.21447198586646],[-56.3216735999999,-22.214462185866573],[-56.3218538,-22.21439438586643],[-56.3219144999999,-22.214194785866482],[-56.3219357,-22.21369518586649],[-56.3218118,-22.2132429858664],[-56.3215481,-22.212672285866397],[-56.3213838,-22.212301185866345],[-56.3212328,-22.212105585866336],[-56.3211024999999,-22.211894385866195],[-56.3210693999999,-22.211596085866255],[-56.3211833999999,-22.21135608586618],[-56.3215038,-22.21117328586615],[-56.3218636,-22.210993885866095],[-56.3223401,-22.21088148586623],[-56.3228202999999,-22.21073128586619],[-56.32325370000001,-22.21063158586607],[-56.3234798,-22.2104646858661],[-56.3238299,-22.21018218586615],[-56.3244066,-22.20971518586599],[-56.32499419999991,-22.20930538586596],[-56.3255867,-22.208960385866018],[-56.3257811,-22.208786685866002],[-56.3258307999999,-22.20854508586598],[-56.3256277,-22.208379685865978],[-56.3252975,-22.20819818586599],[-56.32487880000001,-22.208023985865964],[-56.3245123999999,-22.20796488586595],[-56.3241750999999,-22.207963185865864],[-56.3239012,-22.207835185865928],[-56.323709400000006,-22.207643285865867],[-56.3236721,-22.207384085865886],[-56.3238145999999,-22.207155985865732],[-56.32416699999991,-22.20697678586573],[-56.32445069999991,-22.206917985865836],[-56.3249703,-22.206639285865716],[-56.3255010999999,-22.206271985865786],[-56.3259758,-22.205956285865764],[-56.3263655,-22.205528585865693],[-56.3265845,-22.20506258586566],[-56.3265648,-22.204406985865504],[-56.3264139,-22.203950185865562],[-56.3262564,-22.203488585865504],[-56.3261939,-22.203275785865507],[-56.3262984,-22.203108885865493],[-56.3265598999999,-22.203006585865513],[-56.3268323999999,-22.203035085865487],[-56.3270615,-22.20314868586536],[-56.3273626,-22.203315885865518],[-56.32759179999991,-22.2035151858655],[-56.3278478999999,-22.203780885865562],[-56.3281757,-22.20400978586548],[-56.3284045999999,-22.204180485865454],[-56.3286001,-22.204388085865602],[-56.3289437,-22.204627485865633],[-56.3293323,-22.204760985865647],[-56.3296925,-22.204695585865668],[-56.33007620000001,-22.204543785865635],[-56.3303857,-22.20445648586553],[-56.330654,-22.204301085865595],[-56.3309226,-22.203869585865586],[-56.3309252999999,-22.203355985865418],[-56.3308438999999,-22.20258158586546],[-56.3307273999999,-22.202113085865385],[-56.3305885,-22.20187448586535],[-56.3302517,-22.20164588586534],[-56.3298844999999,-22.20145028586532],[-56.3294066,-22.201200185865286],[-56.3293247,-22.200993785865187],[-56.329371799999905,-22.200671385865288],[-56.3295001,-22.200344585865118],[-56.3296652999999,-22.199884485865088],[-56.3298816,-22.19951348586515],[-56.3300940999999,-22.19920088586498],[-56.3303564,-22.199069785865113],[-56.3307584999999,-22.199190785865017],[-56.3313239999999,-22.19932858586501],[-56.3316998,-22.199277585865133],[-56.3321936,-22.199231485865006],[-56.3326587999999,-22.199317885865124],[-56.33315300000001,-22.199392885865127],[-56.3337329999999,-22.199445185865137],[-56.3342182,-22.199366585865153],[-56.3347577,-22.19924178586512],[-56.335327499999906,-22.19917748586511],[-56.3358014,-22.199140585865116],[-56.336169500000004,-22.19917218586511],[-56.3365132,-22.199016285865113],[-56.3367271,-22.19890418586511],[-56.3369633,-22.19863018586509],[-56.3371976999999,-22.198345485865058],[-56.3374216999999,-22.198086785864923],[-56.3376686,-22.19779648586497],[-56.337925,-22.197485485864945],[-56.3380511,-22.197272485864872],[-56.3378918999999,-22.197108385864823],[-56.3377467,-22.197036385864838],[-56.3374911999999,-22.196918085864798],[-56.3371423999999,-22.1968914858648],[-56.3367919,-22.196865885864916],[-56.336348799999904,-22.196719585864773],[-56.3360251,-22.196663985864767],[-56.3356942999999,-22.196432985864877],[-56.3355457,-22.196126685864826],[-56.3354727999999,-22.19591318586472],[-56.3356009999999,-22.195809185864714],[-56.3359179999999,-22.19563198586468],[-56.3363443,-22.19518798586476],[-56.3367742999999,-22.194551685864685],[-56.337079,-22.194034285864557],[-56.3372972999999,-22.19381388586459],[-56.3379126999999,-22.193450085864473],[-56.33843720000001,-22.193071685864574],[-56.3389559,-22.192688885864534],[-56.3392145,-22.192322985864394],[-56.3390883,-22.191900685864425],[-56.3388419,-22.19161078586443],[-56.33886019999991,-22.190985785864367],[-56.3389093,-22.190432485864218],[-56.339101,-22.19001478586428],[-56.3392696999999,-22.189900385864192],[-56.3394645,-22.189692885864254],[-56.3396013999999,-22.189533185864242],[-56.3397859999999,-22.189261285864085],[-56.3399507,-22.18897708586406],[-56.3401337999999,-22.188696185864174],[-56.3405165,-22.188466585864134],[-56.3408428,-22.188355885864105],[-56.3411173,-22.188379085864113],[-56.3412172,-22.188559385864128],[-56.3411546999999,-22.188829885864173],[-56.341128000000005,-22.189081685864206],[-56.3411492,-22.189392685864103],[-56.3412458,-22.18963028586426],[-56.34149210000001,-22.18974788586414],[-56.341921,-22.18986518586414],[-56.3424110999999,-22.189908685864168],[-56.3427996999999,-22.189960585864167],[-56.3430261,-22.18998978586429],[-56.3432913999999,-22.18981318586417],[-56.3434989,-22.189610485864254],[-56.3438504,-22.18947568586412],[-56.3440854999999,-22.189492985864234],[-56.3444339,-22.189490185864226],[-56.3448258999999,-22.189282485864116],[-56.3452727,-22.188954585864042],[-56.3459697,-22.188280385864015],[-56.3461028999999,-22.1881265858641],[-56.3462491999999,-22.187961285863995],[-56.3463411,-22.18759468586408],[-56.3464481,-22.187086085863935],[-56.346395,-22.186752385863873],[-56.3462087999999,-22.186336485863936],[-56.3458502999999,-22.186071485863895],[-56.34543610000001,-22.18569658586387],[-56.3446496999999,-22.185003985863705],[-56.3442984,-22.184681085863794],[-56.3438537,-22.184267485863767],[-56.3433305,-22.183578785863716],[-56.3431659,-22.18329948586364],[-56.34297,-22.18304268586355],[-56.3430671,-22.182769085863605],[-56.3434124999999,-22.18247018586357],[-56.3439152999999,-22.182237285863458],[-56.3441304,-22.18217258586347],[-56.3444234999999,-22.182182585863554],[-56.3446731999999,-22.182164585863536],[-56.3450367,-22.182058785863433],[-56.3452569999999,-22.18201888586345],[-56.345416400000005,-22.18190228586343],[-56.3455048,-22.1817055858634],[-56.34554500000001,-22.18131048586337],[-56.3455757,-22.180860385863465],[-56.3456437999999,-22.180449585863364],[-56.3456596,-22.180354285863373],[-56.3456642,-22.18032308586339],[-56.3456686,-22.180299685863385],[-56.3456869,-22.180199285863377],[-56.3457372999999,-22.179922385863346],[-56.3457918,-22.179710685863213],[-56.3459361,-22.17968498586321],[-56.3462168999999,-22.179736885863317],[-56.3465471,-22.179778085863326],[-56.3469626,-22.179986585863244],[-56.34747070000001,-22.180162785863267],[-56.34815,-22.180286385863294],[-56.3485176,-22.17994878586333],[-56.3487974,-22.179281985863163],[-56.3490062,-22.17860028586324],[-56.3491203,-22.17790838586316],[-56.3492476,-22.177033485863003],[-56.3492864999999,-22.176557585863033],[-56.3494125999999,-22.17604198586288],[-56.3494780999999,-22.175383485862938],[-56.3494403999999,-22.174792785862877],[-56.3494638999999,-22.17421738586281],[-56.3494837,-22.17375978586277],[-56.3496124,-22.173484185862733],[-56.3498478,-22.173366785862658],[-56.3501218,-22.173336785862734],[-56.3503206,-22.17332178586266],[-56.3504738999999,-22.173525885862787],[-56.3507509999999,-22.17377138586281],[-56.3510717999999,-22.174028785862802],[-56.3513083999999,-22.174184785862845],[-56.3515659999999,-22.17419828586274],[-56.3517567,-22.17409778586279],[-56.3520387,-22.174009985862813],[-56.3524606999999,-22.173992385862817],[-56.3527807999999,-22.174075685862714],[-56.353038,-22.17408808586268],[-56.3532094,-22.174300185862705],[-56.353426,-22.17458078586275],[-56.3538952,-22.174940385862893],[-56.3542839,-22.175090185862828],[-56.3547602,-22.175116085862932],[-56.3552652,-22.175142285862808],[-56.3557534999999,-22.17519588586282],[-56.3562097,-22.175357485862946],[-56.3568329999999,-22.17573338586296],[-56.3572976999999,-22.175865685862977],[-56.3573976,-22.175898685862876],[-56.3574973999999,-22.175931785862915],[-56.3577205,-22.175837585862954],[-56.3578257999999,-22.175568285862933],[-56.3578912,-22.17524158586279],[-56.3578562,-22.17455048586284],[-56.35774739999991,-22.17405748586272],[-56.3575812,-22.173426985862626],[-56.3574217,-22.172943785862614],[-56.3574063999999,-22.172659985862698],[-56.3574786999999,-22.17246428586255],[-56.3577842,-22.172239685862632],[-56.3583651,-22.172120185862532],[-56.3588771999999,-22.172121185862554],[-56.3593683,-22.17219668586261],[-56.3598178999999,-22.172253285862663],[-56.3601720999999,-22.17211668586253],[-56.3603351,-22.171762285862616],[-56.3604951,-22.171193385862445],[-56.360644,-22.170896385862395],[-56.3609663,-22.170743785862502],[-56.3614463,-22.170642085862493],[-56.3619155,-22.170603185862518],[-56.3624144,-22.170590285862474],[-56.3629432,-22.170665385862495],[-56.363243,-22.170753085862486],[-56.363443,-22.170663285862396],[-56.3637173,-22.17038298586249],[-56.3640381,-22.170048285862453],[-56.3644323999999,-22.1697744858624],[-56.3647548,-22.169590585862274],[-56.3647189,-22.16932838586224],[-56.3643617,-22.16906498586228],[-56.3639269,-22.16878578586232],[-56.3635171,-22.168530485862323],[-56.3632517,-22.168231585862298],[-56.363118,-22.167778285862234],[-56.3631943,-22.167301085862196],[-56.3634074,-22.167030285862165],[-56.3636678999999,-22.166743985862055],[-56.3639934999999,-22.166380685862027],[-56.3642591999999,-22.166130785862112],[-56.364481000000005,-22.16587868586209],[-56.364874299999904,-22.165653785862045],[-56.3651889,-22.165532885862053],[-56.3653209999999,-22.165336285862004],[-56.36538560000001,-22.164879585861893],[-56.3654146,-22.16442488586193],[-56.365629500000004,-22.16416198586192],[-56.36605610000001,-22.163862285861807],[-56.36651260000001,-22.163427785861824],[-56.3668081,-22.163070185861717],[-56.3667973999999,-22.16269628586171],[-56.3666547,-22.16205178586173],[-56.3664684999999,-22.16147188586166],[-56.366407900000006,-22.161255485861645],[-56.3664166,-22.1609086858615],[-56.366485,-22.16064858586148],[-56.3663801,-22.160438685861497],[-56.3663447,-22.16004078586143],[-56.3663531,-22.1596239858615],[-56.3664094,-22.15937968586137],[-56.3663023,-22.15918858586138],[-56.3660861,-22.158789085861432],[-56.3659603,-22.15852408586144],[-56.3660568,-22.158153485861394],[-56.366173699999905,-22.157923585861262],[-56.366369,-22.15773558586131],[-56.3667660999999,-22.157676785861252],[-56.367271,-22.15752998586135],[-56.3675787999999,-22.157310285861183],[-56.3679806,-22.157105685861172],[-56.3683273999999,-22.156774385861222],[-56.3686403999999,-22.156640185861207],[-56.3689098999999,-22.156430285861216],[-56.3690660999999,-22.155868485861077],[-56.3692718999999,-22.155298285861118],[-56.369336099999906,-22.15475048586108],[-56.369183,-22.15395028586101],[-56.36907120000001,-22.15332458586091],[-56.3689694,-22.152855085860878],[-56.3689105,-22.152583485860784],[-56.3690794,-22.152463985860827],[-56.3692945,-22.152355985860734],[-56.3696873,-22.152073285860734],[-56.3698937,-22.15187908586082],[-56.3700224999999,-22.151943185860738],[-56.370279,-22.15207058586071],[-56.3705487999999,-22.15221058586077],[-56.3708278999999,-22.152425485860746],[-56.3709785999999,-22.15262778586078],[-56.3711580999999,-22.15279088586086],[-56.3713309999999,-22.1527655858609],[-56.3715331999999,-22.15272748586086],[-56.3717124999999,-22.152865185860904],[-56.3719657999999,-22.15293978586091],[-56.3723092,-22.15292658586081],[-56.3726189,-22.15274938586079],[-56.372799,-22.152406985860864],[-56.3727779,-22.15210038586074],[-56.3727416999999,-22.15177708586069],[-56.3726854,-22.151515985860765],[-56.3728283,-22.15111918586075],[-56.3730679999999,-22.150810985860684],[-56.3734065,-22.150458385860574],[-56.3737005,-22.15014278586068],[-56.3738377,-22.149962585860617],[-56.3738096,-22.14975468586059],[-56.373306,-22.149590585860604],[-56.3726669,-22.14942578586059],[-56.3717616,-22.14913238586047],[-56.3710751,-22.14883568586043],[-56.370739500000006,-22.148472585860432],[-56.3706743,-22.148078485860392],[-56.3708915999999,-22.14761658586031],[-56.3712128999999,-22.147231485860413],[-56.3715986999999,-22.14690188586025],[-56.371915999999906,-22.14676738586026],[-56.3721783,-22.146872285860255],[-56.3726333,-22.14689918586038],[-56.372958,-22.146773085860325],[-56.3733189,-22.146165585860306],[-56.3737447,-22.14552308586014],[-56.3740255,-22.145024785860084],[-56.3741532999999,-22.144497985860056],[-56.374140600000004,-22.14412958586001],[-56.3740948999999,-22.143758385860092],[-56.3739252,-22.143383285860047],[-56.3736944999999,-22.14347848586008],[-56.3731683,-22.143588085859967],[-56.3726758,-22.14365698586009],[-56.3722106,-22.14357828585996],[-56.3717971999999,-22.14337798585994],[-56.3715614,-22.14317538586003],[-56.3715182,-22.142943385860008],[-56.3716436,-22.142667185859896],[-56.3717298,-22.14231868585993],[-56.37169679999991,-22.142007385859905],[-56.3711643,-22.141581085859777],[-56.3706577999999,-22.141240685859874],[-56.3698492999999,-22.140663685859707],[-56.3694047,-22.14008628585974],[-56.3690028,-22.139476785859657],[-56.368683637050886,-22.138888461542805],[-56.3686562,-22.13883788585955],[-56.3683654,-22.138232585859594],[-56.3679455,-22.137528085859444],[-56.3677981,-22.13719968585937],[-56.3676632,-22.136854185859445],[-56.3679486,-22.13652948585932],[-56.368328,-22.13616148585941],[-56.36873,-22.13569468585926],[-56.3690918,-22.13524778585925],[-56.36967,-22.13468408585926],[-56.370044,-22.13416798585912],[-56.3702835999999,-22.133632185859167],[-56.3705001,-22.133156485859015],[-56.3705047,-22.132575085858978],[-56.3703791999999,-22.132187685859037],[-56.3702862,-22.131777985858918],[-56.3702112,-22.131546285859006],[-56.3702125,-22.131314185858983],[-56.3703293999999,-22.131031685858844],[-56.3705568,-22.13095338585894],[-56.3708784999999,-22.130876285858935],[-56.3714457,-22.130545885858904],[-56.3722703,-22.130040685858784],[-56.3728194,-22.12965048585883],[-56.373127,-22.129464385858796],[-56.373402600000006,-22.129100385858774],[-56.37349809999991,-22.128680985858747],[-56.373562999999905,-22.128280285858676],[-56.373479,-22.127900285858672],[-56.3733022,-22.12752908585855],[-56.372998799999905,-22.12734288585862],[-56.3726644,-22.1271961858586],[-56.37236,-22.126967185858568],[-56.3721012999999,-22.12665348585856],[-56.371899,-22.126363785858526],[-56.3718918,-22.126041585858502],[-56.3720015,-22.125871985858474],[-56.3724549999999,-22.125358385858444],[-56.3731167999999,-22.12484888585839],[-56.3736529,-22.124328685858366],[-56.3740069999999,-22.123846085858297],[-56.3742859,-22.123603885858284],[-56.3746489,-22.123515285858264],[-56.3752037,-22.123423485858204],[-56.3759458,-22.123289985858165],[-56.3767111,-22.123123185858258],[-56.3772327999999,-22.122858785858252],[-56.3775155,-22.122579985858202],[-56.3777287,-22.12228578585808],[-56.3778568,-22.12191068585807],[-56.3778116,-22.12162368585801],[-56.3779415,-22.121186885857945],[-56.3781771,-22.121012185857975],[-56.3785619999999,-22.120862785857966],[-56.3790521999999,-22.120658485857952],[-56.3794156,-22.12031618585792],[-56.3797997,-22.119941585857866],[-56.38020180000001,-22.119632285857946],[-56.380414,-22.119234885857882],[-56.3803564999999,-22.118746585857895],[-56.3799928,-22.118089985857715],[-56.3797840999999,-22.117764385857683],[-56.3794154999999,-22.11752508585779],[-56.3791373,-22.117299985857617],[-56.3790936,-22.117042985857722],[-56.3790519999999,-22.11659948585758],[-56.3789618,-22.11616608585757],[-56.3786129,-22.115822685857612],[-56.3782606,-22.115395785857455],[-56.3781476,-22.11497748585752],[-56.3782454999999,-22.11465158585742],[-56.3784262,-22.114370085857463],[-56.3785915,-22.114216685857404],[-56.3787895,-22.11416378585745],[-56.3789363,-22.114248585857357],[-56.37921249999991,-22.11443058585741],[-56.3795031999999,-22.114657285857483],[-56.3798748,-22.11483558585744],[-56.3802304,-22.11473258585751],[-56.3805227999999,-22.114410285857492],[-56.3809181999999,-22.113952285857323],[-56.3812642,-22.113646685857322],[-56.3812758,-22.11344648585739],[-56.3810187,-22.113138185857373],[-56.3809094,-22.11288098585736],[-56.3810377,-22.112579685857284],[-56.3814247,-22.112440585857296],[-56.3821882,-22.112090385857176],[-56.3828394999999,-22.111749785857167],[-56.38339219999991,-22.11139128585722],[-56.3839045999999,-22.11108598585711],[-56.38417459999991,-22.110765785857165],[-56.384449,-22.11039788585711],[-56.3845603999999,-22.10986228585708],[-56.3846038999999,-22.109543985857062],[-56.3842365,-22.109254085856946],[-56.3838122,-22.109178485856944],[-56.3834002,-22.109255585857042],[-56.38305,-22.10945628585703],[-56.38276749999991,-22.10932068585705],[-56.3825475,-22.109091385857027],[-56.382549,-22.108749085856974],[-56.38267769999991,-22.108514885856877],[-56.3827694,-22.108177485856924],[-56.3826031,-22.107838585856914],[-56.3821478999999,-22.107386085856806],[-56.3815724999999,-22.1066304858567],[-56.3810529,-22.106102785856777],[-56.3807065,-22.10547688585661],[-56.3806992,-22.10492448585665],[-56.3809343,-22.104513985856535],[-56.3814283,-22.104187785856585],[-56.3819771999999,-22.103934985856554],[-56.3824537,-22.103842685856574],[-56.3827886999999,-22.10396558585658],[-56.38315429999991,-22.104303585856623],[-56.3835151,-22.104730785856663],[-56.3837629999999,-22.105017185856674],[-56.38416790000001,-22.105089985856694],[-56.3846192,-22.1051327858567],[-56.3851624,-22.10521908585658],[-56.3857378,-22.105260085856706],[-56.3860342,-22.105286585856557],[-56.3863019999999,-22.105183285856704],[-56.386519,-22.104927185856667],[-56.3867413,-22.104565185856618],[-56.3867627,-22.104168685856468],[-56.3865718,-22.10389138585655],[-56.3862948999999,-22.10364728585657],[-56.3861095999999,-22.103493085856513],[-56.3861577,-22.103160385856526],[-56.3864421,-22.102615385856378],[-56.3866293,-22.102294785856426],[-56.3867405,-22.102147885856397],[-56.3869438,-22.102093685856406],[-56.387165,-22.102119585856432],[-56.3872438,-22.10229298585645],[-56.3872691999999,-22.10262398585636],[-56.3872840999999,-22.103054885856498],[-56.3873358,-22.103286685856517],[-56.3875540999999,-22.103317785856532],[-56.3877724,-22.103348785856433],[-56.3880756999999,-22.103321685856518],[-56.38833279999991,-22.10311488585652],[-56.388637199999906,-22.103048785856505],[-56.3890299,-22.10308638585641],[-56.3892916,-22.10304678585649],[-56.3896133,-22.102824385856472],[-56.3897919999999,-22.10249528585635],[-56.39015099999991,-22.10213478585634],[-56.3904112,-22.101729085856274],[-56.3905932,-22.101619385856253],[-56.3909669,-22.101549985856366],[-56.3914988999999,-22.10130108585625],[-56.3921630999999,-22.101120085856255],[-56.3927277,-22.10089678585624],[-56.3929496,-22.100714485856265],[-56.39286029999991,-22.100474985856312],[-56.3927284,-22.100176185856235],[-56.3926935,-22.099744085856234],[-56.3926580999999,-22.09927718585616],[-56.3926345,-22.098805885856056],[-56.3926860999999,-22.098402185856127],[-56.3930013,-22.098098485855946],[-56.3931347,-22.097975985856063],[-56.3934078999999,-22.09765258585595],[-56.3937882,-22.097258985856016],[-56.3942112,-22.096884885855975],[-56.3946443999999,-22.09641198585583],[-56.3948994,-22.09574188585588],[-56.39526010000001,-22.09493878585583],[-56.3954686,-22.09458508585575],[-56.3956382,-22.094188085855652],[-56.3955817,-22.093863385855677],[-56.3953620999999,-22.093536085855543],[-56.3952156999999,-22.09321908585554],[-56.3950809999999,-22.092939285855625],[-56.3950935,-22.092683485855588],[-56.3949947999999,-22.092221085855563],[-56.3946635,-22.091919285855553],[-56.3940847,-22.091712685855516],[-56.3934548999999,-22.091519785855503],[-56.3930025,-22.09140928585548],[-56.39278970000001,-22.091480185855485],[-56.3926963,-22.09174628585552],[-56.3927234999999,-22.092050985855522],[-56.3926304,-22.092448785855495],[-56.392449999999904,-22.092707385855483],[-56.3920783999999,-22.092830385855635],[-56.3918267999999,-22.092992685855613],[-56.3916806,-22.09328678585557],[-56.39166779999991,-22.09357768585571],[-56.3916551999999,-22.09387888585563],[-56.3913077,-22.094101085855623],[-56.3909303,-22.094154685855617],[-56.3906800999999,-22.093999885855737],[-56.390632599999904,-22.093803985855704],[-56.3905723999999,-22.093752385855723],[-56.3903648,-22.09363508585567],[-56.389961,-22.093346085855643],[-56.3895467,-22.092921085855625],[-56.3892887,-22.092516385855603],[-56.3891058999999,-22.09216058585546],[-56.3890648999999,-22.09164598585552],[-56.3891305,-22.09112208585548],[-56.3891603,-22.090791585855364],[-56.3892261999999,-22.090531485855287],[-56.38917020000001,-22.0903271858553],[-56.3889581999999,-22.09014988585536],[-56.3887712,-22.089853785855368],[-56.3887973,-22.08942128585535],[-56.3890006,-22.08910058585521],[-56.3894954,-22.08885308585519],[-56.3898736,-22.088789585855192],[-56.39002359999991,-22.088961685855246],[-56.3901003,-22.08931628585533],[-56.390054,-22.089798085855243],[-56.3899862,-22.09009458585527],[-56.3900661,-22.09016788585539],[-56.390146,-22.09024118585537],[-56.39039109999991,-22.090152485855285],[-56.3907419,-22.089900385855398],[-56.39114090000001,-22.08955618585523],[-56.3913391999999,-22.0891468858552],[-56.39155600000001,-22.088716685855264],[-56.3915845,-22.08831148585524],[-56.3916141999999,-22.087996085855103],[-56.3917097999999,-22.08787008585519],[-56.3919509,-22.087949285855093],[-56.3921432,-22.08812318585511],[-56.3923186,-22.08823358585522],[-56.3925265999999,-22.088155085855107],[-56.3925467999999,-22.087601785855142],[-56.3923551999999,-22.087092485855127],[-56.3918245,-22.086647485855092],[-56.3916450999999,-22.08649258585497],[-56.39145,-22.086336885854926],[-56.3912339,-22.086442685855047],[-56.3909791,-22.08665208585507],[-56.3906929999999,-22.08680968585503],[-56.3903855,-22.086772385855085],[-56.3901313,-22.08663048585508],[-56.3899292,-22.086396385855092],[-56.3897992,-22.086160185854936],[-56.3899446999999,-22.085935085855027],[-56.3901810999999,-22.085680485855],[-56.3905485999999,-22.085247285854884],[-56.3909265999999,-22.084669585854847],[-56.3912941,-22.083995785854874],[-56.3919015,-22.083321385854706],[-56.3922602,-22.082765985854675],[-56.3927681,-22.082422585854697],[-56.3931408999999,-22.082104585854687],[-56.3931234,-22.08172598585456],[-56.3928829,-22.081241385854632],[-56.3925407,-22.080588385854558],[-56.3924279,-22.08000658585445],[-56.3925245,-22.079703085854494],[-56.3927484,-22.079318585854473],[-56.392728000000005,-22.078929285854414],[-56.3929272,-22.078823785854432],[-56.3932604999999,-22.0787303858543],[-56.3935939,-22.078623585854373],[-56.3938232,-22.07843718585426],[-56.393808400000005,-22.07800938585426],[-56.3937440999999,-22.07743838585419],[-56.393634600000006,-22.076898385854175],[-56.39350360000001,-22.076632085854165],[-56.3934303,-22.076306285854137],[-56.3931654,-22.07581908585408],[-56.3929171999999,-22.075441385854045],[-56.39294340000001,-22.074998485854014],[-56.3930917,-22.07482528585399],[-56.3932399999999,-22.07465198585407],[-56.3936558,-22.07443858585402],[-56.3940972,-22.074424985854073],[-56.3942466999999,-22.074769085854072],[-56.3941025999999,-22.075229885854117],[-56.39404,-22.075743085854153],[-56.3942463,-22.07597388585418],[-56.3945816999999,-22.075885385854086],[-56.3949648,-22.075824985854187],[-56.3954267999999,-22.07588008585404],[-56.3955731,-22.076059385854204],[-56.3957195,-22.07623868585422],[-56.3957346999999,-22.07671958585414],[-56.3958812,-22.07703958585427],[-56.396356,-22.077212585854216],[-56.3969511999999,-22.077213285854263],[-56.3975305,-22.077274785854186],[-56.3977899,-22.077443885854187],[-56.3983699999999,-22.077841285854227],[-56.3988171999999,-22.07816958585435],[-56.3989448999999,-22.078581685854406],[-56.39900900000001,-22.079179885854362],[-56.39905709999991,-22.079936785854407],[-56.3993176,-22.080394085854536],[-56.399819,-22.080647585854585],[-56.4006075,-22.08072958585448],[-56.4014660999999,-22.080513685854555],[-56.4022530999999,-22.08007898585456],[-56.4029189,-22.07940858585449],[-56.4038423,-22.078434085854397],[-56.4042148,-22.07794068585424],[-56.4043447999999,-22.077563785854327],[-56.404572,-22.07737188585421],[-56.4049547,-22.07741598585431],[-56.40537700000001,-22.077538685854222],[-56.4059129999999,-22.07788228585426],[-56.4067727,-22.078275985854376],[-56.4076186999999,-22.078735485854345],[-56.4084134,-22.078997685854365],[-56.40903610000001,-22.07946238585448],[-56.409639,-22.079767685854385],[-56.4102194,-22.080082385854517],[-56.4105011999999,-22.080227885854562],[-56.41096700000001,-22.080118785854506],[-56.411708,-22.080019785854386],[-56.4125921999999,-22.079868585854417],[-56.4133909,-22.079877685854406],[-56.4140757,-22.079813485854384],[-56.414926,-22.079737985854475],[-56.4156571999999,-22.079587785854482],[-56.4162097999999,-22.07937168585444],[-56.4166031999999,-22.079304085854368],[-56.4170971999999,-22.079448785854478],[-56.4174584,-22.07962508585438],[-56.417818699999906,-22.079622485854504],[-56.41824589999991,-22.079535885854376],[-56.418590200000004,-22.07952008585448],[-56.41871760000001,-22.079669285854514],[-56.4187527,-22.079790585854507],[-56.418845,-22.07981848585438],[-56.418979400000005,-22.08038098585444],[-56.4193114,-22.08134878585454],[-56.4195192999999,-22.081899685854662],[-56.4196446999999,-22.082400385854704],[-56.4199851,-22.083361985854772],[-56.4201343,-22.08389678585475],[-56.4204923,-22.084409285854772],[-56.4208449,-22.084857985854843],[-56.4211357,-22.085244585854984],[-56.42127989999991,-22.085571885854907],[-56.4217889999999,-22.08574588585488],[-56.4224055,-22.08564868585504],[-56.42281999999991,-22.085470485854866],[-56.4229718,-22.085099985854978],[-56.4228017999999,-22.084683685854923],[-56.4226027,-22.084402485854888],[-56.4225908999999,-22.084004185854866],[-56.4227549999999,-22.083673385854805],[-56.4228704999999,-22.083324885854825],[-56.4230886,-22.083073185854666],[-56.4236486999999,-22.082773685854793],[-56.4238647999999,-22.08262168585466],[-56.4244112,-22.08245248585463],[-56.4249111,-22.08237658585469],[-56.42539020000001,-22.08207088585471],[-56.4260039,-22.081850785854552],[-56.4270728,-22.08190808585468],[-56.4277972,-22.082061685854594],[-56.4286731,-22.0822245858547],[-56.42937520000001,-22.082524185854744],[-56.4298512999999,-22.082792485854753],[-56.430167,-22.083014885854794],[-56.4304316,-22.08295318585475],[-56.4307118,-22.082664485854757],[-56.4310581,-22.08252278585463],[-56.4313422,-22.08254888585465],[-56.4314828,-22.08271338585461],[-56.4314012,-22.0830155858548],[-56.4311337999999,-22.083286785854707],[-56.4308229,-22.083539885854695],[-56.4304994,-22.083732485854743],[-56.4302393999999,-22.083921385854875],[-56.4300896,-22.084209085854873],[-56.4298808,-22.084508685854892],[-56.4298704,-22.084776385854926],[-56.4300090999999,-22.08492968585493],[-56.4302496,-22.084830885854842],[-56.430612100000005,-22.084703185854917],[-56.4310068,-22.084672385854816],[-56.4314320999999,-22.084739685854842],[-56.4317495999999,-22.08489178585497],[-56.4317761,-22.085128885854942],[-56.4316358,-22.085433485854974],[-56.4312892,-22.08557228585498],[-56.4309451,-22.085764185855016],[-56.4306781,-22.08602168585493],[-56.4306058,-22.08636948585496],[-56.4307254,-22.08684408585513],[-56.4310328,-22.08702618585509],[-56.4313410999999,-22.08680278585502],[-56.43150489999991,-22.086498685854973],[-56.4318473,-22.08620438585496],[-56.4320625999999,-22.08586768585491],[-56.4322913999999,-22.08569018585491],[-56.4324973,-22.08582518585493],[-56.4330072,-22.086146485854936],[-56.4336309999999,-22.086423885854945],[-56.434155,-22.08652738585505],[-56.4346153,-22.086445785855066],[-56.4347233999999,-22.08615238585495],[-56.4346748999999,-22.085775285855],[-56.4343804,-22.085476385854914],[-56.4343233,-22.085173385854947],[-56.43458029999991,-22.08490808585493],[-56.43498790000001,-22.084682285854814],[-56.4353290999999,-22.08456838585492],[-56.4357406,-22.08456648585483],[-56.4363236,-22.08444828585489],[-56.4366593999999,-22.08442018585488],[-56.4369938,-22.084271385854883],[-56.43732790000001,-22.08399968585478],[-56.4376482,-22.083629985854863],[-56.4380599,-22.083366585854826],[-56.4384363,-22.083157185854795],[-56.4386926,-22.08312858585481],[-56.4387778999999,-22.082876485854655],[-56.4387220999999,-22.082580085854715],[-56.4385677,-22.082251285854582],[-56.4384148,-22.08196168585467],[-56.4382760999999,-22.081612785854666],[-56.43819510000001,-22.08136478585464],[-56.4382092,-22.081144185854626],[-56.438327,-22.0810547858545],[-56.438551,-22.08112758585451],[-56.4389864,-22.081303585854634],[-56.4395446999999,-22.081492785854643],[-56.44019239999991,-22.08169438585457],[-56.4411306,-22.081978185854652],[-56.4415183,-22.082062085854727],[-56.4416763999999,-22.0821766858546],[-56.441810800000006,-22.08249198585465],[-56.4421575,-22.08287218585465],[-56.4424519999999,-22.083081885854778],[-56.442865,-22.08328918585481],[-56.4431709999999,-22.0835919858548],[-56.4434453,-22.084068385854888],[-56.44370079999991,-22.08460438585484],[-56.4439962,-22.085039385854923],[-56.4442744999999,-22.08516888585483],[-56.4447132999999,-22.085139585854876],[-56.445126,-22.084953685854945],[-56.4455260999999,-22.084753785854854],[-56.4459864,-22.0846193858549],[-56.4463408999999,-22.08460458585489],[-56.4466765999999,-22.084709385854943],[-56.44692280000001,-22.084814185854917],[-56.4471063,-22.084971285854856],[-56.4473671,-22.085049085854827],[-56.4475889,-22.08503528585499],[-56.44768210000001,-22.084745785854924],[-56.4475813999999,-22.084480685854885],[-56.4473399,-22.084294285854895],[-56.4472607,-22.08410598585488],[-56.4474337999999,-22.083929185854757],[-56.44746939999991,-22.083600985854698],[-56.4475348,-22.08300418585468],[-56.4475355,-22.082564785854643],[-56.4473229,-22.08226518585459],[-56.4470274999999,-22.082021285854687],[-56.4468315999999,-22.081584585854568],[-56.44681999999991,-22.081141785854616],[-56.4468892,-22.08057528585457],[-56.447011,-22.07989338585439],[-56.4472481999999,-22.079256385854443],[-56.4473728999999,-22.078780985854284],[-56.4475384,-22.0783785858544],[-56.4477946,-22.077902985854237],[-56.4479254,-22.077302385854257],[-56.44778960000001,-22.076965985854244],[-56.447685,-22.076625085854126],[-56.4479856999999,-22.07662318585421],[-56.4486456,-22.07668978585415],[-56.4492179,-22.07691068585415],[-56.4498809,-22.077137885854277],[-56.4502884999999,-22.077269885854275],[-56.4507884,-22.077877985854254],[-56.4512473,-22.078198185854376],[-56.4515507999999,-22.0784047858543],[-56.4519639,-22.07898708585433],[-56.452289,-22.0797761858545],[-56.4525022,-22.080345285854527],[-56.4527353,-22.080678085854476],[-56.4528551,-22.08097798585461],[-56.4528362999999,-22.08137908585451],[-56.4527562,-22.081790285854698],[-56.4527624,-22.081965185854674],[-56.4529047,-22.082051985854715],[-56.4530425999999,-22.082008185854708],[-56.453224,-22.08186188585467],[-56.4534538,-22.081744485854674],[-56.4536419,-22.081831785854668],[-56.4537225,-22.082005585854578],[-56.4536211,-22.08233738585473],[-56.4532242999999,-22.0829642858548],[-56.4528916,-22.083507885854818],[-56.4525032999999,-22.08401568585488],[-56.4525748999999,-22.084298985854765],[-56.4530493,-22.084670085854917],[-56.4536902,-22.084930785854826],[-56.454572500000005,-22.085045885854942],[-56.45521970000001,-22.08476658585492],[-56.4556803999999,-22.084472285854883],[-56.4560825999999,-22.08436368585486],[-56.4565252,-22.0844821858549],[-56.456823500000006,-22.084454485854774],[-56.4570409,-22.083791685854738],[-56.4571551,-22.08272088585476],[-56.4570502,-22.082180385854695],[-56.45710400000001,-22.081497685854554],[-56.4570128999999,-22.0810363858546],[-56.4568723,-22.08053948585448],[-56.456981,-22.080053385854438],[-56.4571349,-22.079670385854392],[-56.4575922,-22.07940518585438],[-56.4581133999999,-22.07924608585445],[-56.4586586999999,-22.079333585854364],[-56.4594132,-22.07940468585437],[-56.4600136,-22.079586185854378],[-56.4605877,-22.079685285854357],[-56.4616083999999,-22.079698785854486],[-56.4620753,-22.079733185854494],[-56.4626388999999,-22.079766885854486],[-56.4631019,-22.0796202858544],[-56.4633985,-22.079439785854373],[-56.4636153,-22.079274785854434],[-56.4637713,-22.079357885854343],[-56.4639299999999,-22.079716085854386],[-56.4639539,-22.080188485854535],[-56.4639329999999,-22.08071568585447],[-56.463525699999906,-22.081203785854633],[-56.4632890999999,-22.081662385854678],[-56.4631581,-22.08201048585469],[-56.4628223,-22.082369685854747],[-56.4624924,-22.08267038585464],[-56.4622093999999,-22.083085585854647],[-56.462136,-22.083579885854853],[-56.4618488,-22.084040185854782],[-56.4617218,-22.084267685854787],[-56.4617415,-22.0844505858549],[-56.4619476,-22.0846735858549],[-56.46230560000001,-22.08475568585493],[-56.4625866,-22.084684785854826],[-56.4627298,-22.08444598585488],[-56.4628825999999,-22.084134485854744],[-56.462978,-22.083848885854827],[-56.4630508,-22.08347398585481],[-56.4631621999999,-22.083167685854693],[-56.4634670999999,-22.08309338585468],[-56.4639179,-22.083006685854706],[-56.464414599999905,-22.082933485854774],[-56.4646658999999,-22.082754785854753],[-56.4648132,-22.082439085854627],[-56.46531470000001,-22.08213748585459],[-56.4663315999999,-22.081513185854664],[-56.466904499999906,-22.081075785854622],[-56.467309300000004,-22.080650685854565],[-56.46748070000001,-22.080455385854485],[-56.4678673,-22.08041668585446],[-56.4684812,-22.080253385854427],[-56.4690494,-22.08005708585451],[-56.4695551999999,-22.079910885854503],[-56.4699452,-22.079977385854555],[-56.4704671,-22.079882985854407],[-56.4708907999999,-22.079851485854483],[-56.4711981999999,-22.079945385854444],[-56.4714529999999,-22.080194285854528],[-56.4715811999999,-22.080744285854475],[-56.472045,-22.08191718585467],[-56.4722803999999,-22.08232248585469],[-56.4724993,-22.082917985854696],[-56.4726702,-22.083168285854804],[-56.4730385999999,-22.08344458585482],[-56.4732839,-22.08367528585482],[-56.4735285,-22.08388978585484],[-56.47352902802899,-22.08389077288152],[-56.4737029,-22.084215785854845],[-56.4737727999999,-22.084496785854885],[-56.4737357,-22.08471478585492],[-56.47354730000001,-22.085147485854865],[-56.47354630679631,-22.085149554646065],[-56.4732880999999,-22.085687385854946],[-56.4730451999999,-22.08608098585505],[-56.472732,-22.08649708585508],[-56.4726087,-22.086730085855102],[-56.4725893,-22.086933585855128],[-56.472822,-22.087161585855046],[-56.4731070999999,-22.087267885855113],[-56.4735755215913,-22.08727789230499],[-56.473654800000006,-22.08727958585502],[-56.4742351,-22.08730398585515],[-56.4747252999999,-22.087275285855014],[-56.475423,-22.087328785855153],[-56.4757956999999,-22.08738018585504],[-56.4761685,-22.08751588585515],[-56.4764731,-22.087790285855085],[-56.4767419999999,-22.08828338585525],[-56.477071,-22.089149585855182],[-56.4772303999999,-22.089923085855364],[-56.477402,-22.090560785855352],[-56.4775094999999,-22.09104058585538],[-56.4775549999999,-22.091313985855496],[-56.4773949,-22.091451785855522],[-56.4769977999999,-22.091576985855486],[-56.4766974,-22.09174688585555],[-56.4764142999999,-22.09188268585542],[-56.4761958,-22.09210568585547],[-56.4761055,-22.09248958585557],[-56.4760491,-22.093015985855615],[-56.4760269,-22.093692785855612],[-56.476152,-22.093919485855718],[-56.4765189999999,-22.0940723858557],[-56.4769906999999,-22.094195885855658],[-56.4773398,-22.094167185855753],[-56.4778269999999,-22.094053485855703],[-56.4785137,-22.093896785855687],[-56.4789292999999,-22.093767885855627],[-56.4791753,-22.093724285855714],[-56.4794577,-22.0937198858556],[-56.47995910000001,-22.093938085855587],[-56.4805947,-22.094174685855663],[-56.4813478,-22.094478485855763],[-56.4821345,-22.09472058585582],[-56.4828214999999,-22.09494648585569],[-56.4833497,-22.095142985855837],[-56.4838599999999,-22.095324785855855],[-56.4845303,-22.09529338585573],[-56.4849861,-22.09513458585573],[-56.4855365999999,-22.094802285855796],[-56.4862338,-22.094350085855684],[-56.4865938999999,-22.09405718585572],[-56.4870971,-22.093804985855684],[-56.4875436,-22.093505085855654],[-56.4880965,-22.09345578585568],[-56.4884769,-22.09342228585557],[-56.488650499999906,-22.093435385855653],[-56.48888410000001,-22.093806885855614],[-56.4890268999999,-22.094139985855765],[-56.4891248,-22.09484538585569],[-56.4892442999999,-22.095241685855836],[-56.4893767,-22.09547398585585],[-56.48979819999991,-22.09561828585587],[-56.490918,-22.09584458585587],[-56.4923846,-22.09608248585589],[-56.4925767,-22.096102685855904],[-56.4927688,-22.09612278585579],[-56.4930396,-22.09604978585579],[-56.4935434,-22.095701185855855],[-56.4938135,-22.095467685855855],[-56.4940834999999,-22.095234185855734],[-56.4944609999999,-22.094907085855702],[-56.4949468999999,-22.09454138585575],[-56.4951717,-22.094306185855654],[-56.4953753,-22.094190085855654],[-56.4955755999999,-22.094123285855744],[-56.4958109999999,-22.094057485855735],[-56.496032,-22.09396798585569],[-56.49618889999991,-22.09393058585569],[-56.4962674999999,-22.093933285855638],[-56.4971452,-22.094276985855764],[-56.4973941,-22.094374385855637],[-56.4976995,-22.094625585855766],[-56.49837050000001,-22.095125585855815],[-56.4989408,-22.095579185855843],[-56.499432600000006,-22.096068985855794],[-56.5002939999999,-22.096513485855947],[-56.5009903,-22.096833985855856],[-56.5016386,-22.097032985855986],[-56.5021326999999,-22.09719168585588],[-56.5026994,-22.097316485856044],[-56.5033739,-22.097395685855936],[-56.50400510000001,-22.097274685856018],[-56.5044488999999,-22.097036285855985],[-56.5049327999999,-22.096836185855846],[-56.5053414,-22.096356585855936],[-56.5056408999999,-22.095948185855868],[-56.5060569999999,-22.095616785855857],[-56.5065893,-22.09549078585574],[-56.5070416,-22.095897385855892],[-56.5074532,-22.096258185855877],[-56.5076685,-22.096936785855934],[-56.5079135,-22.097839785856024],[-56.5083448999999,-22.098452485856072],[-56.5088095,-22.09894958585616],[-56.5092696999999,-22.09950448585621],[-56.5091381,-22.100177885856166],[-56.5086906999999,-22.100559685856258],[-56.5081757,-22.100939185856333],[-56.50759750000001,-22.101327585856257],[-56.5073044,-22.1018685858563],[-56.5076832,-22.102542185856436],[-56.5082684,-22.103133285856497],[-56.5090633999999,-22.103535485856536],[-56.510292999999905,-22.1042330858565],[-56.5112081,-22.10456918585661],[-56.5119913999999,-22.104732885856553],[-56.5126413,-22.104796785856635],[-56.5131388999999,-22.105028485856586],[-56.5139167999999,-22.105583685856683],[-56.5146286999999,-22.10632988585669],[-56.515345,-22.10687488585681],[-56.5158499999999,-22.10715898585684],[-56.5162402,-22.10753598585688],[-56.5166194999999,-22.107971785856904],[-56.5173146,-22.108217385856864],[-56.5179803,-22.10818338585694],[-56.51851550000001,-22.108168485856957],[-56.5188509,-22.108282385856977],[-56.518919,-22.10871378585701],[-56.5187971,-22.10941618585697],[-56.5187493,-22.11021758585703],[-56.5184505999999,-22.110882585857155],[-56.5184441,-22.11153448585715],[-56.5184436,-22.111582085857265],[-56.5189068,-22.112049085857265],[-56.51944,-22.112336885857196],[-56.5198554999999,-22.11287708585727],[-56.5198061,-22.113411085857383],[-56.5196483,-22.11404668585747],[-56.5196718,-22.11449988585738],[-56.5201345,-22.115386785857567],[-56.5206216999999,-22.116287985857557],[-56.521034,-22.117106385857745],[-56.5216531999999,-22.117652085857685],[-56.5221746,-22.118000785857678],[-56.522270499999905,-22.118487685857758],[-56.5223053,-22.118664085857763],[-56.5221905,-22.119533885857944],[-56.5217567,-22.120267485857973],[-56.5214712,-22.120720385858068],[-56.5214799,-22.121098485858063],[-56.5219683,-22.121804385858127],[-56.5227717,-22.12224068585816],[-56.5234220999999,-22.121977285858147],[-56.5238221,-22.12137828585799],[-56.5240795999999,-22.120924385858043],[-56.52455880000001,-22.120692185858026],[-56.5249269,-22.120653685857956],[-56.5251807,-22.120847585857987],[-56.5252814999999,-22.121343785858112],[-56.5252795,-22.121460085858097],[-56.5252745999999,-22.121753885858038],[-56.52518750000001,-22.12254038585812],[-56.5247528,-22.122828285858215],[-56.5241776,-22.123075185858237],[-56.5238902,-22.123435385858155],[-56.5241713,-22.12418638585824],[-56.5246625,-22.1246691858584],[-56.5247952,-22.125391185858433],[-56.5244724999999,-22.12627898585853],[-56.5236416,-22.127057585858473],[-56.5233008,-22.127587485858513],[-56.5230316999999,-22.128076285858672],[-56.5232037,-22.12852638585861],[-56.5235749999999,-22.128778585858736],[-56.5241804999999,-22.128775685858663],[-56.5246172,-22.128836885858753],[-56.5255476999999,-22.129337685858804],[-56.5265312,-22.129954785858846],[-56.5270138,-22.130323885858857],[-56.5270887999999,-22.130904185858945],[-56.5268465,-22.13120878585897],[-56.5263487999999,-22.131421885858984],[-56.5256656,-22.131365485858975],[-56.5251403999999,-22.13157658585898],[-56.5244215,-22.131964685859025],[-56.52422371612492,-22.13214447752919],[-56.5239663999999,-22.13237838585897],[-56.5238348999999,-22.13284568585911],[-56.5239615,-22.133322585859087],[-56.524053,-22.133756685859094],[-56.5239281999999,-22.134158885859115],[-56.5234859,-22.134553985859274],[-56.5230465,-22.13498028585919],[-56.5228877,-22.13557828585935],[-56.5229075999999,-22.136098985859295],[-56.5228885999999,-22.13675018585934],[-56.5228385,-22.137290585859496],[-56.5226885,-22.13775668585955],[-56.5220307,-22.13799338585959],[-56.5214149,-22.137930385859562],[-56.5207291999999,-22.137933685859544],[-56.5201127999999,-22.13823238585949],[-56.51970560000001,-22.138657385859503],[-56.5195753,-22.13933618585958],[-56.5194802999999,-22.13997478585964],[-56.5193196,-22.14054188585979],[-56.5192585,-22.140976585859722],[-56.5198551999999,-22.141159385859748],[-56.5206008,-22.141075185859755],[-56.5219810999999,-22.141063585859722],[-56.52289350000001,-22.140979485859837],[-56.52380310000001,-22.140641885859694],[-56.52497939999991,-22.140473185859783],[-56.5257353,-22.14011938585964],[-56.5264344999999,-22.140082185859622],[-56.5268354999999,-22.140462985859767],[-56.5269954,-22.141090785859806],[-56.52753010000001,-22.14189108585992],[-56.5279618,-22.142585085859963],[-56.5282622,-22.14321898585992],[-56.5282329999999,-22.143612285860073],[-56.5281381,-22.14439008586011],[-56.5280076999999,-22.145156085860215],[-56.5278382,-22.145873285860183],[-56.52785729999991,-22.14661598586022],[-56.5279945999999,-22.147421085860405],[-56.52836,-22.148259385860484],[-56.5293430999999,-22.148626785860436],[-56.5301967999999,-22.14862528586041],[-56.5312585,-22.148227385860388],[-56.532121,-22.14789908586045],[-56.533182800000006,-22.147305885860263],[-56.5340176999999,-22.146890485860272],[-56.5354915,-22.146696485860375],[-56.5368708999999,-22.146728585860345],[-56.5380696999999,-22.146869585860234],[-56.5390479,-22.146980385860406],[-56.540023,-22.147162585860304],[-56.5402802999999,-22.14735938586043],[-56.5405962999999,-22.147601085860444],[-56.5406343,-22.147655485860327],[-56.5409493,-22.14810518586049],[-56.54104770000001,-22.148848785860448],[-56.5406108999999,-22.150513885860676],[-56.5400198,-22.15142678586073],[-56.5390702999999,-22.152708285860896],[-56.538371,-22.153414785860942],[-56.538079200000006,-22.153950685860902],[-56.5381255999999,-22.154545185861064],[-56.538176,-22.155345185861005],[-56.5380943,-22.15610048586119],[-56.5380827,-22.157017985861184],[-56.5378431999999,-22.157743585861237],[-56.5375638,-22.158031285861245],[-56.5369908,-22.15800628586138],[-56.5364658999999,-22.15760818586134],[-56.5359218999999,-22.15699928586115],[-56.5354735,-22.15649898586111],[-56.535185,-22.155993385861095],[-56.5344573,-22.15584698586104],[-56.5335593999999,-22.15611988586122],[-56.5327677999999,-22.156392585861102],[-56.5324560999999,-22.15692518586119],[-56.5325235999999,-22.157709285861305],[-56.5329173,-22.15856318586127],[-56.5333863,-22.159260685861355],[-56.5340193,-22.15972658586141],[-56.5346425,-22.160132485861517],[-56.5352159,-22.160345785861562],[-56.5356856999999,-22.16047858586158],[-56.5363986,-22.160529085861583],[-56.53722950000001,-22.160592185861486],[-56.5375991,-22.160624385861563],[-56.5379688,-22.160656685861486],[-56.5390589,-22.161065385861548],[-56.5397823,-22.16139928586168],[-56.5410659999999,-22.16192808586174],[-56.5423352,-22.16245248586178],[-56.5437157,-22.16283618586178],[-56.5447081,-22.163089085861817],[-56.5454908999999,-22.16327768586182],[-56.5464370999999,-22.163336885861703],[-56.54704520000001,-22.16346118586185],[-56.5474837,-22.163713085861787],[-56.547518,-22.16428208586193],[-56.5478169,-22.164843085861897],[-56.5481123,-22.165452785862026],[-56.5485993,-22.16608558586209],[-56.5490859,-22.166293285861986],[-56.5496037999999,-22.166440285862116],[-56.5502155,-22.16664568586202],[-56.5509565999999,-22.166760985862158],[-56.5514382,-22.166847485862164],[-56.5518513,-22.16699278586205],[-56.5521754,-22.16757458586222],[-56.5526910999999,-22.168061785862285],[-56.55313879999991,-22.168543285862313],[-56.5537292,-22.168737785862305],[-56.5544973999999,-22.168823185862337],[-56.5553391999999,-22.16897348586228],[-56.5563246,-22.16891898586234],[-56.5570521,-22.169091385862345],[-56.55721801294948,-22.169707114436147],[-56.5572574,-22.169853285862306],[-56.55722218726847,-22.16999722100857],[-56.5570165,-22.170837985862438],[-56.5566841999999,-22.172243485862637],[-56.5562411999999,-22.17329478586274],[-56.5559092,-22.174172385862843],[-56.5554266999999,-22.17467968586287],[-56.5547106,-22.175363785862924],[-56.5537629999999,-22.176169085862977],[-56.5535887999999,-22.176757885862962],[-56.5537452,-22.177576185863096],[-56.5539527999999,-22.17870928586325],[-56.5542503,-22.17968628586332],[-56.554564,-22.180510085863308],[-56.5548042999999,-22.18125958586347],[-56.5548335,-22.1818427858635],[-56.5546042999999,-22.1824803858636],[-56.553985699999906,-22.183051785863544],[-56.5532873999999,-22.183778785863694],[-56.5528707999999,-22.184224485863744],[-56.5522268999999,-22.18482738586383],[-56.5517460999999,-22.185387185863842],[-56.5515162,-22.186081385863925],[-56.5516332,-22.18671598586389],[-56.551919700000006,-22.186969185864],[-56.5528872,-22.187009385863988],[-56.5534436999999,-22.18738238586394],[-56.5537378,-22.187998185864053],[-56.5541698,-22.188323285864097],[-56.5548921,-22.1882822858641],[-56.5557638,-22.188078485864068],[-56.5565235,-22.18783308586409],[-56.5570984999999,-22.1880782858641],[-56.5572155999999,-22.188559085864146],[-56.5572596,-22.189694485864255],[-56.5571513,-22.190369885864325],[-56.5570832999999,-22.191269885864386],[-56.5575281,-22.192069885864438],[-56.5574932,-22.192628685864438],[-56.55709840000001,-22.19336778586458],[-56.5566709999999,-22.193843785864622],[-56.5564353,-22.194917985864734],[-56.5560912,-22.195515685864688],[-56.55631720000001,-22.19638408586473],[-56.5566365,-22.196762585864764],[-56.5571586,-22.196894885864936],[-56.5576084745406,-22.19684339073133],[-56.558096000000006,-22.196787585864804],[-56.5588956,-22.19674908586492],[-56.5595592,-22.19657588586489],[-56.5599083,-22.19653998586491],[-56.5601146,-22.19664128586489],[-56.5608687,-22.19694488586482],[-56.5613071,-22.19724648586487],[-56.5621867999999,-22.197610285864965],[-56.5629321,-22.197805885864906],[-56.5629762999999,-22.198233285865022],[-56.5627064,-22.198788685865107],[-56.5626718,-22.19940068586515],[-56.5623936,-22.20016418586523],[-56.5627006999999,-22.20063128586517],[-56.5632449,-22.200968085865284],[-56.5639149,-22.201196785865207],[-56.5650211,-22.201158185865335],[-56.5662755,-22.2011387858653],[-56.5669243,-22.201265485865328],[-56.5677967999999,-22.201912985865256],[-56.568536200000004,-22.20251008586534],[-56.5686434,-22.203396185865426],[-56.5687832,-22.204553385865623],[-56.5688776,-22.205677885865736],[-56.5691083999999,-22.2066316858657],[-56.5698954,-22.20732498586589],[-56.5708418,-22.207510885865762],[-56.571896,-22.20766418586589],[-56.5731805999999,-22.20754168586588],[-56.574631,-22.20755148586589],[-56.5757141,-22.20707648586584],[-56.5762773,-22.20640648586577],[-56.5763808999999,-22.205405085865703],[-56.57603160000001,-22.204465585865485],[-56.5756572999999,-22.203887285865537],[-56.5753893999999,-22.20314918586538],[-56.5753884,-22.20245698586543],[-56.5758344,-22.20205468586541],[-56.5766179,-22.202050885865383],[-56.5771478999999,-22.20260968586543],[-56.5779019999999,-22.203045985865472],[-56.5787657,-22.20358898586553],[-56.5799633999999,-22.203986885865564],[-56.5808459,-22.204601785865616],[-56.5816424,-22.20512608586565],[-56.58231729999991,-22.2056443858657],[-56.58230900000001,-22.20616258586576],[-56.5820002,-22.20676208586573],[-56.58187660000001,-22.207700585865894],[-56.5817567,-22.208608385865894],[-56.5813143999999,-22.209242685865984],[-56.5810221999999,-22.209832085866076],[-56.581057,-22.210303885866075],[-56.5813782,-22.21066178586623],[-56.5820550999999,-22.210907785866198],[-56.5830872999999,-22.211076185866247],[-56.5837574999999,-22.21125518586627],[-56.5847097,-22.211397285866145],[-56.5855438999999,-22.211712685866303],[-56.5865863,-22.21201988586631],[-56.587708500000005,-22.212115885866318],[-56.5887681999999,-22.211979285866207],[-56.5893477,-22.21206448586624],[-56.5900331999999,-22.212539285866292],[-56.5908108,-22.21319878586631],[-56.5916951,-22.21381938586651],[-56.5922818,-22.214350485866525],[-56.592341700000006,-22.214870685866497],[-56.5923986,-22.215786585866564],[-56.5927483,-22.216109185866593],[-56.5930701,-22.216649085866642],[-56.5931578,-22.217252585866696],[-56.59323080000001,-22.217938785866888],[-56.5934420999999,-22.21838218586688],[-56.5938358999999,-22.21849078586682],[-56.5942269,-22.218100085866876],[-56.5946297,-22.21750688586674],[-56.5949330999999,-22.216986285866778],[-56.5962509999999,-22.216040385866584],[-56.5965221,-22.215731785866648],[-56.5967067,-22.215063585866613],[-56.59706879999991,-22.214360785866536],[-56.5973119,-22.213609585866386],[-56.59778429999991,-22.212676685866384],[-56.5980461,-22.212001485866196],[-56.5983163,-22.211455085866238],[-56.598676,-22.211334285866243],[-56.5993481,-22.21114638586621],[-56.5997376,-22.211350185866245],[-56.5997882999999,-22.21204778586625],[-56.5994832,-22.212645085866374],[-56.5995609,-22.213307285866332],[-56.5998104999999,-22.21421998586651],[-56.5997604999999,-22.215079385866588],[-56.5994954999999,-22.2160412858667],[-56.5990226,-22.216752585866637],[-56.5987474,-22.217382585866826],[-56.5985684,-22.21784038586676],[-56.5989046999999,-22.218517585866813],[-56.5995748,-22.218968385866877],[-56.6004609,-22.21954318586701],[-56.6013844,-22.219820485867043],[-56.602293,-22.220169385867084],[-56.6031998,-22.220420885867103],[-56.6039751,-22.220503585867146],[-56.604846,-22.220478585867095],[-56.6055403999999,-22.220433485867087],[-56.6063913,-22.220212985867004],[-56.6072705999999,-22.220030985866973],[-56.6078750999999,-22.220069285867094],[-56.6084715,-22.22017148586696],[-56.6090113,-22.220389985867108],[-56.6095187999999,-22.22081528586715],[-56.609740200000005,-22.22142448586718],[-56.6096856999999,-22.22210158586724],[-56.6096347,-22.222530785867285],[-56.6095596,-22.223205385867267],[-56.6089072,-22.223959285867334],[-56.6082474999999,-22.22480188586739],[-56.6076962,-22.225414085867595],[-56.6072247,-22.225933385867627],[-56.6069681,-22.22621318586764],[-56.6068672,-22.22668768586768],[-56.6068542,-22.227411985867747],[-56.6069462,-22.228334685867747],[-56.6069878,-22.22920548586794],[-56.6068761999999,-22.229775685867875],[-56.6066539999999,-22.23035738586793],[-56.6061713999999,-22.2309963858681],[-56.605756,-22.231512085868122],[-56.6055921,-22.231981685868128],[-56.6058922,-22.23216908586819],[-56.6064373999999,-22.232457285868218],[-56.6068516,-22.23284508586828],[-56.6071552,-22.23330718586833],[-56.6076231,-22.233702485868246],[-56.6079376,-22.234151385868387],[-56.6081981999999,-22.234362785868303],[-56.6085136,-22.234303085868433],[-56.608827000000005,-22.2340878858684],[-56.6091426,-22.233831685868278],[-56.609504,-22.233552785868266],[-56.6098691999999,-22.23329148586832],[-56.610193900000006,-22.233108285868326],[-56.6104738999999,-22.233206885868345],[-56.6106367,-22.23343908586823],[-56.6116782,-22.234039685868364],[-56.6126771,-22.234632485868442],[-56.6138847,-22.23523488586849],[-56.6145991,-22.235335585868405],[-56.6152389,-22.235464785868437],[-56.6157674,-22.235791885868565],[-56.6161405999999,-22.2364649858686],[-56.6166127,-22.237318885868618],[-56.6172392,-22.23810088586866],[-56.6178899999999,-22.238625885868732],[-56.6187834999999,-22.238938785868854],[-56.6195936,-22.239006985868837],[-56.6203065,-22.23890318586883],[-56.6208311999999,-22.238777085868755],[-56.6211390999999,-22.238973585868866],[-56.6211327999999,-22.23950898586883],[-56.6209631,-22.240035985868975],[-56.6208650999999,-22.24069068586904],[-56.62093,-22.24125968586894],[-56.62128799999991,-22.241858385869094],[-56.6218703,-22.242140285869148],[-56.6224574,-22.242134585869053],[-56.6228938,-22.24195518586906],[-56.6234284999999,-22.242086985869165],[-56.6241282999999,-22.24206268586919],[-56.624632,-22.241970685869166],[-56.6252241,-22.24254868586908],[-56.6256097999999,-22.243211585869176],[-56.6259688,-22.24381748586935],[-56.6261082999999,-22.24433518586937],[-56.626350300000006,-22.24515808586944],[-56.6268999,-22.246411385869482],[-56.6276250999999,-22.246810485869588],[-56.6285359999999,-22.246928985869648],[-56.6294075,-22.24666568586951],[-56.6299673,-22.246221485869455],[-56.6308782999999,-22.245775385869504],[-56.63131689999991,-22.24545078586947],[-56.6317035,-22.24509008586944],[-56.6320901,-22.244729485869335],[-56.6324412,-22.243970085869332],[-56.6325775,-22.24321228586926],[-56.6328925,-22.24243538586921],[-56.6333195,-22.24164768586902],[-56.6338723,-22.24111398586906],[-56.6345671999999,-22.24065948586892],[-56.6355707,-22.24073498586906],[-56.6365732,-22.24089538586892],[-56.6374177,-22.24126458586909],[-56.6382808,-22.241421985868968],[-56.6390072999999,-22.241874685869117],[-56.639392,-22.24245038586908],[-56.6403925,-22.242975585869228],[-56.6411555,-22.243472285869313],[-56.6418859999999,-22.243909185869327],[-56.6424479,-22.244493685869386],[-56.6430715,-22.24502348586935],[-56.6433443,-22.24561828586941],[-56.6433383,-22.246149785869523],[-56.6431072,-22.24711108586953],[-56.6428607,-22.247815685869604],[-56.6427264,-22.248792185869817],[-56.6428263,-22.249650785869747],[-56.6430048999999,-22.250338585869937],[-56.6427497,-22.250972785869934],[-56.6424001,-22.251732985869964],[-56.6421743,-22.252313685870025],[-56.6419787999999,-22.25284538587018],[-56.6415360999999,-22.25322608587013],[-56.6409970999999,-22.253407085870133],[-56.64038730000001,-22.253364885870234],[-56.640006399999905,-22.253035085870184],[-56.6396979,-22.252467885870036],[-56.6395664,-22.252009685870128],[-56.6392264,-22.251727985870104],[-56.6388651999999,-22.251910585870096],[-56.638618,-22.25251788587004],[-56.6385559999999,-22.253244385870225],[-56.6384262,-22.254227085870294],[-56.6384042999999,-22.254361785870323],[-56.6382525,-22.255278785870345],[-56.6380733999999,-22.25588088587047],[-56.6381665,-22.256546885870428],[-56.6382278,-22.25699808587057],[-56.6379517,-22.2573681858706],[-56.6377780999999,-22.257854585870657],[-56.6377987,-22.258448485870627],[-56.6379810999999,-22.259008485870652],[-56.6382943,-22.25938048587082],[-56.63846829999991,-22.259839385870865],[-56.6385734,-22.260380285870912],[-56.6384479,-22.260777085870814],[-56.6381943,-22.26127968587091],[-56.637768200000004,-22.261810885870943],[-56.6373723,-22.26235338587101],[-56.6369495,-22.262661885871097],[-56.6365714999999,-22.26292628587105],[-56.6365051,-22.263230485871198],[-56.6368411,-22.263448285871096],[-56.6372701,-22.263426585871077],[-56.6379932,-22.263222385871174],[-56.6387665,-22.263059085871145],[-56.6394999999999,-22.26287488587104],[-56.6401729999999,-22.262685985871144],[-56.6406304,-22.26264288587103],[-56.64084589999991,-22.26278418587106],[-56.6407975,-22.263127385871194],[-56.6407922,-22.263486385871193],[-56.6408499,-22.26389928587112],[-56.6410107999999,-22.264382685871222],[-56.6414227,-22.264779885871356],[-56.6417489,-22.26506028587139],[-56.64224690000001,-22.265131985871275],[-56.6426334,-22.264904585871353],[-56.6430898,-22.264580585871222],[-56.6434637999999,-22.264329485871254],[-56.6438505,-22.264175385871162],[-56.6443980999999,-22.263703785871247],[-56.6447009,-22.26340578587109],[-56.6450963999999,-22.263102285871195],[-56.645546,-22.262956885871063],[-56.6460539,-22.26269798587105],[-56.6468599,-22.2622766858711],[-56.6473473999999,-22.261924585870975],[-56.6475892,-22.26145638587092],[-56.6478152999999,-22.26107638587097],[-56.6481702999999,-22.260377585870884],[-56.649008,-22.259819285870755],[-56.6501362,-22.258895985870684],[-56.6510297999999,-22.2580905858706],[-56.6514792,-22.257593785870554],[-56.6519046999999,-22.257221985870576],[-56.6520365,-22.256872885870575],[-56.65178410000001,-22.25653888587053],[-56.6513978999999,-22.256085785870383],[-56.6510062,-22.255602285870445],[-56.6506944,-22.255297085870446],[-56.6503324999999,-22.2549873858703],[-56.650584,-22.254467585870213],[-56.6513320999999,-22.254128985870295],[-56.6520146999999,-22.25385428587016],[-56.6526683,-22.25372738587016],[-56.6534422999999,-22.253624485870173],[-56.6541847,-22.25357898587015],[-56.6545801,-22.253678585870166],[-56.6547727,-22.2538982858702],[-56.6546289,-22.25418458587031],[-56.6543311,-22.25437178587024],[-56.6538904,-22.254499385870233],[-56.6535572999999,-22.25476928587038],[-56.6534101,-22.255104285870384],[-56.6535929,-22.255409185870416],[-56.6541271999999,-22.255660485870465],[-56.6548046999999,-22.255838285870375],[-56.6553234,-22.255949185870467],[-56.6560603999999,-22.25579158587046],[-56.6567626,-22.25564488587034],[-56.6574957,-22.255298185870384],[-56.6580924,-22.25487438587028],[-56.6588002,-22.254329585870217],[-56.6593190999999,-22.253794385870158],[-56.6598304,-22.25323138587012],[-56.6602288,-22.252774885870213],[-56.66077,-22.252591785870045],[-56.6613252,-22.252749385870178],[-56.6619102999999,-22.25308218587009],[-56.6626431999999,-22.253488385870234],[-56.6632976,-22.253830685870287],[-56.6636839,-22.253980785870297],[-56.6640565,-22.253844285870297],[-56.6647214,-22.25345468587024],[-56.6652862,-22.252901985870082],[-56.665644,-22.252176085870015],[-56.6660772,-22.251397785869944],[-56.6664546,-22.250574985870006],[-56.6667965,-22.249960885869935],[-56.6671246,-22.24924458586973],[-56.6674758999999,-22.248857885869807],[-56.6680770999999,-22.248742785869702],[-56.6689315,-22.248673085869783],[-56.6696213,-22.24871428586978],[-56.6703694999999,-22.24893278586979],[-56.6708975,-22.249223685869868],[-56.6715838,-22.24944588586987],[-56.6720888,-22.249581585869752],[-56.672673,-22.24926138586985],[-56.6728309,-22.248844385869713],[-56.6732259999999,-22.248491885869758],[-56.6737244,-22.247464185869656],[-56.6743094,-22.24646978586949],[-56.6748219,-22.245693285869503],[-56.6750094,-22.245574285869377],[-56.6758667,-22.24474888586933],[-56.676276,-22.244485685869293],[-56.6766878999999,-22.24421658586936],[-56.6769739,-22.244463585869354],[-56.6773866,-22.24492968586933],[-56.6777916999999,-22.2454459858695],[-56.67812270000001,-22.24610728586943],[-56.6784309999999,-22.246487885869566],[-56.6786352,-22.246694685869578],[-56.6789775,-22.246465585869608],[-56.6793858,-22.245843685869517],[-56.6797564,-22.24519118586947],[-56.6799771,-22.244665485869316],[-56.6798218,-22.243798385869198],[-56.6796998,-22.243034585869122],[-56.6797316999999,-22.242232185869046],[-56.6802317999999,-22.241267785868978],[-56.6808339999999,-22.240052585868934],[-56.6812940999999,-22.238764585868832],[-56.6818124,-22.237574585868742],[-56.6822554,-22.236560285868624],[-56.6824999,-22.23567348586854],[-56.6826356,-22.234907185868426],[-56.6827178,-22.23451638586842],[-56.6826909,-22.234011985868378],[-56.6827863999999,-22.233407885868342],[-56.6826533,-22.232771885868154],[-56.6825605999999,-22.23219738586821],[-56.6822999999999,-22.231887285868176],[-56.6820564,-22.231514185868075],[-56.68179009999991,-22.23121638586799],[-56.6815675999999,-22.231016085868106],[-56.6814072999999,-22.23077348586801],[-56.6814418,-22.230507485867975],[-56.6816305999999,-22.230238585868012],[-56.6821793,-22.230214985867924],[-56.6827724,-22.23021078586802],[-56.68330000000001,-22.230247085867962],[-56.68382749999991,-22.230282685868058],[-56.6841608999999,-22.229969085867896],[-56.68414490000001,-22.229484185867886],[-56.6839017999999,-22.22929238586793],[-56.6835225,-22.228994785867922],[-56.6831397,-22.228736285867893],[-56.6825719,-22.22843278586784],[-56.6819758999999,-22.228148585867736],[-56.6815364999999,-22.2279280858677],[-56.6812042999999,-22.22761108586771],[-56.681233,-22.22714948586761],[-56.6814120999999,-22.226275385867623],[-56.6816406,-22.225227285867568],[-56.6818241999999,-22.223882285867425],[-56.6818719999999,-22.22280908586722],[-56.6821045,-22.221998985867252],[-56.6824243999999,-22.221501185867204],[-56.6829039,-22.221184985867083],[-56.6834653,-22.220951185867033],[-56.6841062,-22.220885585867133],[-56.6849819999999,-22.220684185867004],[-56.68562419999991,-22.220494885867037],[-56.6865986999999,-22.220198185867048],[-56.6873565,-22.219914785867022],[-56.6880302,-22.220081785866945],[-56.6883321,-22.220534785867024],[-56.6883227,-22.221007885867163],[-56.6879635999999,-22.22154268586711],[-56.6876147999999,-22.221926885867216],[-56.68754280000001,-22.222420985867213],[-56.6876935999999,-22.222877285867238],[-56.6879779,-22.223143885867366],[-56.6885311,-22.22314008586735],[-56.6888642,-22.22281928586735],[-56.6889128999999,-22.222197685867275],[-56.6888557,-22.22170188586724],[-56.6890548,-22.22117028586717],[-56.6893264999999,-22.220380685867077],[-56.6895367,-22.21983028586705],[-56.689778700000005,-22.219361985866897],[-56.6901073,-22.21894528586699],[-56.6902954999999,-22.218308785866814],[-56.6905927999999,-22.217734585866832],[-56.6909755,-22.21748658586682],[-56.6914343999999,-22.217584385866825],[-56.6917397,-22.217969085866763],[-56.6921287,-22.218538285866924],[-56.692535,-22.219118085866878],[-56.6929913,-22.219399785867036],[-56.6932371999999,-22.219424385867026],[-56.694045800000005,-22.219491485866953],[-56.6948849,-22.219916985867055],[-56.6954254999999,-22.22049148586712],[-56.6959312,-22.220685985867032],[-56.6964343,-22.220803785867027],[-56.6967481999999,-22.220574785867097],[-56.6967516,-22.2202484858671],[-56.6965848999999,-22.219943885867075],[-56.6961967999999,-22.219561585867023],[-56.6958044,-22.219307285867014],[-56.6956296,-22.21891488586693],[-56.69579970000001,-22.218391785866817],[-56.6960483,-22.218095385866857],[-56.6963233,-22.218094785866867],[-56.6968471,-22.218176585866793],[-56.6974412,-22.218391185866793],[-56.6978933999999,-22.219011585866866],[-56.6980938999999,-22.219702185867067],[-56.6984778999999,-22.220480485867093],[-56.6986257999999,-22.22097378586716],[-56.6991209999999,-22.221112985867066],[-56.6996242,-22.220641285867114],[-56.7003435999999,-22.21991338586694],[-56.7011586,-22.219135885866983],[-56.70184220000001,-22.21863398586694],[-56.7022522,-22.217965485866742],[-56.7023844,-22.217367485866806],[-56.7027272999999,-22.216977485866682],[-56.7032788,-22.217054385866692],[-56.7038484,-22.217576885866826],[-56.7043198,-22.218220785866897],[-56.7045070999999,-22.21908488586687],[-56.7045517,-22.220031485866986],[-56.7044506,-22.220606285867017],[-56.7040458,-22.221722285867212],[-56.7037984,-22.222754085867297],[-56.7032909,-22.22344878586738],[-56.7026031999999,-22.224368285867463],[-56.7018796999999,-22.225293785867567],[-56.7011555999999,-22.226185585867665],[-56.7006905,-22.22679158586771],[-56.7000087,-22.22710148586765],[-56.6991257,-22.227129685867702],[-56.698272,-22.227027385867625],[-56.69763840000001,-22.226777085867596],[-56.6967261,-22.22668968586767],[-56.6960109,-22.22660538586768],[-56.6956170999999,-22.2268148858677],[-56.6954484999999,-22.227160585867647],[-56.6950621999999,-22.227495685867783],[-56.6945325,-22.227771885867703],[-56.6941136999999,-22.228266085867734],[-56.6940322,-22.22862758586791],[-56.6943345,-22.22908158586794],[-56.6945153,-22.22965358586785],[-56.6948136,-22.23050138586804],[-56.6949400999999,-22.231046685868087],[-56.6952659,-22.23133808586814],[-56.695657099999906,-22.231672885868186],[-56.6962677,-22.2327388858683],[-56.6971339,-22.234114385868423],[-56.6976387,-22.234673385868433],[-56.6981099,-22.23477168586846],[-56.6987526,-22.234896685868453],[-56.6992758,-22.23460738586847],[-56.7000219999999,-22.23420868586841],[-56.700684,-22.23401958586841],[-56.7012056,-22.23414518586829],[-56.7012865999999,-22.234659385868373],[-56.7009808999999,-22.235313385868395],[-56.7009442,-22.23593458586857],[-56.7013353999999,-22.236469885868622],[-56.7021209,-22.23663578586853],[-56.7031904999999,-22.236576785868646],[-56.7039801999999,-22.236421885868594],[-56.70465920000001,-22.23612488586848],[-56.705057699999905,-22.2363169858685],[-56.7053151,-22.23687338586867],[-56.70535460000001,-22.237890385868734],[-56.7055187999999,-22.238670085868794],[-56.7056011,-22.239584285868794],[-56.7057146,-22.24067878586901],[-56.7060306,-22.241241185868972],[-56.7063836,-22.24147298586902],[-56.7066063,-22.24178838586916],[-56.706591100000004,-22.242006185869073],[-56.7065759,-22.242224085869086],[-56.7063535999999,-22.242903985869248],[-56.70594279999991,-22.243272485869163],[-56.7053399,-22.24333448586918],[-56.7048536999999,-22.243256385869287],[-56.704394,-22.243205585869248],[-56.7041907999999,-22.24348518586931],[-56.7038363999999,-22.243736585869307],[-56.7032912,-22.243841885869205],[-56.7028567999999,-22.244050185869245],[-56.7025455,-22.244614685869305],[-56.702415099999904,-22.245216085869366],[-56.7026559,-22.24558158586948],[-56.7030813,-22.24565908586947],[-56.70355210000001,-22.245477785869372],[-56.7040895,-22.24547348586938],[-56.704450562718485,-22.24566072517905],[-56.7045227999999,-22.245698185869387],[-56.7050687999999,-22.245844085869418],[-56.7055068,-22.245841685869536],[-56.7058527,-22.24551118586947],[-56.7058203,-22.244969985869403],[-56.705823172750485,-22.24490387077177],[-56.7058408999999,-22.24449588586928],[-56.7061424999999,-22.24411848586935],[-56.7064667,-22.243623985869316],[-56.7068795,-22.24328678586923],[-56.7072525,-22.24311468586927],[-56.7075859999999,-22.24322128586926],[-56.7077047,-22.243770785869224],[-56.707696352406415,-22.243871003282006],[-56.7076506,-22.244420285869275],[-56.7078132,-22.244868085869424],[-56.7080491999999,-22.245386885869472],[-56.7082394,-22.246176185869544],[-56.7084493,-22.24697178586963],[-56.7087453,-22.24757428586958],[-56.7093139,-22.247709785869567],[-56.709927900000004,-22.247750185869577],[-56.7106085999999,-22.24794288586964],[-56.711420000000004,-22.248296785869655],[-56.7124350999999,-22.248591185869813],[-56.7133664999999,-22.248973985869807],[-56.7140130999999,-22.249310085869723],[-56.7143574999999,-22.249581185869875],[-56.7144322999999,-22.250030185869885],[-56.7143166,-22.250359185869822],[-56.7140459,-22.250360785869955],[-56.7136750999999,-22.25016658586982],[-56.7132362,-22.25030218586995],[-56.7128752,-22.250696985869862],[-56.7127272,-22.251419585870018],[-56.7127838,-22.252061585870038],[-56.7132589999999,-22.25252828587004],[-56.7136942,-22.252754785870078],[-56.7144302,-22.25331408587022],[-56.7151317,-22.254017885870326],[-56.7160683,-22.254592185870234],[-56.716784,-22.254895985870405],[-56.7175942,-22.255456985870463],[-56.7183899,-22.256042285870418],[-56.7190787,-22.256325385870497],[-56.7199375,-22.256543285870528],[-56.7203029,-22.256666185870433],[-56.7204129,-22.25699828587059],[-56.72032799999991,-22.25786508587059],[-56.7201929999999,-22.25882968587076],[-56.7202348,-22.25956968587073],[-56.7203145999999,-22.260473685870945],[-56.72030829999991,-22.261174185871],[-56.7199467,-22.261789385870962],[-56.7197009,-22.262438285870974],[-56.7195308,-22.26292618587114],[-56.7194077999999,-22.26338538587113],[-56.7195497,-22.263755485871126],[-56.7197767,-22.264138485871175],[-56.720106,-22.264575085871193],[-56.7203919999999,-22.26488878587124],[-56.72075130000001,-22.26492688587135],[-56.7212524,-22.264653285871336],[-56.7218142999999,-22.26425388587126],[-56.7223701999999,-22.26382458587125],[-56.7230235,-22.2633871858712],[-56.7234850999999,-22.26302428587107],[-56.7240388,-22.262559685871018],[-56.7245157999999,-22.26205268587105],[-56.72493869999991,-22.26167898587104],[-56.7255551,-22.26135318587096],[-56.7260507,-22.260822885870873],[-56.7265176999999,-22.2602635858709],[-56.7270068999999,-22.259845385870868],[-56.7275759,-22.25955508587073],[-56.7284281999999,-22.25929768587069],[-56.7293596,-22.25917518587081],[-56.7299288,-22.25893738587077],[-56.730417100000004,-22.25871828587063],[-56.7309073,-22.258357385870735],[-56.7312297999999,-22.258010785870713],[-56.7315566,-22.25767988587062],[-56.7320854,-22.2573257858705],[-56.7327941999999,-22.25715368587046],[-56.7334367999999,-22.257106785870572],[-56.7339977,-22.2569536858705],[-56.734345699999906,-22.256633785870534],[-56.7344803999999,-22.256181285870515],[-56.7343872,-22.255809585870495],[-56.7344861,-22.255269685870328],[-56.7346911,-22.254923685870295],[-56.7350683999999,-22.254742485870366],[-56.7355727999999,-22.25474438587028],[-56.7359837,-22.25476808587033],[-56.7363202999999,-22.254307185870314],[-56.7366069999999,-22.253933685870233],[-56.7366895,-22.253530585870248],[-56.7364737,-22.252984185870204],[-56.7360707,-22.252606285870154],[-56.7355382,-22.252299485870036],[-56.73493,-22.252010085870015],[-56.7343667,-22.251712185869952],[-56.7336103,-22.251186085869907],[-56.7330142,-22.25062148586998],[-56.7326298,-22.250075385869927],[-56.73236550000001,-22.249704685869794],[-56.7320190999999,-22.249244685869837],[-56.73171,-22.248884985869807],[-56.7314178,-22.24853768586969],[-56.73109529999991,-22.24837278586978],[-56.7308431,-22.248055985869716],[-56.7308325,-22.247581785869677],[-56.7308917999999,-22.247196085869536],[-56.7310404999999,-22.246843985869617],[-56.7313263999999,-22.246567585869478],[-56.7316618999999,-22.246387085869486],[-56.7320905999999,-22.246305485869453],[-56.7327615999999,-22.246323085869452],[-56.7333207999999,-22.246239285869517],[-56.7340128,-22.246275585869455],[-56.73487790000001,-22.246048685869543],[-56.7355092,-22.245922285869526],[-56.7360371,-22.2457333858694],[-56.7363273,-22.245565585869482],[-56.7364921,-22.24525308586944],[-56.7364808,-22.244880085869312],[-56.736314999999905,-22.24452018586937],[-56.736104,-22.244150785869266],[-56.7359567999999,-22.24379888586919],[-56.7360795,-22.243485085869164],[-56.7363334,-22.243372185869276],[-56.736463,-22.243552385869165],[-56.7366752999999,-22.243886585869248],[-56.7370424,-22.24419428586925],[-56.73752330000001,-22.244407885869315],[-56.73788660000001,-22.244702485869386],[-56.7383032,-22.24478458586931],[-56.7386208,-22.244677485869417],[-56.7391469999999,-22.24448318586927],[-56.7395357999999,-22.24416068586934],[-56.73972930000001,-22.244040085869248],[-56.73982773623393,-22.243855148157113],[-56.7399222999999,-22.243677485869206],[-56.7402453,-22.243003785869153],[-56.7404289,-22.242475885869126],[-56.7407645,-22.24176258586913],[-56.7410839,-22.241408385869086],[-56.7412962999999,-22.24131928586896],[-56.7416003,-22.241363085868997],[-56.7420222,-22.241449185869072],[-56.7426186,-22.241491185869],[-56.7432439999999,-22.241422785869084],[-56.7436923,-22.241397285869088],[-56.7441029,-22.241239185868988],[-56.7444679,-22.240836085869056],[-56.744821400000006,-22.24045488586902],[-56.7452279,-22.239859185868937],[-56.745605,-22.2393890858689],[-56.7458154999999,-22.23879618586886],[-56.7460849,-22.237969885868672],[-56.7463011999999,-22.237297485868687],[-56.74640859999991,-22.23673918586857],[-56.7465246,-22.23627418586859],[-56.746722,-22.23590338586845],[-56.7468817,-22.235666885868547],[-56.7471548999999,-22.23564408586844],[-56.74746160000001,-22.235846085868477],[-56.7478705,-22.236152985868465],[-56.7483956,-22.236357085868605],[-56.7490256,-22.23694608586866],[-56.7496446,-22.237593885868716],[-56.7502257,-22.23801728586876],[-56.7507509,-22.238501385868812],[-56.751406800000005,-22.23918588586878],[-56.7518165,-22.239857485868956],[-56.7521489,-22.24049348586901],[-56.7523346,-22.24120788586897],[-56.7524693,-22.241949085869074],[-56.7522986,-22.24240048586917],[-56.7521963,-22.242923485869248],[-56.75214040000001,-22.24337678586926],[-56.7519563,-22.24378388586932],[-56.7516697999999,-22.244046585869246],[-56.75138450000001,-22.244405785869347],[-56.7510399,-22.24470118586942],[-56.7508688,-22.244934385869435],[-56.75091,-22.245203385869466],[-56.7510541999999,-22.245695485869504],[-56.7511537,-22.24625278586955],[-56.7514384999999,-22.24663458586949],[-56.7518274,-22.246812985869624],[-56.7521548999999,-22.246865085869633],[-56.7524665999999,-22.246772885869508],[-56.7528222,-22.246643685869458],[-56.7531556,-22.24642948586956],[-56.7533936999999,-22.246378785869464],[-56.7536203999999,-22.246252285869534],[-56.753811,-22.246428585869495],[-56.75395,-22.24662918586961],[-56.7542491999999,-22.246628685869567],[-56.7545305,-22.246502885869493],[-56.7548267,-22.246145185869413],[-56.7551084,-22.2456792858694],[-56.7553503,-22.24528608586936],[-56.7557275999999,-22.24481178586941],[-56.7559929999999,-22.244303785869338],[-56.7563471,-22.243838085869232],[-56.7566828,-22.243395185869257],[-56.7569357,-22.242920385869127],[-56.7571374999999,-22.242467185869163],[-56.75738280000001,-22.242146985869024],[-56.7577156,-22.24205708586915],[-56.7581906999999,-22.24220008586908],[-56.75888339999991,-22.242254385869135],[-56.75981829999991,-22.242160885869033],[-56.7606213,-22.242159685869037],[-56.7614002999999,-22.24229428586918],[-56.7623138,-22.24233688586907],[-56.7630014,-22.242414785869094],[-56.7635518,-22.242695985869197],[-56.764156,-22.243059085869223],[-56.7648948,-22.243445385869194],[-56.7656813,-22.243744685869352],[-56.7661558,-22.24387918586929],[-56.7667091,-22.24400018586935],[-56.76706630000001,-22.244213885869375],[-56.7675715,-22.244959085869468],[-56.7678296999999,-22.24545538586952],[-56.7677613,-22.24591938586944],[-56.7674069999999,-22.246071585869423],[-56.7669531999999,-22.24586458586942],[-56.7665233,-22.245606285869474],[-56.7660619,-22.245298185869462],[-56.765679,-22.24514308586947],[-56.7649926999999,-22.245067885869446],[-56.7643396999999,-22.245412585869477],[-56.7640192,-22.245751685869497],[-56.7638975,-22.24634188586944],[-56.7637472,-22.246772385869498],[-56.7636022999999,-22.247321285869663],[-56.763406200000006,-22.2478145858697],[-56.763158,-22.248251285869635],[-56.7628316999999,-22.24861138586978],[-56.7625077,-22.248944385869823],[-56.7623373,-22.249179885869722],[-56.7623273,-22.249505485869737],[-56.7624221,-22.249873085869815],[-56.7625968999999,-22.250233985869965],[-56.7627487,-22.250696285869992],[-56.7627394,-22.251039985869916],[-56.7628073,-22.251496485870042],[-56.7630000999999,-22.251834785870095],[-56.76331900000001,-22.25208458586999],[-56.76365159999991,-22.25224868586999],[-56.7639578,-22.252021985870115],[-56.764277400000005,-22.251653485870072],[-56.7645254999999,-22.251367485870034],[-56.7646799,-22.250969185869902],[-56.7650844999999,-22.250995185870003],[-56.7656482,-22.251214085870025],[-56.7660734,-22.251490685870063],[-56.7663419,-22.251885585870074],[-56.76651,-22.252417285870056],[-56.7666437,-22.25263688587018],[-56.7670851,-22.252878685870073],[-56.7676537999999,-22.2530092858702],[-56.7681392,-22.253167185870204],[-56.7683775,-22.253381385870217],[-56.7684586,-22.253729685870262],[-56.7683843999999,-22.254208185870212],[-56.7683618,-22.254627685870364],[-56.7684743999999,-22.255040585870393],[-56.7688737999999,-22.255343685870425],[-56.7693983,-22.25554278587033],[-56.7699292999999,-22.255412185870394],[-56.770230700000006,-22.254973785870376],[-56.7704221,-22.254425185870343],[-56.7708476999999,-22.254083085870224],[-56.7712923999999,-22.25421418587034],[-56.7716543999999,-22.25439698587033],[-56.7720704,-22.254679185870263],[-56.772322,-22.255062385870314],[-56.7723324999999,-22.255625985870353],[-56.7725545,-22.256125385870497],[-56.7727987,-22.256518885870456],[-56.7729744,-22.256899385870568],[-56.7727283999999,-22.257179785870598],[-56.7723440999999,-22.257485985870627],[-56.7721296999999,-22.257735985870646],[-56.7721713999999,-22.258038385870673],[-56.7724664,-22.258416785870722],[-56.7730895,-22.258762185870747],[-56.7736805,-22.259158385870727],[-56.774509099999904,-22.25938918587072],[-56.7750862999999,-22.259620885870863],[-56.775523,-22.25998198587087],[-56.7760632,-22.26036428587078],[-56.7766559,-22.260488785870926],[-56.7771456,-22.260357285870914],[-56.7773693999999,-22.26012378587088],[-56.7773022,-22.259654985870885],[-56.7773979999999,-22.259181485870783],[-56.7776095,-22.258568085870603],[-56.7778177,-22.258136385870685],[-56.7781095,-22.257756385870547],[-56.778491,-22.257417185870597],[-56.7791225,-22.257191485870596],[-56.7802134999999,-22.257252885870642],[-56.7810484,-22.25748748587066],[-56.7820442,-22.257420285870587],[-56.7825945,-22.257530185870618],[-56.7832607,-22.257584185870545],[-56.7838139,-22.25739008587063],[-56.78420140000001,-22.25744318587063],[-56.7847225,-22.25732898587066],[-56.78528620000001,-22.257104385870477],[-56.7854708,-22.25699178587056],[-56.7860403999999,-22.256541585870416],[-56.786475900000006,-22.25611038587051],[-56.7864903,-22.255748385870476],[-56.7865763999999,-22.255190185870422],[-56.7864271,-22.255014985870375],[-56.7863897999999,-22.25466038587033],[-56.7866854,-22.25440948587031],[-56.787091599999904,-22.25425368587023],[-56.7876985,-22.25411788587029],[-56.7881128,-22.25389438587027],[-56.78833850000001,-22.25353628587025],[-56.7883434999999,-22.253062385870216],[-56.7881169,-22.25260568587005],[-56.7877784,-22.252236585870012],[-56.7874088999999,-22.251886785870067],[-56.787061400000006,-22.25153308587006],[-56.7865745,-22.251296285870065],[-56.7859218999999,-22.251180285869925],[-56.7853464,-22.25106288587003],[-56.7851428,-22.25064868586985],[-56.78504550000001,-22.25005418586992],[-56.7848916999999,-22.24945108586975],[-56.7845981,-22.249017685869827],[-56.7842457,-22.24860598586965],[-56.7839169,-22.248295085869735],[-56.7835032999999,-22.24806268586962],[-56.783143100000004,-22.247881385869714],[-56.7827832,-22.24780588586958],[-56.7826411999999,-22.24761998586959],[-56.7828868999999,-22.247428985869664],[-56.7834137,-22.247367285869682],[-56.7837211,-22.247632885869546],[-56.7841366,-22.247896785869667],[-56.784659,-22.24810708586972],[-56.7851233,-22.24829128586965],[-56.7858022,-22.24845108586975],[-56.7862359,-22.248553185869678],[-56.7865277999999,-22.248809085869794],[-56.7868660999999,-22.24921578586977],[-56.7872824,-22.24959228586987],[-56.7875938999999,-22.249792785869886],[-56.7879968,-22.24976578586989],[-56.7883727,-22.249739185869874],[-56.7885481,-22.249487485869786],[-56.7887876,-22.249129685869832],[-56.7889656,-22.248746485869784],[-56.7890331,-22.24844778586978],[-56.788857,-22.24832428586978],[-56.7885732999999,-22.248201285869644],[-56.7883085999999,-22.248027285869643],[-56.7881389,-22.24777528586959],[-56.7882709,-22.24738858586969],[-56.78860519999991,-22.247049785869617],[-56.7890125,-22.246812785869512],[-56.7894292,-22.246390685869446],[-56.7897391,-22.245939485869513],[-56.7900177,-22.24540368586935],[-56.7901782,-22.245051485869336],[-56.7899826,-22.244804885869414],[-56.789431,-22.244693385869404],[-56.7888493999999,-22.24458208586926],[-56.7883883,-22.244304785869343],[-56.7879773,-22.244022285869352],[-56.7874237,-22.243940285869314],[-56.7867808999999,-22.2436589858693],[-56.7864054999999,-22.243286285869246],[-56.78619889999991,-22.242731585869215],[-56.7859038999999,-22.242349385869186],[-56.78568,-22.24205308586917],[-56.7855021999999,-22.2416675858691],[-56.78573750000001,-22.241302585869107],[-56.7861467,-22.241085685868974],[-56.7867285,-22.241441885869037],[-56.7872891,-22.241649785869036],[-56.7876768,-22.24169408586911],[-56.7883717999999,-22.241773485869146],[-56.7888207,-22.241881185869165],[-56.7890594,-22.241938485869007],[-56.7900552999999,-22.241982985869022],[-56.7910266,-22.24203508586916],[-56.7918625,-22.242186085869186],[-56.7928133,-22.242341785869154],[-56.7936369,-22.242559885869063],[-56.795093,-22.243344385869264],[-56.7963177999999,-22.24420848586938],[-56.797741,-22.245176985869453],[-56.799338,-22.24663608586952],[-56.8005353999999,-22.24766298586958],[-56.8014656,-22.248513385869785],[-56.8019672999999,-22.24903028586981],[-56.8022392999999,-22.249397185869828],[-56.8025598,-22.249896685869924],[-56.8030654,-22.250624785869952],[-56.8036235,-22.251414585870055],[-56.8040789999999,-22.252123785870026],[-56.8043726,-22.252822485870194],[-56.8045446,-22.253312185870215],[-56.8045243999999,-22.254115885870235],[-56.804471,-22.255058185870382],[-56.8047792,-22.255764285870438],[-56.8050853999999,-22.256312385870554],[-56.805561,-22.25685468587056],[-56.8058748,-22.257594985870643],[-56.8059178,-22.25861798587071],[-56.806023799999906,-22.259926585870865],[-56.80577600000001,-22.261081785870875],[-56.8053212999999,-22.262174885870976],[-56.80471850000001,-22.263309885871188],[-56.8042149999999,-22.264243785871255],[-56.8038018,-22.26517658587136],[-56.8035788999999,-22.26606018587143],[-56.8035930999999,-22.266716985871547],[-56.803700400000004,-22.266913485871452],[-56.8047104,-22.267633085871605],[-56.8056410999999,-22.26834218587155],[-56.806586,-22.268835485871726],[-56.8073649,-22.26943278587165],[-56.8079154,-22.270253085871754],[-56.8080904999999,-22.27103488587197],[-56.8079028999999,-22.27173518587204],[-56.8072718,-22.272524185872097],[-56.8062176,-22.27365708587222],[-56.8054197,-22.274523585872284],[-56.8051442,-22.2750164858722],[-56.8047582,-22.275529585872384],[-56.8045809,-22.276174585872372],[-56.80431409999991,-22.27659188587248],[-56.80391626967126,-22.27697716608983],[-56.8038291,-22.277061585872524],[-56.8036041999999,-22.277627285872505],[-56.8036658999999,-22.278316685872532],[-56.80367770000001,-22.27909798587274],[-56.8036001,-22.27966398587282],[-56.8032954999999,-22.27999498587275],[-56.8028015,-22.28027248587281],[-56.802286,-22.280549285872855],[-56.8017738,-22.28080018587277],[-56.801507,-22.2810263858729],[-56.8013308,-22.28123738587292],[-56.8014178,-22.281562885872983],[-56.8018893,-22.282117685873043],[-56.8022425999999,-22.282690485872973],[-56.8026856,-22.28350448587308],[-56.8031460999999,-22.283917985873213],[-56.8039838999999,-22.284268685873148],[-56.8047146,-22.284507585873136],[-56.8055153,-22.284446585873244],[-56.8065559,-22.284273085873252],[-56.80659908889239,-22.2842738851279],[-56.8075934,-22.28429228587317],[-56.8080947999999,-22.284935385873172],[-56.80848530000001,-22.286012185873407],[-56.8087877999999,-22.286660485873483],[-56.8093812,-22.287012085873524],[-56.8099630999999,-22.286878685873386],[-56.8103247999999,-22.28657178587332],[-56.8107242,-22.286416285873376],[-56.811519700000005,-22.286615785873337],[-56.8123664,-22.286889485873488],[-56.8133701,-22.28736088587353],[-56.8141469999999,-22.287653685873572],[-56.8151003999999,-22.28813938587359],[-56.8157115,-22.288316885873513],[-56.8165969,-22.28838368587356],[-56.8175472999999,-22.28796928587347],[-56.8182889,-22.287504585873556],[-56.8189168,-22.287035385873505],[-56.8194635999999,-22.286729385873475],[-56.8200505999999,-22.286720385873494],[-56.820395,-22.28711468587349],[-56.8206475,-22.2879259858736],[-56.8213168,-22.28840948587353],[-56.8220987,-22.28884478587356],[-56.8226017,-22.28931248587366],[-56.823066000000004,-22.28989648587366],[-56.8233420999999,-22.29062488587385],[-56.8235792,-22.29146008587384],[-56.8238459999999,-22.29212828587391],[-56.824257900000006,-22.292586685874067],[-56.8244635,-22.29309578587398],[-56.8247077,-22.293926585874193],[-56.8249208999999,-22.294685885874184],[-56.8253301,-22.29531968587424],[-56.825822,-22.29581288587425],[-56.8263195,-22.296119885874408],[-56.8272592,-22.29621988587441],[-56.8282093999999,-22.29618978587438],[-56.8290709,-22.29628438587433],[-56.8300108,-22.296331085874417],[-56.8306451,-22.296353985874457],[-56.8316005999999,-22.296712785874483],[-56.8323697,-22.297297785874537],[-56.83311520000001,-22.2981388858746],[-56.8340679999999,-22.298930485874656],[-56.83493320000001,-22.299473685874737],[-56.8355817999999,-22.299686385874644],[-56.8362600999999,-22.299908885874675],[-56.836987,-22.300278785874706],[-56.8377617,-22.300698585874883],[-56.8391561,-22.30124008587494],[-56.8404944,-22.30131118587482],[-56.8414414,-22.30146298587493],[-56.8423859,-22.30158778587484],[-56.8432127,-22.301453785874823],[-56.8439632,-22.301054185874868],[-56.84461590000001,-22.30033158587474],[-56.8450473999999,-22.299668385874735],[-56.8457152999999,-22.298828785874683],[-56.8462330999999,-22.298308585874505],[-56.8470144,-22.29743198587453],[-56.8477176,-22.296581485874338],[-56.84827860000001,-22.296073585874336],[-56.8491595,-22.295457085874336],[-56.8498165999999,-22.29485578587419],[-56.8506378,-22.294012285874185],[-56.8515029,-22.29294508587398],[-56.8520636,-22.29219018587394],[-56.8524714,-22.29161508587385],[-56.8527723,-22.291025485873813],[-56.8534789,-22.29060218587386],[-56.8543371,-22.290060285873736],[-56.8550011,-22.289770285873686],[-56.8557605,-22.289358885873717],[-56.8563477,-22.289093785873614],[-56.8570728999999,-22.28911628587363],[-56.8576957,-22.289455885873753],[-56.8580777999999,-22.289881485873764],[-56.8583265999999,-22.290480785873843],[-56.8585313999999,-22.291212885873797],[-56.8588728999999,-22.291877285873998],[-56.859177100000004,-22.292256185873928],[-56.8596335,-22.29246538587405],[-56.8601664999999,-22.29238198587402],[-56.8606986999999,-22.292053785874035],[-56.8612467999999,-22.29163828587386],[-56.8618212,-22.29127518587393],[-56.8625206999999,-22.29105158587378],[-56.8632038,-22.290770085873877],[-56.863752,-22.29051078587374],[-56.8642778,-22.290248185873825],[-56.8648570999999,-22.289912785873756],[-56.8656543,-22.289458685873747],[-56.8665156,-22.28895258587368],[-56.8672812999999,-22.288410985873533],[-56.867645200000005,-22.287993085873502],[-56.8677686999999,-22.287465885873523],[-56.8677901999999,-22.28666068587345],[-56.867606,-22.286197985873404],[-56.8674225999999,-22.285562685873384],[-56.8673515999999,-22.28480478587328],[-56.867476,-22.284290985873135],[-56.8677729999999,-22.28393908587311],[-56.8684211999999,-22.28358278587318],[-56.869167699999906,-22.283105085873007],[-56.87004890000001,-22.282444385873053],[-56.8711809,-22.281933285872913],[-56.8722681,-22.28136598587283],[-56.8735048999999,-22.2806887858729],[-56.8751407999999,-22.279873685872694],[-56.8760908,-22.279375185872677],[-56.876798,-22.279139885872763],[-56.8774448,-22.278964985872708],[-56.8780709,-22.278661385872677],[-56.87925640000001,-22.27812538587265],[-56.8798581999999,-22.277703685872567],[-56.8802161,-22.277012685872407],[-56.8805753,-22.276354485872474],[-56.88077220000001,-22.275574485872312],[-56.8805399,-22.274712685872277],[-56.8800881,-22.27400218587213],[-56.87971170000001,-22.273605285872105],[-56.8791687,-22.27280498587205],[-56.8787015999999,-22.272282085871982],[-56.8782818,-22.27138638587195],[-56.8778531,-22.27065098587179],[-56.8773778,-22.269827785871826],[-56.8771181,-22.269246185871637],[-56.8767702,-22.268572685871604],[-56.8765513,-22.268065985871637],[-56.87628670000001,-22.267556585871585],[-56.8760664,-22.26682688587153],[-56.8757545,-22.26626288587148],[-56.8756662,-22.265473285871273],[-56.8754860999999,-22.264900285871327],[-56.8753955,-22.264234985871173],[-56.8753500999999,-22.26351588587121],[-56.8755791999999,-22.26283748587102],[-56.8759937,-22.26215508587107],[-56.8763643,-22.261561485871034],[-56.8769675,-22.26092548587083],[-56.877574,-22.260285885870797],[-56.8778586,-22.259730885870834],[-56.8780518999999,-22.259171285870718],[-56.8783852999999,-22.258701785870752],[-56.8787695999999,-22.258263485870593],[-56.87914850000001,-22.25798328587067],[-56.8794839,-22.257693585870644],[-56.87977660000001,-22.25725938587064],[-56.8798975,-22.256893585870564],[-56.8796738999999,-22.25628178587049],[-56.8794058,-22.25574858587037],[-56.8791343999999,-22.255087185870284],[-56.8789490999999,-22.25441998587031],[-56.8788503,-22.253704185870262],[-56.8788824,-22.25285438587011],[-56.8790983,-22.25233918587003],[-56.8794045,-22.251777085870042],[-56.8796703,-22.25147228586996],[-56.8799403,-22.25155718587007],[-56.880389299999905,-22.251640785870084],[-56.8805217,-22.251250485870028],[-56.8809242,-22.250639885869976],[-56.8815104,-22.250020485869808],[-56.8821475,-22.249215085869857],[-56.8828372999999,-22.248095185869733],[-56.883484100000004,-22.247416985869588],[-56.8844099999999,-22.24695268586959],[-56.8858465,-22.246315985869543],[-56.8869687,-22.24593048586942],[-56.8882467,-22.245305985869468],[-56.8890809,-22.245302985869483],[-56.8895108999999,-22.24599938586953],[-56.8902874999999,-22.24701068586961],[-56.8915016999999,-22.24762538586956],[-56.8928051999999,-22.248105685869632],[-56.893813800000004,-22.248640485869764],[-56.8953142,-22.24913438586972],[-56.8963474,-22.249682785869894],[-56.8973746,-22.250270785869944],[-56.8983514999999,-22.251036485869882],[-56.8991346,-22.251438185869954],[-56.8998688,-22.251926985870078],[-56.9005536,-22.252592585870186],[-56.9011874,-22.253430785870147],[-56.9016346,-22.254348885870357],[-56.9020343999999,-22.255124585870306],[-56.9024752999999,-22.25593628587046],[-56.90282280000001,-22.256784485870533],[-56.9029867,-22.25787898587057],[-56.9031492999999,-22.258797385870654],[-56.903181,-22.259543285870823],[-56.9028658999999,-22.260161885870897],[-56.9025556999999,-22.260652385870927],[-56.9020737,-22.261221385870996],[-56.9016814,-22.26170628587101],[-56.9014627,-22.26242598587101],[-56.9015886999999,-22.263137585871057],[-56.9018396,-22.263922785871152],[-56.9021296999999,-22.264738885871225],[-56.902629100000006,-22.26546818587128],[-56.9030457,-22.265962785871427],[-56.9035851,-22.266339485871512],[-56.9044527,-22.266597385871545],[-56.905539599999905,-22.26662728587152],[-56.9064281,-22.266394085871507],[-56.9075012,-22.265892585871423],[-56.908287800000004,-22.265389485871385],[-56.9091336,-22.264650285871326],[-56.9095879,-22.26395438587118],[-56.9100089,-22.263291185871203],[-56.9104692999999,-22.262433485871007],[-56.910907,-22.26175608587103],[-56.9111417999999,-22.261112685870977],[-56.9114218999999,-22.2604640858709],[-56.911623,-22.25988808587085],[-56.9117146,-22.25950208587084],[-56.9119347,-22.259113485870778],[-56.9126893,-22.258952985870764],[-56.9137598,-22.258984585870778],[-56.9147465999999,-22.25905558587077],[-56.9157744999999,-22.259126085870683],[-56.9168778,-22.259195085870708],[-56.9179311,-22.25914788587078],[-56.91872629999991,-22.25894768587076],[-56.91909090000001,-22.25855538587074],[-56.9192889999999,-22.258163185870693],[-56.9190968999999,-22.25765388587065],[-56.9185796,-22.257540185870557],[-56.9178161999999,-22.257742185870548],[-56.9170927,-22.257864785870595],[-56.9164101,-22.25787038587059],[-56.9157544,-22.25763898587063],[-56.91529880000001,-22.2572465858706],[-56.9152915999999,-22.256568185870456],[-56.9153764,-22.255924385870475],[-56.9157352999999,-22.255397585870416],[-56.9164594,-22.254992085870377],[-56.9171815999999,-22.254543485870347],[-56.9177023,-22.254538185870338],[-56.9180362,-22.25510628587041],[-56.9184008999999,-22.25546788587036],[-56.9188818,-22.255584685870378],[-56.919699,-22.25549578587032],[-56.9205621999999,-22.25540768587042],[-56.9218127999999,-22.255115485870274],[-56.9228041,-22.254742285870343],[-56.9236235,-22.25428648587033],[-56.924402400000005,-22.25374588587029],[-56.92509649999991,-22.25299428587021],[-56.92563376294235,-22.25232927042229],[-56.9257084,-22.252236885870133],[-56.9260154999999,-22.251602085870072],[-56.9260578999999,-22.251006885869902],[-56.9263238,-22.250320085869934],[-56.9268158,-22.249886085869903],[-56.9276649999999,-22.250139485869813],[-56.9283748999999,-22.250650185869873],[-56.9286362999999,-22.25116028587002],[-56.9289376999999,-22.25191878586999],[-56.929144300000004,-22.25296328587018],[-56.9296988999999,-22.253952085870175],[-56.9302633999999,-22.254153385870275],[-56.931227,-22.254104085870214],[-56.932018,-22.254094685870214],[-56.9327122999999,-22.25425368587023],[-56.9336125999999,-22.254378585870217],[-56.9342558,-22.254420485870313],[-56.9348158,-22.254231785870328],[-56.9357131,-22.253949085870197],[-56.9365769,-22.253982585870297],[-56.9378240999999,-22.254243685870346],[-56.939038,-22.254472385870237],[-56.9400409,-22.254862885870363],[-56.9414245999999,-22.25520878587034],[-56.9427618,-22.255594485870454],[-56.9440493,-22.255937985870506],[-56.9450755,-22.256166285870485],[-56.9460989999999,-22.256237485870408],[-56.94721090000001,-22.25611108587043],[-56.9478569,-22.255674985870368],[-56.9486381,-22.25519468587032],[-56.9492552999999,-22.254553385870334],[-56.9496626,-22.253749485870248],[-56.9500768,-22.252816385870155],[-56.9505784999999,-22.2520366858701],[-56.9513014999999,-22.251371185869957],[-56.9522036,-22.250862585869886],[-56.9530582,-22.250479685869916],[-56.9538221,-22.250060185869938],[-56.9542968,-22.249424385869872],[-56.95456,-22.248656685869804],[-56.954743,-22.24767148586967],[-56.95487630000001,-22.246806585869596],[-56.9550661,-22.246367285869585],[-56.9556211,-22.24582608586938],[-56.9562708999999,-22.245282185869435],[-56.95682970000001,-22.244652385869337],[-56.9570572,-22.243725985869315],[-56.9571486999999,-22.242748085869234],[-56.9570629999999,-22.241761885869153],[-56.9570479,-22.241028885868975],[-56.9569549999999,-22.240463885868976],[-56.9570464,-22.23993808586896],[-56.9573078999999,-22.23935648586879],[-56.9577935999999,-22.2387226858688],[-56.9583405,-22.23821898586876],[-56.9590972999999,-22.237983985868787],[-56.9600373,-22.238251685868796],[-56.9607763,-22.23896728586884],[-56.9619623999999,-22.239673085868844],[-56.9635326,-22.240189685868966],[-56.9650374999999,-22.240442185868982],[-56.9662223,-22.24069648586902],[-56.967451599999904,-22.240997585869053],[-56.9686657,-22.24094508586903],[-56.9698754,-22.240708585868948],[-56.97086530000001,-22.240561385868904],[-56.9716787,-22.240593585869014],[-56.9724022999999,-22.24081168586896],[-56.9724940999999,-22.241249885869063],[-56.9722265999999,-22.241639785869136],[-56.9716468,-22.242076185869067],[-56.9713386999999,-22.242559885869063],[-56.971258500000005,-22.243369085869162],[-56.9713553999999,-22.24412798586923],[-56.9718003,-22.244417985869262],[-56.9726396,-22.244411385869277],[-56.9732141,-22.244531785869302],[-56.974363,-22.244437885869388],[-56.9752951,-22.244175685869344],[-56.9760098,-22.243871485869324],[-56.976546,-22.24357418586932],[-56.9770827,-22.243318685869266],[-56.9777482,-22.243315685869266],[-56.9787693,-22.243268785869276],[-56.979882,-22.243258685869247],[-56.9808704,-22.243078085869154],[-56.9816762,-22.242986285869126],[-56.9831138,-22.24262678586923],[-56.9848228,-22.2426071858692],[-56.9865364999999,-22.242952485869136],[-56.9874526,-22.24263778586921],[-56.9881626,-22.24165628586901],[-56.9891929999999,-22.240062785868968],[-56.9895078,-22.239024985868863],[-56.9900205,-22.238045785868753],[-56.9910654999999,-22.237547185868618],[-56.9922425999999,-22.237107785868584],[-56.9923635,-22.236315585868578],[-56.9911658999999,-22.23523438586851],[-56.9905613999999,-22.2342679858683],[-56.9898223,-22.233059785868285],[-56.9893385999999,-22.231301185868105],[-56.9889952999999,-22.230210085868],[-56.9891729,-22.228747985867788],[-56.9899459,-22.227583285867695],[-56.9909144,-22.22629468586765],[-56.9921441,-22.224881385867526],[-56.9935191,-22.224500685867476],[-56.9949581,-22.223997585867437],[-56.995604500000006,-22.22319928586734],[-56.99671249999991,-22.222517385867317],[-56.9985546999999,-22.222678685867308],[-57.00000429999991,-22.222966285867212],[-57.0007378,-22.223748685867317],[-57.0007525,-22.22484358586741],[-57.0011812,-22.227393685867632],[-57.00225460000001,-22.229023785867795],[-57.0034578,-22.230530685868036],[-57.0053164,-22.231908285868105],[-57.0069672,-22.232497485868247],[-57.00862140000001,-22.233329985868316],[-57.0094213,-22.234172385868373],[-57.00936549999991,-22.234902985868455],[-57.009772100000006,-22.235810685868433],[-57.010825,-22.235920185868544],[-57.0123255999999,-22.2351119858685],[-57.0135665999999,-22.234550085868428],[-57.0150647,-22.233559385868258],[-57.0162975,-22.23238928586825],[-57.017734,-22.23170338586818],[-57.0187796,-22.231265385868003],[-57.0201825999999,-22.23295228586826],[-57.0206575,-22.23404168586836],[-57.0200151999999,-22.235144185868503],[-57.0203569999999,-22.236113485868472],[-57.0220047999999,-22.236459285868644],[-57.023766,-22.236318185868633],[-57.0262465,-22.23507258586849],[-57.0289405999999,-22.235041185868454],[-57.0310291,-22.23398258586827],[-57.0330078,-22.234506885868313],[-57.0357791,-22.235326085868518],[-57.03703920000001,-22.236162885868588],[-57.0392133999999,-22.236563085868667],[-57.0406573,-22.236424485868497],[-57.041905948018965,-22.23709807082274],[-57.0423125,-22.237317385868625],[-57.042993,-22.23901258586885],[-57.0425564999999,-22.24072098586906],[-57.0427071,-22.24211828586914],[-57.0444239999999,-22.242706385869223],[-57.0465167,-22.241951685869125],[-57.047679300000006,-22.240478085869],[-57.0484427,-22.238644085868703],[-57.0486189,-22.237121185868578],[-57.04820110000001,-22.235422885868427],[-57.0481836,-22.23414558586838],[-57.048203786123175,-22.233609247710003],[-57.0482317,-22.23286758586826],[-57.048878699999904,-22.232129885868208],[-57.04969140000001,-22.232012585868194],[-57.049797,-22.231997285868065],[-57.0508448089641,-22.232146196203097],[-57.0513774,-22.232221885868213],[-57.0532797,-22.23195588586806],[-57.05444198978616,-22.231282010446975],[-57.0547794,-22.2310863858681],[-57.0567392,-22.23021128586803],[-57.0580452,-22.229587285867865],[-57.0594885,-22.229387485867925],[-57.0604263,-22.230653885867948],[-57.0603849,-22.232418685868247],[-57.05998988845234,-22.234135056431256],[-57.0596408,-22.235651885868467],[-57.0588614,-22.23897428586874],[-57.0587828,-22.239308985868806],[-57.0590147999999,-22.241800485869152],[-57.060872,-22.24299518586916],[-57.0631832999999,-22.243758585869344],[-57.0643674999999,-22.24383568586933],[-57.0655518,-22.243912885869225],[-57.0673176,-22.243283485869274],[-57.0693454999999,-22.242590085869214],[-57.0709386999999,-22.24372688586933],[-57.071881699999906,-22.245358085869466],[-57.0730131999999,-22.246378685869534],[-57.0744622999999,-22.24660458586958],[-57.0758961,-22.245735785869474],[-57.0774620999999,-22.244926185869396],[-57.0793054,-22.245147385869444],[-57.079915500000006,-22.246478385869484],[-57.079543400000006,-22.248064385869707],[-57.0794981999999,-22.249524885869867],[-57.0813568999999,-22.25084078586989],[-57.0828076999999,-22.251188285869993],[-57.0841177,-22.25086838586988],[-57.0856103,-22.249512185869865],[-57.0862519999999,-22.248409485869768],[-57.08621145707825,-22.247619682876614],[-57.0861614999999,-22.246646485869515],[-57.0864055,-22.24530528586937],[-57.0873672,-22.24359048586928],[-57.08860120000001,-22.24254138586906],[-57.0894383,-22.241314685869074],[-57.0906911,-22.241603685868995],[-57.0915641999999,-22.24293138586926],[-57.091653900000004,-22.244633585869277],[-57.0919443,-22.246576685869492],[-57.0926254999999,-22.24827178586964],[-57.093691500000006,-22.24929298586983],[-57.0948779,-22.24952198586986],[-57.0961154,-22.248716185869693],[-57.09702430000001,-22.24791438586968],[-57.0982038,-22.247656785869673],[-57.099851199999904,-22.24794098586968],[-57.1009806,-22.248778885869694],[-57.1022907999999,-22.24845888586963],[-57.1032594,-22.247230385869656],[-57.1040897,-22.24551688586935],[-57.1044196999999,-22.243988585869367],[-57.1050623,-22.242946385869136],[-57.1074922999999,-22.24279488586923],[-57.109720700000004,-22.24234168586907],[-57.1118132,-22.24158598586899],[-57.1123216,-22.240362985868895],[-57.1117,-22.238241385868662],[-57.1099655,-22.236437585868522],[-57.10928510000001,-22.23480338586844],[-57.1091269,-22.232919485868265],[-57.1086453,-22.23140458586812],[-57.107313,-22.230143385868004],[-57.1059875,-22.22936868586793],[-57.1050546,-22.228467585867765],[-57.1043862,-22.227684885867713],[-57.1043749999999,-22.22689418586763],[-57.1061569999999,-22.227419985867648],[-57.1077971,-22.227217485867616],[-57.1089054999999,-22.22659568586769],[-57.1098772,-22.2256105858676],[-57.1111248,-22.225534485867595],[-57.1147776,-22.228227285867835],[-57.11762540000001,-22.229773985867986],[-57.119408899999904,-22.230421285867916],[-57.1221606,-22.229840085867895],[-57.1237874999999,-22.228725185867777],[-57.1252812,-22.227490185867776],[-57.1273154,-22.227282685867635],[-57.1294836,-22.227255985867743],[-57.1319041,-22.22649618586757],[-57.1336055,-22.225988485867653],[-57.1363038,-22.22625928586766],[-57.138616,-22.22708228586764],[-57.1400783,-22.228220085867715],[-57.1410815999999,-22.229424285867832],[-57.1429525,-22.231031185868098],[-57.1441718999999,-22.23135058586806],[-57.1460924,-22.232270385868112],[-57.1471921999999,-22.233413685868307],[-57.1484636,-22.23383618586828],[-57.1494829,-22.233275485868226],[-57.1509338,-22.232044285868096],[-57.1524704,-22.231024885868134],[-57.1538676,-22.23050478586797],[-57.1553117999999,-22.229644985867843],[-57.1556009999999,-22.228284085867724],[-57.155652,-22.22691338586762],[-57.1571324,-22.22632028586755],[-57.1586066,-22.22693388586762],[-57.159139099999905,-22.228239985867837],[-57.159532,-22.23071368586807],[-57.16025640000001,-22.232701285868295],[-57.161929,-22.233339785868345],[-57.1640472,-22.233203585868317],[-57.1659751,-22.232077885868232],[-57.1661915999999,-22.23068618586809],[-57.1659281999999,-22.229004785867804],[-57.1660350999999,-22.22815368586783],[-57.1671107,-22.22779888586782],[-57.1698744999999,-22.229068185867924],[-57.1705314,-22.22979178586787],[-57.1704713,-22.23113398586803],[-57.1693488999999,-22.23258738586818],[-57.1688215999999,-22.233362985868247],[-57.1692955,-22.23412198586839],[-57.1701763,-22.234001885868366],[-57.1721755999999,-22.233703785868258],[-57.173471400000004,-22.23355078586825],[-57.1747673,-22.233397685868336],[-57.1764213,-22.233102885868224],[-57.1776149999999,-22.232483185868137],[-57.1787813999999,-22.23296328586817],[-57.1795642,-22.23426468586841],[-57.1798762,-22.235452285868543],[-57.1814391,-22.23580948586852],[-57.182701800000004,-22.236276785868522],[-57.1839201,-22.236368585868505],[-57.184155,-22.235128185868486],[-57.1843909,-22.23381818586837],[-57.1844088,-22.23214658586821],[-57.1839065999999,-22.230357785868037],[-57.1841904,-22.22931788586798],[-57.1853978999999,-22.228258485867816],[-57.1867725,-22.228083785867856],[-57.187849,-22.227649785867694],[-57.1886072999999,-22.226424685867585],[-57.1894705999999,-22.224704985867533],[-57.1907196,-22.22366458586728],[-57.1922787999999,-22.222885185867337],[-57.1931324,-22.2217820858671],[-57.1929764,-22.220240685867093],[-57.1917021,-22.21919998586691],[-57.1903907,-22.219104885866887],[-57.1897165,-22.218553685866965],[-57.190029099999904,-22.217253785866813],[-57.1907725999999,-22.216165085866685],[-57.191901,-22.2156938858667],[-57.193445600000004,-22.214813785866475],[-57.1940987,-22.214286685866416],[-57.1945042999999,-22.21335478586634],[-57.1947886,-22.212301485866355],[-57.19606170000001,-22.211933685866292],[-57.1973432999999,-22.212151885866305],[-57.1990486,-22.212364185866353],[-57.2003875,-22.2117023858663],[-57.2014275999999,-22.21086448586622],[-57.2022215,-22.2109723858661],[-57.2032521,-22.21172448586621],[-57.2034189999999,-22.213124685866454],[-57.203522,-22.214685285866466],[-57.2032662,-22.216005885866704],[-57.2035549999999,-22.216968285866788],[-57.204086,-22.21752678586683],[-57.2047350999999,-22.218025385866763],[-57.2057414,-22.21840548586691],[-57.206382,-22.219068585866957],[-57.2067155,-22.220065385867077],[-57.2075894,-22.220607285867118],[-57.2087025,-22.220923885867048],[-57.209783899999906,-22.220358085867005],[-57.2102945999999,-22.2192970858669],[-57.2099651,-22.218519385866813],[-57.2094491999999,-22.217908685866853],[-57.2086322,-22.21729918586683],[-57.2080529999999,-22.216627185866667],[-57.2075209,-22.216349985866685],[-57.2072908,-22.215954285866687],[-57.2069986,-22.21561548586666],[-57.2069559,-22.214871185866503],[-57.2072744,-22.214176085866512],[-57.20819370000001,-22.21370178586648],[-57.2092102,-22.21409348586641],[-57.2099064999999,-22.214948085866613],[-57.2105203,-22.216311385866618],[-57.2110772999999,-22.2174370858667],[-57.2117625,-22.218215985866802],[-57.2125252,-22.218486485866904],[-57.2133691,-22.218251385866797],[-57.214260700000004,-22.218077985866778],[-57.214824300000004,-22.21854828586693],[-57.214731,-22.219913685866963],[-57.2151324,-22.221610885867193],[-57.2144928,-22.222897485867236],[-57.2138674,-22.224516585867477],[-57.2127101,-22.226124785867604],[-57.2116495,-22.226646885867602],[-57.2104462999999,-22.226436485867655],[-57.2090805,-22.226679685867687],[-57.2082741999999,-22.22736518586776],[-57.208559,-22.22842418586777],[-57.2098784999999,-22.22874128586787],[-57.211468800000006,-22.228386985867772],[-57.2129312,-22.227585985867762],[-57.2143457999999,-22.226950285867595],[-57.2151835,-22.227051985867714],[-57.2156777,-22.227942385867813],[-57.2161143,-22.229105385867896],[-57.215836820122306,-22.22967674437566],[-57.2156016,-22.230161085867998],[-57.2152791,-22.231697285868144],[-57.21529910000001,-22.232673385868296],[-57.21584569999991,-22.233743285868325],[-57.2168475999999,-22.234479385868323],[-57.2170939,-22.2354334858684],[-57.2172821,-22.23648698586862],[-57.2170075999999,-22.23743408586874],[-57.2171398,-22.23862878586884],[-57.2174942,-22.239450485868883],[-57.2175612999999,-22.240219885868868],[-57.2179697999999,-22.24108228586904],[-57.2192031,-22.241159585868953],[-57.2204947,-22.241431485869104],[-57.2229920999999,-22.242604785869204],[-57.2246021,-22.243325185869303],[-57.2264084,-22.2434156858693],[-57.2276912999999,-22.243852985869207],[-57.2283889,-22.244634785869405],[-57.230901100000004,-22.246171085869555],[-57.2323091,-22.24731828586965],[-57.2334683,-22.24840448586967],[-57.2346757,-22.249427085869744],[-57.2355603999999,-22.249578885869905],[-57.2362156999999,-22.25000478586983],[-57.2368777,-22.25086108587],[-57.23776120000001,-22.251280085870064],[-57.2397412999999,-22.250985485870018],[-57.2424260999999,-22.25030318586997],[-57.245897399999905,-22.24857168586975],[-57.2484641,-22.24677628586961],[-57.2499986999999,-22.244635485869427],[-57.25008400323307,-22.244455025640693],[-57.2508869,-22.242756485869126],[-57.2509291,-22.241267485869002],[-57.2519184999999,-22.240504585869008],[-57.2534719,-22.2393811858689],[-57.2543454999999,-22.238785785868846],[-57.2551715,-22.23795348586863],[-57.2561057999999,-22.237528785868733],[-57.25699960000001,-22.237988185868787],[-57.2578025999999,-22.238973985868782],[-57.2594754,-22.239476685868908],[-57.2609921,-22.239390885868776],[-57.2632301,-22.23905798586878],[-57.26514180000001,-22.23806758586876],[-57.2673376,-22.237732385868718],[-57.2692201999999,-22.237809685868783],[-57.2704357,-22.237128285868597],[-57.2713800999999,-22.23546448586852],[-57.2713606999999,-22.233898585868353],[-57.2706398999999,-22.232217885868213],[-57.2699448,-22.23116028586803],[-57.27058290000001,-22.229968985868002],[-57.27184379999991,-22.229411385867888],[-57.27367900000001,-22.229874185867995],[-57.2744814,-22.23099328586812],[-57.2747768,-22.232693685868266],[-57.2747732999999,-22.234168185868306],[-57.2750394,-22.235156385868418],[-57.2760367,-22.235817685868476],[-57.2777442,-22.235432285868537],[-57.2786935,-22.23432568586831],[-57.2790148,-22.23321868586832],[-57.2777564,-22.23148478586815],[-57.2771945,-22.230097485867898],[-57.2771688999999,-22.229178385867947],[-57.278204,-22.228348485867883],[-57.2798294,-22.22723138586764],[-57.2812268,-22.225831385867508],[-57.2828828,-22.225308785867472],[-57.2846638,-22.22500628586753],[-57.2859756999999,-22.223642685867397],[-57.2865193,-22.22239028586727],[-57.286888,-22.220957385867177],[-57.2883927999999,-22.22110938586706],[-57.289339,-22.222295885867158],[-57.2894929999999,-22.223989785867417],[-57.29102970000001,-22.22464208586749],[-57.292467799999905,-22.22423078586736],[-57.2927359,-22.223100985867227],[-57.2923469,-22.22191418586724],[-57.2917672999999,-22.221007085867146],[-57.2915427999999,-22.220262485866986],[-57.2915594,-22.219510885866914],[-57.292547500000005,-22.218742385866836],[-57.2936352999999,-22.218902485866934],[-57.294919299999904,-22.218594085866926],[-57.2959931999999,-22.219103385866898],[-57.2964332999999,-22.22025468586697],[-57.2967039,-22.221438285867084],[-57.297868199999996,-22.22194548586717],[-57.2993268,-22.22221558586724],[-57.301199399999994,-22.22190098586713],[-57.3025368,-22.222692385867308],[-57.3039277,-22.223993785867467],[-57.3044085,-22.225068785867514],[-57.30416960000001,-22.22653888586765],[-57.3035174999999,-22.227777285867806],[-57.30375759999999,-22.229158785867824],[-57.30511319999991,-22.230184085868025],[-57.3064067,-22.230330885868057],[-57.30735,-22.230099385868023],[-57.30777260000001,-22.229215185867865],[-57.30826679999999,-22.22822668586772],[-57.3095031,-22.22780648586769],[-57.31045769999999,-22.228427585867863],[-57.310956,-22.22945218586795],[-57.3106377999999,-22.230820185868076],[-57.3106033,-22.231947385868217],[-57.3112692,-22.232889285868282],[-57.3123502,-22.233041885868175],[-57.313928099999906,-22.232630485868242],[-57.3147843,-22.23300928586822],[-57.3148422,-22.233951985868263],[-57.3150899,-22.235105585868386],[-57.3158021,-22.236189185868586],[-57.316712799999905,-22.236720385868647],[-57.3178483999999,-22.23713828586869],[-57.318106999999905,-22.237620685868738],[-57.3177817,-22.238109285868777],[-57.31704999999991,-22.238601585868825],[-57.31545890000001,-22.239263885868873],[-57.314744000000005,-22.23991138586898],[-57.314284199999996,-22.240868985869035],[-57.3148831999999,-22.24211958586913],[-57.3167581,-22.242719385869098],[-57.318065600000004,-22.243582485869226],[-57.31909970000001,-22.244853585869325],[-57.3201582999999,-22.245604685869363],[-57.3213946,-22.245282385869462],[-57.322647,-22.243727085869207],[-57.3243019,-22.241678885869092],[-57.3247767,-22.240093885868966],[-57.3255015999999,-22.23896848586878],[-57.3270029999999,-22.23846728586883],[-57.3288092999999,-22.23860328586883],[-57.3299694,-22.23821288586878],[-57.3306049,-22.23739798586864],[-57.3303581,-22.23561098586845],[-57.3304681,-22.234513485868344],[-57.33129129999999,-22.23378528586834],[-57.3324744,-22.23376928586827],[-57.3343032999999,-22.234516385868424],[-57.335536899999994,-22.23499378586836],[-57.3366680999999,-22.234153885868416],[-57.33686310000001,-22.23298898586831],[-57.336162900000005,-22.23210658586822],[-57.334441500000004,-22.231569785868032],[-57.333310700000006,-22.231022685868098],[-57.3335534999999,-22.23000148586801],[-57.33499879999991,-22.229185085867833],[-57.3364372,-22.229450585867944],[-57.338514800000006,-22.230556885868065],[-57.339631499999896,-22.231330585868104],[-57.339733800000005,-22.232002085868082],[-57.339411999999996,-22.23300988586831],[-57.33909369999999,-22.23395548586837],[-57.339307600000005,-22.23488758586847],[-57.3405928,-22.235253385868493],[-57.3415479999999,-22.23480228586849],[-57.3416978,-22.23380948586829],[-57.341629,-22.232255585868213],[-57.341413799999906,-22.231530885868022],[-57.34107629999989,-22.23086058586807],[-57.34152269999999,-22.2299495858679],[-57.3420227,-22.229317385867926],[-57.3431204,-22.228845785867794],[-57.3444507,-22.228656085867883],[-57.34553520000001,-22.229951385867892],[-57.346018899999905,-22.2311308858681],[-57.3465689999999,-22.23207638586823],[-57.3476638,-22.23240128586811],[-57.34910239999989,-22.23205608586822],[-57.3505036999999,-22.231165085868017],[-57.3512329,-22.22983718586801],[-57.3522139999999,-22.228604985867875],[-57.3539873999999,-22.22846948586787],[-57.35562159999991,-22.227945185867807],[-57.3567644999999,-22.227032685867645],[-57.35768890000001,-22.22640028586768],[-57.3587229,-22.22678088586759],[-57.35901609999999,-22.228010385867808],[-57.3588358,-22.229291285867827],[-57.3581753,-22.23034778586792],[-57.3581123,-22.231497585868123],[-57.3588736,-22.232734985868145],[-57.36038070000001,-22.23384398586836],[-57.3619659999999,-22.234196785868313],[-57.363853799999994,-22.233044085868276],[-57.36445599999999,-22.231464985868143],[-57.364134799999896,-22.230430685867912],[-57.3633462,-22.229671385867967],[-57.363029,-22.228956785867805],[-57.363355299999995,-22.22795088586772],[-57.364595300000005,-22.227598385867775],[-57.36727919999999,-22.227952685867717],[-57.3687705999999,-22.2284890858678],[-57.369430200000004,-22.229366785867946],[-57.37032609999991,-22.231166085868022],[-57.3713845,-22.231750285868067],[-57.37214095977957,-22.231884800259365],[-57.3730834,-22.23205238586808],[-57.374726100000004,-22.23175838586806],[-57.3756799,-22.230600285867958],[-57.37582762876622,-22.229833000745472],[-57.37593470000001,-22.229276885867844],[-57.3748224999999,-22.22823868586784],[-57.3732818,-22.227813985867808],[-57.3723921,-22.226986385867626],[-57.372454600000005,-22.225801385867612],[-57.373718600000004,-22.22476118586741],[-57.3750479999999,-22.224056885867324],[-57.3765542,-22.223978785867313],[-57.37767399999999,-22.22516178586755],[-57.3788971,-22.226615285867595],[-57.37988630000001,-22.227498985867783],[-57.38012941282334,-22.227438861627157],[-57.3810852,-22.22720248586773],[-57.3811818146572,-22.22685315198543],[-57.3814917,-22.225732685867627],[-57.381479399999904,-22.224310985867334],[-57.380866099999906,-22.222767985867332],[-57.3802952,-22.22161608586713],[-57.3800888,-22.220332285866988],[-57.379946800000006,-22.218858485866967],[-57.37974009999991,-22.21743058586672],[-57.3793335999999,-22.216474685866643],[-57.3784772,-22.215752085866637],[-57.3775075,-22.214230585866503],[-57.37786629999991,-22.2129331858664],[-57.37896090000001,-22.21218898586631],[-57.3806107,-22.211904885866325],[-57.381523599999994,-22.2108421858661],[-57.381809099999906,-22.209833285866114],[-57.38220019999989,-22.20860178586592],[-57.38315713678414,-22.208042477638312],[-57.3833289,-22.207942085865895],[-57.3847370999999,-22.208083885865946],[-57.38586960000001,-22.208604385865996],[-57.3870357,-22.208641685865906]],[[-55.05953942107747,-18.719803330822494],[-55.05953942107747,-18.71980333082249],[-55.140025994812795,-18.67541532715222],[-55.05953942107747,-18.719803330822494]],[[-56.44503431864914,-19.900910339754297],[-56.52572105222786,-19.855889083918065],[-56.44503431864914,-19.900910339754297],[-56.40195450311384,-19.878143082814947],[-56.36325662694754,-19.857691637544356],[-56.40195450311385,-19.878143082814947],[-56.44503431864914,-19.900910339754297]],[[-55.53910447176775,-18.011773103997154],[-55.61971329728911,-18.05540018848431],[-55.53910447176774,-18.011773103997154],[-55.53856794429082,-17.92353810315827],[-55.53910447176775,-18.011773103997154]],[[-55.55211428507289,-20.04087394976134],[-55.63311879957831,-19.9962597875946],[-55.632481431841946,-19.908046373369807],[-55.63311879957832,-19.9962597875946],[-55.55211428507289,-20.04087394976134]],[[-54.49487179156948,-20.793891789596554],[-54.576616222615336,-20.837984330517568],[-54.65831596939445,-20.79382000947537],[-54.576616222615336,-20.83798433051757],[-54.49487179156948,-20.793891789596554]],[[-54.24240934412747,-20.03922075563668],[-54.2393768310371,-20.037569051667163],[-54.24240934412748,-20.03922075563668],[-54.250923202210856,-20.043857956787434],[-54.251629826895076,-20.043475755478628],[-54.33229503279216,-19.99984531352685],[-54.25162982689508,-20.043475755478628],[-54.250923202210856,-20.043857956787434],[-54.24240934412747,-20.03922075563668]],[[-54.250498449420036,-20.30851299966226],[-54.33200957124987,-20.264501129792034],[-54.250498449420036,-20.30851299966226],[-54.16912967807246,-20.26426881508455],[-54.250498449420036,-20.30851299966226]],[[-54.97457983943195,-20.171023609639875],[-54.90174652730469,-20.131792820201795],[-54.832163514715425,-20.169698092055228],[-54.90174652730469,-20.131792820201795],[-54.97457983943195,-20.171023609639875],[-54.98325410857844,-20.175695900607828],[-54.97457983943195,-20.171023609639875]],[[-54.23791261022125,-20.036771541726765],[-54.169691912254386,-19.999614110158262],[-54.23791261022126,-20.036771541726765],[-54.239036025536244,-20.037383426813474],[-54.23791261022125,-20.036771541726765]],[[-53.66869288936878,-22.379908489971974],[-53.585796657716884,-22.423605239865786],[-53.66869288936877,-22.379908489971974],[-53.66920843275227,-22.291682154401748],[-53.66869288936878,-22.379908489971974]]]}}]}