date,outbound_discharge_m3s,valid_outlet_segments
2001-01-01,973.172,154
2001-01-02,975.891,154
2001-01-03,966.141,154
2001-01-04,952.672,154
2001-01-05,937.891,154
2001-01-06,925.953,154
2001-01-07,914.828,154
2001-01-08,902.281,154
2001-01-09,891.344,154
2001-01-10,882.688,154
2001-01-11,875.484,154
2001-01-12,887.094,154
2001-01-13,897.328,154
2001-01-14,905.672,154
2001-01-15,912.969,154
2001-01-16,910.078,154
2001-01-17,904.781,154
2001-01-18,900.891,154
2001-01-19,892.906,154
2001-01-20,885.109,154
2001-01-21,880.375,154
2001-01-22,874.828,154
2001-01-23,868.641,154
2001-01-24,861.656,154
2001-01-25,857.000,154
2001-01-26,857.172,154
2001-01-27,854.875,154
2001-01-28,848.797,154
2001-01-29,841.578,154
2001-01-30,834.531,154
2001-01-31,829.062,154
2001-02-01,823.938,154
2001-02-02,820.500,154
2001-02-03,818.625,154
2001-02-04,815.750,154
2001-02-05,811.906,154
2001-02-06,808.469,154
2001-02-07,805.781,154
2001-02-08,802.531,154
2001-02-09,799.156,154
2001-02-10,795.719,154
2001-02-11,792.719,154
2001-02-12,790.312,154
2001-02-13,788.156,154
2001-02-14,788.344,154
2001-02-15,790.750,154
2001-02-16,796.406,154
2001-02-17,803.250,154
2001-02-18,815.156,154
2001-02-19,844.094,154
2001-02-20,911.031,154
2001-02-21,1028.438,154
2001-02-22,1161.938,154
2001-02-23,1260.531,154
2001-02-24,1297.375,154
2001-02-25,1311.562,154
2001-02-26,1309.250,154
2001-02-27,1292.844,154
2001-02-28,1279.719,154
2001-03-01,1284.719,154
2001-03-02,1280.969,154
2001-03-03,1259.531,154
2001-03-04,1227.000,154
2001-03-05,1191.344,154
2001-03-06,1160.281,154
2001-03-07,1140.312,154
2001-03-08,1137.938,154
2001-03-09,1141.812,154
2001-03-10,1141.906,154
2001-03-11,1127.469,154
2001-03-12,1103.062,154
2001-03-13,1091.875,154
2001-03-14,1082.062,154
2001-03-15,1065.875,154
2001-03-16,1062.562,154
2001-03-17,1060.094,154
2001-03-18,1048.375,154
2001-03-19,1031.281,154
2001-03-20,1016.656,154
2001-03-21,1013.031,154
2001-03-22,1008.875,154
2001-03-23,1000.438,154
2001-03-24,996.281,154
2001-03-25,1009.719,154
2001-03-26,1013.781,154
2001-03-27,1001.188,154
2001-03-28,1007.938,154
2001-03-29,1011.719,154
2001-03-30,1000.719,154
2001-03-31,987.969,154
2001-04-01,977.594,154
2001-04-02,980.906,154
2001-04-03,987.594,154
2001-04-04,981.531,154
2001-04-05,969.281,154
2001-04-06,958.156,154
2001-04-07,965.656,154
2001-04-08,965.844,154
2001-04-09,953.500,154
2001-04-10,945.125,154
2001-04-11,938.469,154
2001-04-12,930.531,154
2001-04-13,922.344,154
2001-04-14,915.375,154
2001-04-15,908.625,154
2001-04-16,903.031,154
2001-04-17,897.875,154
2001-04-18,892.938,154
2001-04-19,888.500,154
2001-04-20,884.188,154
2001-04-21,880.562,154
2001-04-22,883.156,154
2001-04-23,890.906,154
2001-04-24,895.156,154
2001-04-25,907.000,154
2001-04-26,910.562,154
2001-04-27,901.625,154
2001-04-28,892.281,154
2001-04-29,884.719,154
2001-04-30,881.875,154
2001-05-01,879.531,154
2001-05-02,876.531,154
2001-05-03,873.750,154
2001-05-04,870.438,154
2001-05-05,867.094,154
2001-05-06,863.906,154
2001-05-07,860.719,154
2001-05-08,857.406,154
2001-05-09,855.062,154
2001-05-10,853.312,154
2001-05-11,853.062,154
2001-05-12,851.594,154
2001-05-13,849.562,154
2001-05-14,846.969,154
2001-05-15,844.188,154
2001-05-16,842.625,154
2001-05-17,843.562,154
2001-05-18,842.375,154
2001-05-19,838.656,154
2001-05-20,835.625,154
2001-05-21,833.188,154
2001-05-22,830.906,154
2001-05-23,829.594,154
2001-05-24,830.438,154
2001-05-25,830.781,154
2001-05-26,830.688,154
2001-05-27,862.219,154
2001-05-28,898.344,154
2001-05-29,902.031,154
2001-05-30,888.875,154
2001-05-31,870.875,154
2001-06-01,855.938,154
2001-06-02,845.281,154
2001-06-03,838.281,154
2001-06-04,833.594,154
2001-06-05,829.938,154
2001-06-06,827.062,154
2001-06-07,825.562,154
2001-06-08,827.875,154
2001-06-09,833.156,154
2001-06-10,833.031,154
2001-06-11,829.312,154
2001-06-12,825.875,154
2001-06-13,822.594,154
2001-06-14,819.844,154
2001-06-15,817.531,154
2001-06-16,815.297,154
2001-06-17,815.734,154
2001-06-18,815.469,154
2001-06-19,814.172,154
2001-06-20,812.562,154
2001-06-21,810.625,154
2001-06-22,808.375,154
2001-06-23,806.438,154
2001-06-24,804.375,154
2001-06-25,802.188,154
2001-06-26,801.219,154
2001-06-27,799.797,154
2001-06-28,797.766,154
2001-06-29,795.969,154
2001-06-30,793.906,154
2001-07-01,791.719,154
2001-07-02,789.859,154
2001-07-03,793.500,154
2001-07-04,793.750,154
2001-07-05,789.781,154
2001-07-06,787.984,154
2001-07-07,786.266,154
2001-07-08,784.094,154
2001-07-09,781.938,154
2001-07-10,779.688,154
2001-07-11,777.812,154
2001-07-12,777.969,154
2001-07-13,777.375,154
2001-07-14,775.453,154
2001-07-15,773.594,154
2001-07-16,774.766,154
2001-07-17,779.453,154
2001-07-18,781.484,154
2001-07-19,779.953,154
2001-07-20,776.094,154
2001-07-21,772.016,154
2001-07-22,768.984,154
2001-07-23,766.500,154
2001-07-24,764.188,154
2001-07-25,762.281,154
2001-07-26,760.328,154
2001-07-27,758.906,154
2001-07-28,757.328,154
2001-07-29,755.859,154
2001-07-30,754.172,154
2001-07-31,751.922,154
2001-08-01,749.766,154
2001-08-02,747.688,154
2001-08-03,746.062,154
2001-08-04,744.359,154
2001-08-05,742.531,154
2001-08-06,740.766,154
2001-08-07,739.078,154
2001-08-08,737.844,154
2001-08-09,736.484,154
2001-08-10,734.828,154
2001-08-11,732.953,154
2001-08-12,731.125,154
2001-08-13,729.266,154
2001-08-14,727.109,154
2001-08-15,725.188,154
2001-08-16,723.359,154
2001-08-17,721.812,154
2001-08-18,720.438,154
2001-08-19,719.375,154
2001-08-20,718.391,154
2001-08-21,718.203,154
2001-08-22,718.547,154
2001-08-23,718.141,154
2001-08-24,716.594,154
2001-08-25,714.328,154
2001-08-26,711.453,154
2001-08-27,708.922,154
2001-08-28,706.859,154
2001-08-29,705.531,154
2001-08-30,704.062,154
2001-08-31,702.125,154
2001-09-01,700.062,154
2001-09-02,698.359,154
2001-09-03,696.969,154
2001-09-04,695.477,154
2001-09-05,694.195,154
2001-09-06,693.008,154
2001-09-07,691.562,154
2001-09-08,689.633,154
2001-09-09,687.641,154
2001-09-10,685.984,154
2001-09-11,684.555,154
2001-09-12,683.172,154
2001-09-13,681.680,154
2001-09-14,679.945,154
2001-09-15,678.414,154
2001-09-16,676.938,154
2001-09-17,675.266,154
2001-09-18,673.734,154
2001-09-19,672.266,154
2001-09-20,670.641,154
2001-09-21,669.133,154
2001-09-22,668.602,154
2001-09-23,668.258,154
2001-09-24,667.062,154
2001-09-25,665.758,154
2001-09-26,667.414,154
2001-09-27,668.406,154
2001-09-28,667.578,154
2001-09-29,667.961,154
2001-09-30,667.133,154
2001-10-01,664.711,154
2001-10-02,662.664,154
2001-10-03,660.242,154
2001-10-04,657.797,154
2001-10-05,655.930,154
2001-10-06,654.523,154
2001-10-07,653.070,154
2001-10-08,651.500,154
2001-10-09,650.547,154
2001-10-10,649.188,154
2001-10-11,647.758,154
2001-10-12,646.195,154
2001-10-13,644.562,154
2001-10-14,642.898,154
2001-10-15,641.141,154
2001-10-16,639.617,154
2001-10-17,638.180,154
2001-10-18,636.688,154
2001-10-19,635.273,154
2001-10-20,634.188,154
2001-10-21,637.656,154
2001-10-22,641.250,154
2001-10-23,640.664,154
2001-10-24,638.617,154
2001-10-25,636.016,154
2001-10-26,633.000,154
2001-10-27,630.008,154
2001-10-28,627.359,154
2001-10-29,625.227,154
2001-10-30,624.250,154
2001-10-31,624.391,154
2001-11-01,624.070,154
2001-11-02,623.055,154
2001-11-03,622.047,154
2001-11-04,620.797,154
2001-11-05,619.242,154
2001-11-06,617.352,154
2001-11-07,615.469,154
2001-11-08,614.266,154
2001-11-09,613.953,154
2001-11-10,613.578,154
2001-11-11,612.914,154
2001-11-12,614.914,154
2001-11-13,618.609,154
2001-11-14,623.625,154
2001-11-15,634.273,154
2001-11-16,639.016,154
2001-11-17,635.250,154
2001-11-18,629.805,154
2001-11-19,624.188,154
2001-11-20,620.828,154
2001-11-21,617.398,154
2001-11-22,613.672,154
2001-11-23,610.336,154
2001-11-24,607.555,154
2001-11-25,605.555,154
2001-11-26,604.133,154
2001-11-27,603.570,154
2001-11-28,603.953,154
2001-11-29,604.836,154
2001-11-30,606.359,154
2001-12-01,610.141,154
2001-12-02,613.062,154
2001-12-03,611.922,154
2001-12-04,622.453,154
2001-12-05,633.047,154
2001-12-06,632.109,154
2001-12-07,624.453,154
2001-12-08,618.344,154
2001-12-09,614.703,154
2001-12-10,613.391,154
2001-12-11,611.719,154
2001-12-12,617.094,154
2001-12-13,628.141,154
2001-12-14,636.531,154
2001-12-15,640.734,154
2001-12-16,643.250,154
2001-12-17,642.141,154
2001-12-18,635.578,154
2001-12-19,628.781,154
2001-12-20,625.500,154
2001-12-21,628.531,154
2001-12-22,634.625,154
2001-12-23,648.281,154
2001-12-24,656.453,154
2001-12-25,648.141,154
2001-12-26,640.797,154
2001-12-27,639.953,154
2001-12-28,645.125,154
2001-12-29,651.094,154
2001-12-30,655.125,154
2001-12-31,656.734,154
2002-01-01,675.000,154
2002-01-02,695.500,154
2002-01-03,693.891,154
2002-01-04,685.625,154
2002-01-05,676.547,154
2002-01-06,673.141,154
2002-01-07,693.641,154
2002-01-08,707.812,154
2002-01-09,698.094,154
2002-01-10,687.188,154
2002-01-11,681.438,154
2002-01-12,677.031,154
2002-01-13,674.469,154
2002-01-14,670.969,154
2002-01-15,674.609,154
2002-01-16,692.578,154
2002-01-17,695.000,154
2002-01-18,681.656,154
2002-01-19,670.797,154
2002-01-20,662.484,154
2002-01-21,655.344,154
2002-01-22,650.141,154
2002-01-23,647.625,154
2002-01-24,645.438,154
2002-01-25,641.094,154
2002-01-26,636.016,154
2002-01-27,631.203,154
2002-01-28,626.969,154
2002-01-29,623.266,154
2002-01-30,620.062,154
2002-01-31,617.188,154
2002-02-01,614.375,154
2002-02-02,611.828,154
2002-02-03,612.312,154
2002-02-04,616.172,154
2002-02-05,617.422,154
2002-02-06,615.812,154
2002-02-07,619.125,154
2002-02-08,620.234,154
2002-02-09,620.219,154
2002-02-10,619.500,154
2002-02-11,617.047,154
2002-02-12,617.312,154
2002-02-13,618.188,154
2002-02-14,621.406,154
2002-02-15,624.500,154
2002-02-16,628.594,154
2002-02-17,641.938,154
2002-02-18,671.734,154
2002-02-19,708.375,154
2002-02-20,758.219,154
2002-02-21,818.875,154
2002-02-22,859.219,154
2002-02-23,872.438,154
2002-02-24,878.094,154
2002-02-25,881.250,154
2002-02-26,875.688,154
2002-02-27,879.656,154
2002-02-28,895.125,154
2002-03-01,912.469,154
2002-03-02,917.344,154
2002-03-03,905.031,154
2002-03-04,890.625,154
2002-03-05,871.250,154
2002-03-06,853.719,154
2002-03-07,838.250,154
2002-03-08,822.156,154
2002-03-09,804.219,154
2002-03-10,787.656,154
2002-03-11,774.562,154
2002-03-12,766.469,154
2002-03-13,763.625,154
2002-03-14,756.406,154
2002-03-15,745.312,154
2002-03-16,734.812,154
2002-03-17,724.750,154
2002-03-18,716.125,154
2002-03-19,708.125,154
2002-03-20,701.344,154
2002-03-21,701.438,154
2002-03-22,706.375,154
2002-03-23,709.688,154
2002-03-24,718.000,154
2002-03-25,717.844,154
2002-03-26,706.625,154
2002-03-27,696.750,154
2002-03-28,690.031,154
2002-03-29,684.625,154
2002-03-30,679.188,154
2002-03-31,674.312,154
2002-04-01,671.375,154
2002-04-02,668.562,154
2002-04-03,664.281,154
2002-04-04,660.250,154
2002-04-05,656.688,154
2002-04-06,652.656,154
2002-04-07,648.969,154
2002-04-08,645.781,154
2002-04-09,642.750,154
2002-04-10,639.812,154
2002-04-11,637.438,154
2002-04-12,634.844,154
2002-04-13,633.156,154
2002-04-14,632.062,154
2002-04-15,630.938,154
2002-04-16,629.312,154
2002-04-17,627.562,154
2002-04-18,626.344,154
2002-04-19,626.375,154
2002-04-20,626.375,154
2002-04-21,625.062,154
2002-04-22,624.625,154
2002-04-23,624.562,154
2002-04-24,623.719,154
2002-04-25,622.531,154
2002-04-26,621.406,154
2002-04-27,620.094,154
2002-04-28,619.125,154
2002-04-29,617.469,154
2002-04-30,616.719,154
2002-05-01,616.156,154
2002-05-02,615.156,154
2002-05-03,614.156,154
2002-05-04,612.906,154
2002-05-05,612.219,154
2002-05-06,612.219,154
2002-05-07,611.594,154
2002-05-08,610.781,154
2002-05-09,609.500,154
2002-05-10,608.312,154
2002-05-11,606.656,154
2002-05-12,604.969,154
2002-05-13,603.250,154
2002-05-14,601.625,154
2002-05-15,599.719,154
2002-05-16,598.250,154
2002-05-17,596.438,154
2002-05-18,595.188,154
2002-05-19,594.812,154
2002-05-20,595.125,154
2002-05-21,599.844,154
2002-05-22,601.562,154
2002-05-23,599.562,154
2002-05-24,596.750,154
2002-05-25,594.656,154
2002-05-26,592.719,154
2002-05-27,591.000,154
2002-05-28,589.406,154
2002-05-29,587.688,154
2002-05-30,587.000,154
2002-05-31,587.000,154
2002-06-01,586.094,154
2002-06-02,584.719,154
2002-06-03,583.062,154
2002-06-04,581.406,154
2002-06-05,579.906,154
2002-06-06,578.406,154
2002-06-07,577.375,154
2002-06-08,576.312,154
2002-06-09,575.531,154
2002-06-10,574.875,154
2002-06-11,574.125,154
2002-06-12,573.688,154
2002-06-13,573.531,154
2002-06-14,573.688,154
2002-06-15,573.500,154
2002-06-16,572.719,154
2002-06-17,571.781,154
2002-06-18,570.031,154
2002-06-19,569.938,154
2002-06-20,569.453,154
2002-06-21,568.078,154
2002-06-22,566.469,154
2002-06-23,564.953,154
2002-06-24,563.312,154
2002-06-25,561.781,154
2002-06-26,560.484,154
2002-06-27,559.031,154
2002-06-28,557.625,154
2002-06-29,556.031,154
2002-06-30,554.438,154
2002-07-01,553.172,154
2002-07-02,552.375,154
2002-07-03,551.234,154
2002-07-04,550.141,154
2002-07-05,549.078,154
2002-07-06,548.188,154
2002-07-07,547.875,154
2002-07-08,547.406,154
2002-07-09,546.578,154
2002-07-10,545.453,154
2002-07-11,544.594,154
2002-07-12,543.734,154
2002-07-13,542.703,154
2002-07-14,541.484,154
2002-07-15,540.234,154
2002-07-16,538.891,154
2002-07-17,537.406,154
2002-07-18,536.203,154
2002-07-19,535.047,154
2002-07-20,534.047,154
2002-07-21,533.031,154
2002-07-22,532.266,154
2002-07-23,531.719,154
2002-07-24,531.016,154
2002-07-25,529.859,154
2002-07-26,528.812,154
2002-07-27,527.938,154
2002-07-28,526.875,154
2002-07-29,525.781,154
2002-07-30,524.484,154
2002-07-31,523.172,154
2002-08-01,522.062,154
2002-08-02,521.203,154
2002-08-03,520.344,154
2002-08-04,519.266,154
2002-08-05,518.234,154
2002-08-06,517.000,154
2002-08-07,515.984,154
2002-08-08,514.656,154
2002-08-09,513.312,154
2002-08-10,512.156,154
2002-08-11,511.172,154
2002-08-12,510.125,154
2002-08-13,509.047,154
2002-08-14,507.906,154
2002-08-15,506.719,154
2002-08-16,505.547,154
2002-08-17,504.594,154
2002-08-18,503.609,154
2002-08-19,502.359,154
2002-08-20,501.125,154
2002-08-21,500.547,154
2002-08-22,500.359,154
2002-08-23,500.078,154
2002-08-24,499.000,154
2002-08-25,497.641,154
2002-08-26,496.328,154
2002-08-27,495.031,154
2002-08-28,493.781,154
2002-08-29,492.906,154
2002-08-30,491.953,154
2002-08-31,491.375,154
2002-09-01,490.609,154
2002-09-02,489.672,154
2002-09-03,488.922,154
2002-09-04,488.078,154
2002-09-05,486.891,154
2002-09-06,485.875,154
2002-09-07,484.828,154
2002-09-08,483.875,154
2002-09-09,482.906,154
2002-09-10,481.789,154
2002-09-11,480.656,154
2002-09-12,479.531,154
2002-09-13,478.516,154
2002-09-14,477.734,154
2002-09-15,477.039,154
2002-09-16,476.297,154
2002-09-17,475.227,154
2002-09-18,473.984,154
2002-09-19,472.773,154
2002-09-20,471.727,154
2002-09-21,470.867,154
2002-09-22,470.297,154
2002-09-23,469.688,154
2002-09-24,469.031,154
2002-09-25,468.312,154
2002-09-26,467.422,154
2002-09-27,466.328,154
2002-09-28,465.156,154
2002-09-29,463.961,154
2002-09-30,462.781,154
2002-10-01,461.617,154
2002-10-02,460.625,154
2002-10-03,459.617,154
2002-10-04,458.516,154
2002-10-05,457.453,154
2002-10-06,456.375,154
2002-10-07,455.258,154
2002-10-08,454.227,154
2002-10-09,453.141,154
2002-10-10,452.008,154
2002-10-11,450.945,154
2002-10-12,449.898,154
2002-10-13,448.922,154
2002-10-14,447.945,154
2002-10-15,447.016,154
2002-10-16,446.117,154
2002-10-17,445.398,154
2002-10-18,444.727,154
2002-10-19,444.070,154
2002-10-20,443.445,154
2002-10-21,442.484,154
2002-10-22,441.492,154
2002-10-23,440.555,154
2002-10-24,439.797,154
2002-10-25,438.953,154
2002-10-26,437.852,154
2002-10-27,436.711,154
2002-10-28,435.562,154
2002-10-29,434.859,154
2002-10-30,435.227,154
2002-10-31,435.555,154
2002-11-01,436.438,154
2002-11-02,438.281,154
2002-11-03,439.242,154
2002-11-04,438.656,154
2002-11-05,437.219,154
2002-11-06,435.477,154
2002-11-07,434.312,154
2002-11-08,433.688,154
2002-11-09,433.234,154
2002-11-10,432.188,154
2002-11-11,430.656,154
2002-11-12,429.117,154
2002-11-13,427.555,154
2002-11-14,425.914,154
2002-11-15,424.266,154
2002-11-16,422.695,154
2002-11-17,421.312,154
2002-11-18,419.984,154
2002-11-19,418.609,154
2002-11-20,417.297,154
2002-11-21,416.109,154
2002-11-22,415.141,154
2002-11-23,414.219,154
2002-11-24,413.641,154
2002-11-25,412.766,154
2002-11-26,411.984,154
2002-11-27,411.328,154
2002-11-28,410.562,154
2002-11-29,410.438,154
2002-11-30,409.719,154
2002-12-01,408.875,154
2002-12-02,408.047,154
2002-12-03,407.219,154
2002-12-04,406.719,154
2002-12-05,405.812,154
2002-12-06,405.031,154
2002-12-07,403.938,154
2002-12-08,403.109,154
2002-12-09,402.406,154
2002-12-10,402.219,154
2002-12-11,401.859,154
2002-12-12,401.391,154
2002-12-13,399.875,154
2002-12-14,398.562,154
2002-12-15,398.062,154
2002-12-16,397.484,154
2002-12-17,397.016,154
2002-12-18,396.016,154
2002-12-19,394.844,154
2002-12-20,393.516,154
2002-12-21,392.391,154
2002-12-22,391.250,154
2002-12-23,390.250,154
2002-12-24,389.234,154
2002-12-25,388.297,154
2002-12-26,387.609,154
2002-12-27,386.766,154
2002-12-28,385.953,154
2002-12-29,385.016,154
2002-12-30,384.172,154
2002-12-31,383.234,154
2003-01-01,382.453,154
2003-01-02,381.688,154
2003-01-03,381.406,154
2003-01-04,381.312,154
2003-01-05,382.594,154
2003-01-06,385.656,154
2003-01-07,390.516,154
2003-01-08,393.344,154
2003-01-09,392.328,154
2003-01-10,389.641,154
2003-01-11,386.562,154
2003-01-12,383.906,154
2003-01-13,387.250,154
2003-01-14,393.984,154
2003-01-15,394.031,154
2003-01-16,393.438,154
2003-01-17,391.125,154
2003-01-18,388.438,154
2003-01-19,385.891,154
2003-01-20,383.266,154
2003-01-21,381.047,154
2003-01-22,378.953,154
2003-01-23,377.125,154
2003-01-24,376.547,154
2003-01-25,376.031,154
2003-01-26,376.062,154
2003-01-27,375.531,154
2003-01-28,375.172,154
2003-01-29,374.250,154
2003-01-30,372.859,154
2003-01-31,371.609,154
2003-02-01,370.516,154
2003-02-02,369.359,154
2003-02-03,368.562,154
2003-02-04,367.844,154
2003-02-05,366.875,154
2003-02-06,365.797,154
2003-02-07,365.062,154
2003-02-08,364.625,154
2003-02-09,364.328,154
2003-02-10,364.453,154
2003-02-11,364.203,154
2003-02-12,363.062,154
2003-02-13,362.109,154
2003-02-14,362.875,154
2003-02-15,365.188,154
2003-02-16,365.859,154
2003-02-17,365.375,154
2003-02-18,366.344,154
2003-02-19,371.422,154
2003-02-20,372.625,154
2003-02-21,371.406,154
2003-02-22,371.859,154
2003-02-23,370.047,154
2003-02-24,367.750,154
2003-02-25,366.172,154
2003-02-26,365.281,154
2003-02-27,364.609,154
2003-02-28,363.609,154
2003-03-01,362.203,154
2003-03-02,361.312,154
2003-03-03,360.359,154
2003-03-04,359.750,154
2003-03-05,360.656,154
2003-03-06,361.422,154
2003-03-07,360.219,154
2003-03-08,359.266,154
2003-03-09,359.016,154
2003-03-10,359.625,154
2003-03-11,360.531,154
2003-03-12,361.719,154
2003-03-13,364.062,154
2003-03-14,366.875,154
2003-03-15,368.719,154
2003-03-16,368.375,154
2003-03-17,368.156,154
2003-03-18,371.594,154
2003-03-19,378.094,154
2003-03-20,388.188,154
2003-03-21,396.469,154
2003-03-22,404.906,154
2003-03-23,408.594,154
2003-03-24,401.375,154
2003-03-25,398.906,154
2003-03-26,404.312,154
2003-03-27,423.156,154
2003-03-28,441.438,154
2003-03-29,448.656,154
2003-03-30,449.562,154
2003-03-31,447.344,154
2003-04-01,451.812,154
2003-04-02,469.094,154
2003-04-03,479.312,154
2003-04-04,483.938,154
2003-04-05,495.750,154
2003-04-06,512.375,154
2003-04-07,514.562,154
2003-04-08,507.812,154
2003-04-09,496.938,154
2003-04-10,489.625,154
2003-04-11,493.781,154
2003-04-12,496.844,154
2003-04-13,487.062,154
2003-04-14,478.500,154
2003-04-15,472.219,154
2003-04-16,465.156,154
2003-04-17,456.938,154
2003-04-18,448.844,154
2003-04-19,444.531,154
2003-04-20,443.938,154
2003-04-21,440.469,154
2003-04-22,435.000,154
2003-04-23,429.688,154
2003-04-24,424.875,154
2003-04-25,420.156,154
2003-04-26,415.531,154
2003-04-27,411.156,154
2003-04-28,407.250,154
2003-04-29,403.906,154
2003-04-30,400.500,154
2003-05-01,397.219,154
2003-05-02,394.469,154
2003-05-03,392.156,154
2003-05-04,390.188,154
2003-05-05,388.594,154
2003-05-06,387.344,154
2003-05-07,386.094,154
2003-05-08,384.688,154
2003-05-09,383.094,154
2003-05-10,381.719,154
2003-05-11,380.312,154
2003-05-12,379.312,154
2003-05-13,377.812,154
2003-05-14,376.750,154
2003-05-15,375.438,154
2003-05-16,374.656,154
2003-05-17,373.438,154
2003-05-18,372.750,154
2003-05-19,371.688,154
2003-05-20,370.875,154
2003-05-21,370.188,154
2003-05-22,369.281,154
2003-05-23,368.812,154
2003-05-24,368.438,154
2003-05-25,367.562,154
2003-05-26,366.875,154
2003-05-27,367.062,154
2003-05-28,367.000,154
2003-05-29,366.812,154
2003-05-30,366.281,154
2003-05-31,365.656,154
2003-06-01,364.625,154
2003-06-02,363.906,154
2003-06-03,363.469,154
2003-06-04,363.812,154
2003-06-05,364.594,154
2003-06-06,364.844,154
2003-06-07,364.500,154
2003-06-08,363.531,154
2003-06-09,362.844,154
2003-06-10,362.188,154
2003-06-11,361.625,154
2003-06-12,360.906,154
2003-06-13,360.312,154
2003-06-14,359.750,154
2003-06-15,359.031,154
2003-06-16,358.094,154
2003-06-17,357.406,154
2003-06-18,356.531,154
2003-06-19,355.594,154
2003-06-20,354.781,154
2003-06-21,353.906,154
2003-06-22,352.781,154
2003-06-23,352.156,154
2003-06-24,351.438,154
2003-06-25,350.656,154
2003-06-26,349.875,154
2003-06-27,349.062,154
2003-06-28,348.609,154
2003-06-29,347.953,154
2003-06-30,347.156,154
2003-07-01,346.609,154
2003-07-02,346.000,154
2003-07-03,345.422,154
2003-07-04,344.719,154
2003-07-05,343.969,154
2003-07-06,343.438,154
2003-07-07,342.797,154
2003-07-08,342.109,154
2003-07-09,341.578,154
2003-07-10,341.156,154
2003-07-11,340.812,154
2003-07-12,340.391,154
2003-07-13,339.891,154
2003-07-14,339.109,154
2003-07-15,338.375,154
2003-07-16,337.766,154
2003-07-17,337.188,154
2003-07-18,336.594,154
2003-07-19,335.984,154
2003-07-20,335.453,154
2003-07-21,334.938,154
2003-07-22,334.250,154
2003-07-23,333.625,154
2003-07-24,333.016,154
2003-07-25,332.391,154
2003-07-26,331.609,154
2003-07-27,331.125,154
2003-07-28,330.578,154
2003-07-29,330.062,154
2003-07-30,329.453,154
2003-07-31,328.859,154
2003-08-01,328.234,154
2003-08-02,327.688,154
2003-08-03,327.125,154
2003-08-04,326.484,154
2003-08-05,325.922,154
2003-08-06,325.344,154
2003-08-07,324.828,154
2003-08-08,324.312,154
2003-08-09,323.781,154
2003-08-10,323.203,154
2003-08-11,322.719,154
2003-08-12,322.406,154
2003-08-13,321.750,154
2003-08-14,321.141,154
2003-08-15,320.688,154
2003-08-16,320.109,154
2003-08-17,319.453,154
2003-08-18,318.875,154
2003-08-19,318.219,154
2003-08-20,317.750,154
2003-08-21,317.188,154
2003-08-22,316.562,154
2003-08-23,316.078,154
2003-08-24,315.484,154
2003-08-25,315.141,154
2003-08-26,314.547,154
2003-08-27,313.891,154
2003-08-28,313.344,154
2003-08-29,312.734,154
2003-08-30,312.203,154
2003-08-31,311.672,154
2003-09-01,311.062,154
2003-09-02,310.547,154
2003-09-03,309.969,154
2003-09-04,309.500,154
2003-09-05,308.734,154
2003-09-06,308.281,154
2003-09-07,307.656,154
2003-09-08,307.359,154
2003-09-09,307.094,154
2003-09-10,306.734,154
2003-09-11,306.266,154
2003-09-12,305.828,154
2003-09-13,305.281,154
2003-09-14,304.812,154
2003-09-15,304.125,154
2003-09-16,303.656,154
2003-09-17,303.125,154
2003-09-18,302.672,154
2003-09-19,302.078,154
2003-09-20,301.445,154
2003-09-21,300.891,154
2003-09-22,300.312,154
2003-09-23,299.766,154
2003-09-24,299.203,154
2003-09-25,298.680,154
2003-09-26,298.227,154
2003-09-27,298.062,154
2003-09-28,298.555,154
2003-09-29,298.656,154
2003-09-30,298.375,154
2003-10-01,297.750,154
2003-10-02,298.375,154
2003-10-03,301.289,154
2003-10-04,301.914,154
2003-10-05,300.844,154
2003-10-06,299.844,154
2003-10-07,298.312,154
2003-10-08,297.141,154
2003-10-09,295.977,154
2003-10-10,294.922,154
2003-10-11,293.938,154
2003-10-12,293.289,154
2003-10-13,292.906,154
2003-10-14,292.477,154
2003-10-15,291.969,154
2003-10-16,291.336,154
2003-10-17,290.578,154
2003-10-18,289.898,154
2003-10-19,289.109,154
2003-10-20,288.398,154
2003-10-21,287.703,154
2003-10-22,287.133,154
2003-10-23,286.953,154
2003-10-24,287.094,154
2003-10-25,286.781,154
2003-10-26,286.031,154
2003-10-27,285.656,154
2003-10-28,285.094,154
2003-10-29,284.438,154
2003-10-30,283.969,154
2003-10-31,283.688,154
2003-11-01,283.688,154
2003-11-02,283.828,154
2003-11-03,284.031,154
2003-11-04,284.062,154
2003-11-05,283.953,154
2003-11-06,283.742,154
2003-11-07,283.445,154
2003-11-08,282.961,154
2003-11-09,282.250,154
2003-11-10,281.312,154
2003-11-11,280.297,154
2003-11-12,279.266,154
2003-11-13,278.656,154
2003-11-14,277.859,154
2003-11-15,277.031,154
2003-11-16,276.328,154
2003-11-17,275.625,154
2003-11-18,274.969,154
2003-11-19,274.516,154
2003-11-20,274.156,154
2003-11-21,273.891,154
2003-11-22,273.422,154
2003-11-23,272.906,154
2003-11-24,272.375,154
2003-11-25,271.656,154
2003-11-26,271.078,154
2003-11-27,270.656,154
2003-11-28,270.266,154
2003-11-29,270.016,154
2003-11-30,270.828,154
2003-12-01,272.031,154
2003-12-02,272.188,154
2003-12-03,271.672,154
2003-12-04,271.031,154
2003-12-05,271.156,154
2003-12-06,275.125,154
2003-12-07,277.625,154
2003-12-08,278.188,154
2003-12-09,279.188,154
2003-12-10,281.500,154
2003-12-11,283.375,154
2003-12-12,281.484,154
2003-12-13,281.469,154
2003-12-14,281.953,154
2003-12-15,280.562,154
2003-12-16,278.312,154
2003-12-17,279.125,154
2003-12-18,279.906,154
2003-12-19,279.156,154
2003-12-20,278.266,154
2003-12-21,277.062,154
2003-12-22,275.734,154
2003-12-23,274.812,154
2003-12-24,274.734,154
2003-12-25,274.844,154
2003-12-26,274.516,154
2003-12-27,273.781,154
2003-12-28,273.031,154
2003-12-29,273.078,154
2003-12-30,274.281,154
2003-12-31,274.891,154
2004-01-01,279.062,154
2004-01-02,284.406,154
2004-01-03,287.219,154
2004-01-04,288.203,154
2004-01-05,288.297,154
2004-01-06,286.969,154
2004-01-07,286.266,154
2004-01-08,286.906,154
2004-01-09,286.828,154
2004-01-10,287.812,154
2004-01-11,288.547,154
2004-01-12,287.844,154
2004-01-13,287.719,154
2004-01-14,290.375,154
2004-01-15,292.516,154
2004-01-16,292.344,154
2004-01-17,289.891,154
2004-01-18,287.500,154
2004-01-19,285.891,154
2004-01-20,284.500,154
2004-01-21,283.312,154
2004-01-22,282.844,154
2004-01-23,283.812,154
2004-01-24,285.578,154
2004-01-25,283.781,154
2004-01-26,282.234,154
2004-01-27,280.500,154
2004-01-28,278.922,154
2004-01-29,277.750,154
2004-01-30,276.844,154
2004-01-31,276.297,154
2004-02-01,276.047,154
2004-02-02,278.750,154
2004-02-03,287.250,154
2004-02-04,297.938,154
2004-02-05,304.031,154
2004-02-06,310.625,154
2004-02-07,320.781,154
2004-02-08,333.734,154
2004-02-09,338.562,154
2004-02-10,335.047,154
2004-02-11,332.656,154
2004-02-12,327.531,154
2004-02-13,324.109,154
2004-02-14,333.609,154
2004-02-15,360.797,154
2004-02-16,377.359,154
2004-02-17,370.359,154
2004-02-18,373.391,154
2004-02-19,392.156,154
2004-02-20,406.000,154
2004-02-21,402.047,154
2004-02-22,390.656,154
2004-02-23,379.594,154
2004-02-24,370.094,154
2004-02-25,361.719,154
2004-02-26,353.750,154
2004-02-27,346.438,154
2004-02-28,339.562,154
2004-02-29,333.219,154
2004-03-01,327.281,154
2004-03-02,321.719,154
2004-03-03,316.750,154
2004-03-04,313.000,154
2004-03-05,310.500,154
2004-03-06,307.844,154
2004-03-07,305.219,154
2004-03-08,303.312,154
2004-03-09,302.406,154
2004-03-10,301.875,154
2004-03-11,301.906,154
2004-03-12,300.906,154
2004-03-13,299.781,154
2004-03-14,299.906,154
2004-03-15,301.344,154
2004-03-16,307.625,154
2004-03-17,316.469,154
2004-03-18,317.375,154
2004-03-19,319.656,154
2004-03-20,322.531,154
2004-03-21,318.500,154
2004-03-22,313.344,154
2004-03-23,310.281,154
2004-03-24,307.844,154
2004-03-25,305.344,154
2004-03-26,302.969,154
2004-03-27,301.062,154
2004-03-28,299.219,154
2004-03-29,297.594,154
2004-03-30,296.188,154
2004-03-31,295.125,154
2004-04-01,294.219,154
2004-04-02,293.344,154
2004-04-03,292.438,154
2004-04-04,292.219,154
2004-04-05,291.656,154
2004-04-06,291.219,154
2004-04-07,290.906,154
2004-04-08,290.688,154
2004-04-09,290.875,154
2004-04-10,291.469,154
2004-04-11,291.719,154
2004-04-12,291.188,154
2004-04-13,290.469,154
2004-04-14,289.688,154
2004-04-15,289.156,154
2004-04-16,288.219,154
2004-04-17,287.406,154
2004-04-18,286.875,154
2004-04-19,286.812,154
2004-04-20,287.062,154
2004-04-21,288.000,154
2004-04-22,287.594,154
2004-04-23,287.375,154
2004-04-24,287.219,154
2004-04-25,286.688,154
2004-04-26,286.188,154
2004-04-27,285.219,154
2004-04-28,284.250,154
2004-04-29,283.406,154
2004-04-30,282.594,154
2004-05-01,282.062,154
2004-05-02,281.219,154
2004-05-03,280.531,154
2004-05-04,280.500,154
2004-05-05,281.688,154
2004-05-06,283.281,154
2004-05-07,284.844,154
2004-05-08,286.250,154
2004-05-09,285.812,154
2004-05-10,285.344,154
2004-05-11,284.625,154
2004-05-12,283.969,154
2004-05-13,284.469,154
2004-05-14,286.531,154
2004-05-15,286.844,154
2004-05-16,286.281,154
2004-05-17,285.031,154
2004-05-18,284.000,154
2004-05-19,283.188,154
2004-05-20,281.969,154
2004-05-21,280.781,154
2004-05-22,279.781,154
2004-05-23,279.062,154
2004-05-24,279.469,154
2004-05-25,280.750,154
2004-05-26,281.969,154
2004-05-27,281.812,154
2004-05-28,280.594,154
2004-05-29,279.312,154
2004-05-30,278.594,154
2004-05-31,278.062,154
2004-06-01,277.844,154
2004-06-02,277.719,154
2004-06-03,277.031,154
2004-06-04,276.219,154
2004-06-05,275.469,154
2004-06-06,274.625,154
2004-06-07,274.062,154
2004-06-08,273.406,154
2004-06-09,273.062,154
2004-06-10,272.469,154
2004-06-11,272.438,154
2004-06-12,272.125,154
2004-06-13,271.938,154
2004-06-14,271.219,154
2004-06-15,270.688,154
2004-06-16,270.109,154
2004-06-17,269.469,154
2004-06-18,269.031,154
2004-06-19,268.469,154
2004-06-20,268.031,154
2004-06-21,267.562,154
2004-06-22,267.047,154
2004-06-23,266.562,154
2004-06-24,266.172,154
2004-06-25,265.844,154
2004-06-26,267.312,154
2004-06-27,273.469,154
2004-06-28,283.547,154
2004-06-29,294.547,154
2004-06-30,301.609,154
2004-07-01,302.578,154
2004-07-02,300.188,154
2004-07-03,296.078,154
2004-07-04,291.750,154
2004-07-05,287.594,154
2004-07-06,283.938,154
2004-07-07,280.562,154
2004-07-08,277.984,154
2004-07-09,277.391,154
2004-07-10,277.781,154
2004-07-11,277.156,154
2004-07-12,276.312,154
2004-07-13,274.984,154
2004-07-14,273.641,154
2004-07-15,272.500,154
2004-07-16,271.641,154
2004-07-17,271.094,154
2004-07-18,270.672,154
2004-07-19,271.891,154
2004-07-20,273.938,154
2004-07-21,274.188,154
2004-07-22,273.156,154
2004-07-23,271.922,154
2004-07-24,271.031,154
2004-07-25,270.203,154
2004-07-26,269.531,154
2004-07-27,268.844,154
2004-07-28,268.188,154
2004-07-29,267.531,154
2004-07-30,268.688,154
2004-07-31,269.078,154
2004-08-01,268.531,154
2004-08-02,267.797,154
2004-08-03,267.141,154
2004-08-04,266.516,154
2004-08-05,265.719,154
2004-08-06,264.984,154
2004-08-07,264.422,154
2004-08-08,263.703,154
2004-08-09,263.016,154
2004-08-10,262.406,154
2004-08-11,261.828,154
2004-08-12,261.172,154
2004-08-13,260.531,154
2004-08-14,259.812,154
2004-08-15,259.141,154
2004-08-16,258.484,154
2004-08-17,257.766,154
2004-08-18,257.047,154
2004-08-19,256.453,154
2004-08-20,255.703,154
2004-08-21,255.172,154
2004-08-22,254.594,154
2004-08-23,254.000,154
2004-08-24,253.375,154
2004-08-25,252.812,154
2004-08-26,252.234,154
2004-08-27,251.766,154
2004-08-28,251.422,154
2004-08-29,250.891,154
2004-08-30,250.562,154
2004-08-31,249.922,154
2004-09-01,249.406,154
2004-09-02,249.000,154
2004-09-03,248.438,154
2004-09-04,247.938,154
2004-09-05,247.398,154
2004-09-06,246.875,154
2004-09-07,246.391,154
2004-09-08,245.883,154
2004-09-09,245.320,154
2004-09-10,244.836,154
2004-09-11,244.281,154
2004-09-12,243.734,154
2004-09-13,243.258,154
2004-09-14,242.734,154
2004-09-15,242.297,154
2004-09-16,241.766,154
2004-09-17,241.289,154
2004-09-18,240.750,154
2004-09-19,240.203,154
2004-09-20,239.719,154
2004-09-21,239.188,154
2004-09-22,238.688,154
2004-09-23,238.141,154
2004-09-24,237.656,154
2004-09-25,237.156,154
2004-09-26,236.641,154
2004-09-27,236.195,154
2004-09-28,235.734,154
2004-09-29,235.508,154
2004-09-30,235.102,154
2004-10-01,234.641,154
2004-10-02,234.203,154
2004-10-03,233.836,154
2004-10-04,233.539,154
2004-10-05,233.258,154
2004-10-06,232.844,154
2004-10-07,232.391,154
2004-10-08,231.812,154
2004-10-09,231.180,154
2004-10-10,230.531,154
2004-10-11,230.273,154
2004-10-12,230.242,154
2004-10-13,230.164,154
2004-10-14,230.039,154
2004-10-15,229.805,154
2004-10-16,229.391,154
2004-10-17,228.945,154
2004-10-18,228.570,154
2004-10-19,229.742,154
2004-10-20,230.688,154
2004-10-21,230.570,154
2004-10-22,230.523,154
2004-10-23,230.328,154
2004-10-24,230.141,154
2004-10-25,232.922,154
2004-10-26,235.891,154
2004-10-27,236.375,154
2004-10-28,234.484,154
2004-10-29,232.508,154
2004-10-30,230.852,154
2004-10-31,229.562,154
2004-11-01,230.211,154
2004-11-02,230.750,154
2004-11-03,230.156,154
2004-11-04,229.164,154
2004-11-05,228.453,154
2004-11-06,229.031,154
2004-11-07,229.219,154
2004-11-08,228.508,154
2004-11-09,227.656,154
2004-11-10,226.883,154
2004-11-11,230.031,154
2004-11-12,237.977,154
2004-11-13,241.117,154
2004-11-14,240.047,154
2004-11-15,238.289,154
2004-11-16,242.836,154
2004-11-17,262.844,154
2004-11-18,284.867,154
2004-11-19,295.852,154
2004-11-20,296.586,154
2004-11-21,290.383,154
2004-11-22,281.766,154
2004-11-23,273.359,154
2004-11-24,265.891,154
2004-11-25,259.828,154
2004-11-26,255.203,154
2004-11-27,253.578,154
2004-11-28,261.188,154
2004-11-29,269.031,154
2004-11-30,270.438,154
2004-12-01,267.703,154
2004-12-02,263.609,154
2004-12-03,259.984,154
2004-12-04,256.547,154
2004-12-05,253.312,154
2004-12-06,250.094,154
2004-12-07,247.656,154
2004-12-08,246.156,154
2004-12-09,250.125,154
2004-12-10,255.219,154
2004-12-11,255.375,154
2004-12-12,251.875,154
2004-12-13,248.312,154
2004-12-14,245.219,154
2004-12-15,242.828,154
2004-12-16,240.703,154
2004-12-17,239.750,154
2004-12-18,239.750,154
2004-12-19,239.344,154
2004-12-20,238.703,154
2004-12-21,240.422,154
2004-12-22,242.219,154
2004-12-23,243.375,154
2004-12-24,244.094,154
2004-12-25,244.531,154
2004-12-26,243.609,154
2004-12-27,241.906,154
2004-12-28,240.094,154
2004-12-29,238.547,154
2004-12-30,237.516,154
2004-12-31,236.812,154
2005-01-01,236.609,154
2005-01-02,236.203,154
2005-01-03,237.016,154
2005-01-04,240.250,154
2005-01-05,243.234,154
2005-01-06,243.688,154
2005-01-07,242.562,154
2005-01-08,242.172,154
2005-01-09,241.578,154
2005-01-10,241.062,154
2005-01-11,241.344,154
2005-01-12,242.828,154
2005-01-13,244.500,154
2005-01-14,245.641,154
2005-01-15,246.531,154
2005-01-16,247.609,154
2005-01-17,250.953,154
2005-01-18,254.812,154
2005-01-19,254.703,154
2005-01-20,253.500,154
2005-01-21,253.016,154
2005-01-22,254.125,154
2005-01-23,256.828,154
2005-01-24,267.422,154
2005-01-25,277.828,154
2005-01-26,288.984,154
2005-01-27,303.281,154
2005-01-28,315.000,154
2005-01-29,326.969,154
2005-01-30,333.969,154
2005-01-31,329.094,154
2005-02-01,330.922,154
2005-02-02,336.953,154
2005-02-03,331.359,154
2005-02-04,321.875,154
2005-02-05,313.109,154
2005-02-06,306.891,154
2005-02-07,303.844,154
2005-02-08,300.094,154
2005-02-09,295.156,154
2005-02-10,292.016,154
2005-02-11,290.531,154
2005-02-12,286.812,154
2005-02-13,282.656,154
2005-02-14,278.734,154
2005-02-15,275.641,154
2005-02-16,273.312,154
2005-02-17,270.938,154
2005-02-18,268.500,154
2005-02-19,266.750,154
2005-02-20,265.000,154
2005-02-21,263.500,154
2005-02-22,262.188,154
2005-02-23,261.219,154
2005-02-24,260.344,154
2005-02-25,259.562,154
2005-02-26,258.969,154
2005-02-27,259.156,154
2005-02-28,260.438,154
2005-03-01,263.156,154
2005-03-02,266.094,154
2005-03-03,267.000,154
2005-03-04,266.062,154
2005-03-05,266.812,154
2005-03-06,266.719,154
2005-03-07,264.969,154
2005-03-08,263.625,154
2005-03-09,262.438,154
2005-03-10,261.844,154
2005-03-11,261.625,154
2005-03-12,260.094,154
2005-03-13,258.875,154
2005-03-14,258.281,154
2005-03-15,258.031,154
2005-03-16,257.312,154
2005-03-17,256.688,154
2005-03-18,256.062,154
2005-03-19,255.531,154
2005-03-20,254.938,154
2005-03-21,254.156,154
2005-03-22,253.406,154
2005-03-23,253.062,154
2005-03-24,253.094,154
2005-03-25,252.500,154
2005-03-26,251.562,154
2005-03-27,250.969,154
2005-03-28,250.281,154
2005-03-29,249.750,154
2005-03-30,249.094,154
2005-03-31,248.906,154
2005-04-01,248.906,154
2005-04-02,248.500,154
2005-04-03,248.656,154
2005-04-04,248.875,154
2005-04-05,248.844,154
2005-04-06,247.938,154
2005-04-07,247.156,154
2005-04-08,247.031,154
2005-04-09,247.000,154
2005-04-10,247.031,154
2005-04-11,246.500,154
2005-04-12,245.781,154
2005-04-13,244.906,154
2005-04-14,243.844,154
2005-04-15,243.188,154
2005-04-16,242.406,154
2005-04-17,241.562,154
2005-04-18,240.812,154
2005-04-19,240.000,154
2005-04-20,239.438,154
2005-04-21,238.781,154
2005-04-22,238.125,154
2005-04-23,237.531,154
2005-04-24,237.156,154
2005-04-25,237.250,154
2005-04-26,238.438,154
2005-04-27,239.375,154
2005-04-28,241.062,154
2005-04-29,244.906,154
2005-04-30,246.750,154
2005-05-01,245.344,154
2005-05-02,243.125,154
2005-05-03,241.062,154
2005-05-04,238.719,154
2005-05-05,236.875,154
2005-05-06,235.688,154
2005-05-07,234.969,154
2005-05-08,235.188,154
2005-05-09,236.156,154
2005-05-10,236.125,154
2005-05-11,235.688,154
2005-05-12,235.625,154
2005-05-13,235.469,154
2005-05-14,235.406,154
2005-05-15,235.250,154
2005-05-16,234.750,154
2005-05-17,233.781,154
2005-05-18,232.969,154
2005-05-19,231.969,154
2005-05-20,231.312,154
2005-05-21,230.406,154
2005-05-22,230.281,154
2005-05-23,230.250,154
2005-05-24,229.969,154
2005-05-25,230.000,154
2005-05-26,230.000,154
2005-05-27,229.906,154
2005-05-28,229.500,154
2005-05-29,228.812,154
2005-05-30,228.156,154
2005-05-31,227.594,154
2005-06-01,227.281,154
2005-06-02,226.906,154
2005-06-03,226.375,154
2005-06-04,225.906,154
2005-06-05,225.328,154
2005-06-06,224.672,154
2005-06-07,224.109,154
2005-06-08,223.562,154
2005-06-09,223.078,154
2005-06-10,222.344,154
2005-06-11,221.688,154
2005-06-12,221.016,154
2005-06-13,220.406,154
2005-06-14,219.812,154
2005-06-15,219.469,154
2005-06-16,219.156,154
2005-06-17,218.719,154
2005-06-18,220.781,154
2005-06-19,223.719,154
2005-06-20,225.766,154
2005-06-21,226.375,154
2005-06-22,225.859,154
2005-06-23,224.484,154
2005-06-24,222.953,154
2005-06-25,221.766,154
2005-06-26,220.984,154
2005-06-27,220.812,154
2005-06-28,221.938,154
2005-06-29,225.781,154
2005-06-30,228.656,154
2005-07-01,228.078,154
2005-07-02,225.984,154
2005-07-03,224.078,154
2005-07-04,222.922,154
2005-07-05,222.188,154
2005-07-06,221.500,154
2005-07-07,220.812,154
2005-07-08,220.031,154
2005-07-09,219.203,154
2005-07-10,218.469,154
2005-07-11,217.625,154
2005-07-12,216.969,154
2005-07-13,216.250,154
2005-07-14,215.484,154
2005-07-15,214.797,154
2005-07-16,214.172,154
2005-07-17,213.969,154
2005-07-18,213.984,154
2005-07-19,213.516,154
2005-07-20,213.250,154
2005-07-21,212.688,154
2005-07-22,212.000,154
2005-07-23,211.500,154
2005-07-24,211.062,154
2005-07-25,210.656,154
2005-07-26,210.172,154
2005-07-27,209.781,154
2005-07-28,209.250,154
2005-07-29,208.688,154
2005-07-30,208.109,154
2005-07-31,207.484,154
2005-08-01,206.891,154
2005-08-02,206.312,154
2005-08-03,205.734,154
2005-08-04,205.297,154
2005-08-05,204.734,154
2005-08-06,204.234,154
2005-08-07,203.688,154
2005-08-08,203.156,154
2005-08-09,202.656,154
2005-08-10,202.125,154
2005-08-11,201.656,154
2005-08-12,201.195,154
2005-08-13,200.656,154
2005-08-14,200.195,154
2005-08-15,199.688,154
2005-08-16,199.172,154
2005-08-17,198.656,154
2005-08-18,198.156,154
2005-08-19,197.617,154
2005-08-20,197.156,154
2005-08-21,196.672,154
2005-08-22,196.133,154
2005-08-23,195.703,154
2005-08-24,195.148,154
2005-08-25,194.742,154
2005-08-26,194.273,154
2005-08-27,193.828,154
2005-08-28,193.227,154
2005-08-29,192.742,154
2005-08-30,192.305,154
2005-08-31,191.891,154
2005-09-01,191.500,154
2005-09-02,191.164,154
2005-09-03,190.781,154
2005-09-04,190.328,154
2005-09-05,189.891,154
2005-09-06,189.461,154
2005-09-07,189.055,154
2005-09-08,188.617,154
2005-09-09,188.117,154
2005-09-10,187.688,154
2005-09-11,187.336,154
2005-09-12,186.977,154
2005-09-13,186.641,154
2005-09-14,186.211,154
2005-09-15,185.766,154
2005-09-16,185.414,154
2005-09-17,185.039,154
2005-09-18,184.586,154
2005-09-19,184.125,154
2005-09-20,183.688,154
2005-09-21,183.273,154
2005-09-22,182.789,154
2005-09-23,182.383,154
2005-09-24,182.000,154
2005-09-25,181.953,154
2005-09-26,181.797,154
2005-09-27,181.594,154
2005-09-28,181.305,154
2005-09-29,180.883,154
2005-09-30,180.547,154
2005-10-01,180.266,154
2005-10-02,180.312,154
2005-10-03,180.461,154
2005-10-04,180.477,154
2005-10-05,180.359,154
2005-10-06,179.797,154
2005-10-07,179.203,154
2005-10-08,178.602,154
2005-10-09,178.078,154
2005-10-10,177.438,154
2005-10-11,176.789,154
2005-10-12,176.297,154
2005-10-13,175.758,154
2005-10-14,175.297,154
2005-10-15,174.906,154
2005-10-16,174.492,154
2005-10-17,174.156,154
2005-10-18,173.867,154
2005-10-19,173.672,154
2005-10-20,173.484,154
2005-10-21,173.633,154
2005-10-22,176.578,154
2005-10-23,179.930,154
2005-10-24,180.469,154
2005-10-25,179.562,154
2005-10-26,179.922,154
2005-10-27,180.477,154
2005-10-28,180.297,154
2005-10-29,181.883,154
2005-10-30,183.070,154
2005-10-31,182.648,154
2005-11-01,181.602,154
2005-11-02,180.062,154
2005-11-03,178.539,154
2005-11-04,177.234,154
2005-11-05,176.758,154
2005-11-06,176.984,154
2005-11-07,178.039,154
2005-11-08,178.625,154
2005-11-09,178.398,154
2005-11-10,178.961,154
2005-11-11,180.219,154
2005-11-12,180.680,154
2005-11-13,180.219,154
2005-11-14,179.188,154
2005-11-15,177.789,154
2005-11-16,176.453,154
2005-11-17,175.508,154
2005-11-18,175.461,154
2005-11-19,178.844,154
2005-11-20,185.141,154
2005-11-21,189.125,154
2005-11-22,189.766,154
2005-11-23,194.125,154
2005-11-24,201.164,154
2005-11-25,208.531,154
2005-11-26,216.430,154
2005-11-27,218.234,154
2005-11-28,214.492,154
2005-11-29,208.984,154
2005-11-30,203.375,154
2005-12-01,198.844,154
2005-12-02,195.930,154
2005-12-03,196.383,154
2005-12-04,197.766,154
2005-12-05,199.766,154
2005-12-06,199.891,154
2005-12-07,202.328,154
2005-12-08,206.750,154
2005-12-09,206.469,154
2005-12-10,203.750,154
2005-12-11,201.234,154
2005-12-12,198.797,154
2005-12-13,196.734,154
2005-12-14,194.719,154
2005-12-15,192.781,154
2005-12-16,191.188,154
2005-12-17,189.594,154
2005-12-18,188.484,154
2005-12-19,187.516,154
2005-12-20,187.125,154
2005-12-21,187.328,154
2005-12-22,188.734,154
2005-12-23,190.000,154
2005-12-24,188.750,154
2005-12-25,189.703,154
2005-12-26,192.031,154
2005-12-27,194.000,154
2005-12-28,194.078,154
2005-12-29,193.672,154
2005-12-30,193.625,154
2005-12-31,193.688,154
2006-01-01,193.641,154
2006-01-02,194.312,154
2006-01-03,197.281,154
2006-01-04,199.625,154
2006-01-05,207.031,154
2006-01-06,214.766,154
2006-01-07,216.297,154
2006-01-08,216.125,154
2006-01-09,218.875,154
2006-01-10,228.344,154
2006-01-11,250.969,154
2006-01-12,305.438,154
2006-01-13,412.469,154
2006-01-14,494.375,154
2006-01-15,497.875,154
2006-01-16,491.281,154
2006-01-17,482.047,154
2006-01-18,467.703,154
2006-01-19,452.266,154
2006-01-20,439.469,154
2006-01-21,434.031,154
2006-01-22,429.781,154
2006-01-23,424.469,154
2006-01-24,419.438,154
2006-01-25,410.656,154
2006-01-26,401.719,154
2006-01-27,392.750,154
2006-01-28,384.906,154
2006-01-29,376.469,154
2006-01-30,372.125,154
2006-01-31,369.125,154
2006-02-01,365.812,154
2006-02-02,360.906,154
2006-02-03,358.406,154
2006-02-04,358.750,154
2006-02-05,355.031,154
2006-02-06,349.250,154
2006-02-07,344.688,154
2006-02-08,341.250,154
2006-02-09,342.562,154
2006-02-10,363.000,154
2006-02-11,447.719,154
2006-02-12,521.656,154
2006-02-13,512.906,154
2006-02-14,485.406,154
2006-02-15,462.062,154
2006-02-16,452.438,154
2006-02-17,458.531,154
2006-02-18,474.438,154
2006-02-19,473.938,154
2006-02-20,479.469,154
2006-02-21,491.844,154
2006-02-22,491.188,154
2006-02-23,476.344,154
2006-02-24,459.156,154
2006-02-25,454.781,154
2006-02-26,453.250,154
2006-02-27,441.531,154
2006-02-28,428.438,154
2006-03-01,419.719,154
2006-03-02,411.688,154
2006-03-03,403.156,154
2006-03-04,396.719,154
2006-03-05,394.156,154
2006-03-06,393.094,154
2006-03-07,388.781,154
2006-03-08,382.000,154
2006-03-09,374.781,154
2006-03-10,368.281,154
2006-03-11,364.031,154
2006-03-12,360.562,154
2006-03-13,355.562,154
2006-03-14,351.094,154
2006-03-15,346.438,154
2006-03-16,342.375,154
2006-03-17,338.562,154
2006-03-18,335.531,154
2006-03-19,336.031,154
2006-03-20,342.688,154
2006-03-21,349.812,154
2006-03-22,354.188,154
2006-03-23,353.281,154
2006-03-24,353.500,154
2006-03-25,360.281,154
2006-03-26,390.344,154
2006-03-27,439.719,154
2006-03-28,508.750,154
2006-03-29,574.625,154
2006-03-30,583.281,154
2006-03-31,560.938,154
2006-04-01,529.344,154
2006-04-02,501.656,154
2006-04-03,477.469,154
2006-04-04,460.625,154
2006-04-05,459.750,154
2006-04-06,494.375,154
2006-04-07,561.750,154
2006-04-08,606.906,154
2006-04-09,625.031,154
2006-04-10,634.281,154
2006-04-11,618.688,154
2006-04-12,591.281,154
2006-04-13,564.688,154
2006-04-14,541.562,154
2006-04-15,527.469,154
2006-04-16,545.594,154
2006-04-17,570.781,154
2006-04-18,571.594,154
2006-04-19,561.719,154
2006-04-20,548.531,154
2006-04-21,533.969,154
2006-04-22,517.500,154
2006-04-23,501.344,154
2006-04-24,486.281,154
2006-04-25,472.875,154
2006-04-26,462.156,154
2006-04-27,453.469,154
2006-04-28,446.031,154
2006-04-29,439.938,154
2006-04-30,434.688,154
2006-05-01,429.938,154
2006-05-02,425.750,154
2006-05-03,422.031,154
2006-05-04,418.531,154
2006-05-05,414.625,154
2006-05-06,411.375,154
2006-05-07,408.469,154
2006-05-08,405.625,154
2006-05-09,402.781,154
2006-05-10,400.375,154
2006-05-11,397.656,154
2006-05-12,394.875,154
2006-05-13,392.500,154
2006-05-14,389.875,154
2006-05-15,387.562,154
2006-05-16,385.219,154
2006-05-17,382.938,154
2006-05-18,380.844,154
2006-05-19,378.844,154
2006-05-20,379.094,154
2006-05-21,380.094,154
2006-05-22,380.625,154
2006-05-23,380.406,154
2006-05-24,379.156,154
2006-05-25,376.906,154
2006-05-26,374.812,154
2006-05-27,372.469,154
2006-05-28,370.625,154
2006-05-29,368.688,154
2006-05-30,366.500,154
2006-05-31,364.844,154
2006-06-01,363.375,154
2006-06-02,362.156,154
2006-06-03,360.469,154
2006-06-04,359.281,154
2006-06-05,358.750,154
2006-06-06,358.344,154
2006-06-07,357.750,154
2006-06-08,356.500,154
2006-06-09,354.625,154
2006-06-10,353.250,154
2006-06-11,352.469,154
2006-06-12,352.281,154
2006-06-13,352.094,154
2006-06-14,351.562,154
2006-06-15,350.219,154
2006-06-16,348.594,154
2006-06-17,346.719,154
2006-06-18,345.188,154
2006-06-19,343.531,154
2006-06-20,341.969,154
2006-06-21,340.500,154
2006-06-22,339.156,154
2006-06-23,338.078,154
2006-06-24,337.141,154
2006-06-25,336.062,154
2006-06-26,334.875,154
2006-06-27,333.766,154
2006-06-28,332.828,154
2006-06-29,331.984,154
2006-06-30,331.219,154
2006-07-01,330.156,154
2006-07-02,329.703,154
2006-07-03,329.109,154
2006-07-04,328.688,154
2006-07-05,328.188,154
2006-07-06,327.484,154
2006-07-07,326.391,154
2006-07-08,325.016,154
2006-07-09,323.750,154
2006-07-10,322.438,154
2006-07-11,321.281,154
2006-07-12,320.172,154
2006-07-13,318.844,154
2006-07-14,317.719,154
2006-07-15,316.609,154
2006-07-16,315.922,154
2006-07-17,315.188,154
2006-07-18,314.625,154
2006-07-19,313.828,154
2006-07-20,313.062,154
2006-07-21,311.969,154
2006-07-22,310.828,154
2006-07-23,309.641,154
2006-07-24,308.531,154
2006-07-25,307.609,154
2006-07-26,306.781,154
2006-07-27,305.688,154
2006-07-28,304.750,154
2006-07-29,303.828,154
2006-07-30,303.172,154
2006-07-31,302.438,154
2006-08-01,301.625,154
2006-08-02,300.844,154
2006-08-03,300.000,154
2006-08-04,299.062,154
2006-08-05,298.203,154
2006-08-06,297.203,154
2006-08-07,296.266,154
2006-08-08,295.125,154
2006-08-09,294.094,154
2006-08-10,293.141,154
2006-08-11,292.359,154
2006-08-12,291.750,154
2006-08-13,290.828,154
2006-08-14,290.031,154
2006-08-15,289.125,154
2006-08-16,288.375,154
2006-08-17,287.922,154
2006-08-18,287.734,154
2006-08-19,287.531,154
2006-08-20,287.375,154
2006-08-21,287.031,154
2006-08-22,286.555,154
2006-08-23,285.961,154
2006-08-24,285.141,154
2006-08-25,284.141,154
2006-08-26,283.055,154
2006-08-27,282.062,154
2006-08-28,281.492,154
2006-08-29,280.656,154
2006-08-30,279.883,154
2006-08-31,279.086,154
2006-09-01,278.250,154
2006-09-02,277.531,154
2006-09-03,276.688,154
2006-09-04,275.875,154
2006-09-05,275.227,154
2006-09-06,274.555,154
2006-09-07,273.938,154
2006-09-08,273.203,154
2006-09-09,272.609,154
2006-09-10,271.977,154
2006-09-11,271.367,154
2006-09-12,270.719,154
2006-09-13,270.055,154
2006-09-14,269.312,154
2006-09-15,268.531,154
2006-09-16,267.898,154
2006-09-17,267.336,154
2006-09-18,266.828,154
2006-09-19,266.211,154
2006-09-20,265.578,154
2006-09-21,264.836,154
2006-09-22,264.156,154
2006-09-23,263.438,154
2006-09-24,262.805,154
2006-09-25,262.141,154
2006-09-26,261.508,154
2006-09-27,260.812,154
2006-09-28,260.250,154
2006-09-29,259.750,154
2006-09-30,259.914,154
2006-10-01,260.602,154
2006-10-02,261.766,154
2006-10-03,263.609,154
2006-10-04,264.352,154
2006-10-05,263.453,154
2006-10-06,262.031,154
2006-10-07,260.961,154
2006-10-08,260.086,154
2006-10-09,259.039,154
2006-10-10,257.859,154
2006-10-11,256.922,154
2006-10-12,256.359,154
2006-10-13,255.969,154
2006-10-14,255.312,154
2006-10-15,254.656,154
2006-10-16,254.375,154
2006-10-17,254.375,154
2006-10-18,254.328,154
2006-10-19,254.461,154
2006-10-20,254.406,154
2006-10-21,254.531,154
2006-10-22,254.477,154
2006-10-23,254.141,154
2006-10-24,253.273,154
2006-10-25,252.938,154
2006-10-26,252.969,154
2006-10-27,252.367,154
2006-10-28,251.656,154
2006-10-29,251.289,154
2006-10-30,251.336,154
2006-10-31,251.391,154
2006-11-01,251.922,154
2006-11-02,254.992,154
2006-11-03,257.453,154
2006-11-04,259.523,154
2006-11-05,263.047,154
2006-11-06,268.719,154
2006-11-07,276.562,154
2006-11-08,283.195,154
2006-11-09,284.320,154
2006-11-10,289.617,154
2006-11-11,293.500,154
2006-11-12,291.852,154
2006-11-13,287.445,154
2006-11-14,282.359,154
2006-11-15,277.609,154
2006-11-16,273.352,154
2006-11-17,269.391,154
2006-11-18,265.812,154
2006-11-19,262.758,154
2006-11-20,261.133,154
2006-11-21,260.125,154
2006-11-22,259.047,154
2006-11-23,257.773,154
2006-11-24,256.156,154
2006-11-25,255.297,154
2006-11-26,255.328,154
2006-11-27,255.484,154
2006-11-28,256.562,154
2006-11-29,262.734,154
2006-11-30,267.625,154
2006-12-01,271.734,154
2006-12-02,277.812,154
2006-12-03,278.109,154
2006-12-04,277.219,154
2006-12-05,281.234,154
2006-12-06,290.109,154
2006-12-07,295.000,154
2006-12-08,305.172,154
2006-12-09,333.172,154
2006-12-10,384.781,154
2006-12-11,432.281,154
2006-12-12,452.219,154
2006-12-13,464.062,154
2006-12-14,470.359,154
2006-12-15,464.938,154
2006-12-16,460.359,154
2006-12-17,453.797,154
2006-12-18,440.766,154
2006-12-19,426.500,154
2006-12-20,414.312,154
2006-12-21,402.922,154
2006-12-22,394.844,154
2006-12-23,390.750,154
2006-12-24,386.391,154
2006-12-25,380.328,154
2006-12-26,371.016,154
2006-12-27,364.109,154
2006-12-28,360.766,154
2006-12-29,366.203,154
2006-12-30,373.984,154
2006-12-31,387.438,154
2007-01-01,405.203,154
2007-01-02,425.125,154
2007-01-03,451.969,154
2007-01-04,467.531,154
2007-01-05,474.266,154
2007-01-06,492.109,154
2007-01-07,504.484,154
2007-01-08,513.312,154
2007-01-09,537.219,154
2007-01-10,536.703,154
2007-01-11,515.078,154
2007-01-12,494.422,154
2007-01-13,478.438,154
2007-01-14,473.797,154
2007-01-15,489.172,154
2007-01-16,501.016,154
2007-01-17,517.250,154
2007-01-18,524.156,154
2007-01-19,523.859,154
2007-01-20,517.078,154
2007-01-21,515.594,154
2007-01-22,528.484,154
2007-01-23,534.641,154
2007-01-24,535.828,154
2007-01-25,554.734,154
2007-01-26,597.938,154
2007-01-27,665.328,154
2007-01-28,748.094,154
2007-01-29,812.641,154
2007-01-30,850.844,154
2007-01-31,889.062,154
2007-02-01,945.422,154
2007-02-02,980.547,154
2007-02-03,1024.531,154
2007-02-04,1064.391,154
2007-02-05,1060.703,154
2007-02-06,1089.281,154
2007-02-07,1102.109,154
2007-02-08,1112.453,154
2007-02-09,1121.297,154
2007-02-10,1115.844,154
2007-02-11,1127.875,154
2007-02-12,1173.312,154
2007-02-13,1234.906,154
2007-02-14,1294.469,154
2007-02-15,1306.500,154
2007-02-16,1320.844,154
2007-02-17,1382.078,154
2007-02-18,1424.984,154
2007-02-19,1435.266,154
2007-02-20,1417.359,154
2007-02-21,1377.875,154
2007-02-22,1330.031,154
2007-02-23,1287.953,154
2007-02-24,1249.391,154
2007-02-25,1205.766,154
2007-02-26,1160.016,154
2007-02-27,1117.219,154
2007-02-28,1077.359,154
2007-03-01,1038.469,154
2007-03-02,1002.984,154
2007-03-03,978.656,154
2007-03-04,972.906,154
2007-03-05,961.172,154
2007-03-06,936.562,154
2007-03-07,912.047,154
2007-03-08,887.250,154
2007-03-09,862.594,154
2007-03-10,839.734,154
2007-03-11,821.641,154
2007-03-12,819.000,154
2007-03-13,823.641,154
2007-03-14,819.516,154
2007-03-15,810.094,154
2007-03-16,813.156,154
2007-03-17,827.422,154
2007-03-18,900.469,154
2007-03-19,1036.688,154
2007-03-20,1079.531,154
2007-03-21,1038.469,154
2007-03-22,993.656,154
2007-03-23,952.969,154
2007-03-24,926.031,154
2007-03-25,901.344,154
2007-03-26,877.062,154
2007-03-27,854.906,154
2007-03-28,834.031,154
2007-03-29,815.688,154
2007-03-30,798.875,154
2007-03-31,783.531,154
2007-04-01,770.469,154
2007-04-02,759.250,154
2007-04-03,748.188,154
2007-04-04,737.562,154
2007-04-05,728.125,154
2007-04-06,720.000,154
2007-04-07,715.438,154
2007-04-08,720.406,154
2007-04-09,727.688,154
2007-04-10,724.125,154
2007-04-11,716.000,154
2007-04-12,709.250,154
2007-04-13,720.812,154
2007-04-14,748.469,154
2007-04-15,761.062,154
2007-04-16,756.656,154
2007-04-17,747.844,154
2007-04-18,733.750,154
2007-04-19,718.812,154
2007-04-20,705.688,154
2007-04-21,694.562,154
2007-04-22,685.781,154
2007-04-23,678.656,154
2007-04-24,671.500,154
2007-04-25,665.000,154
2007-04-26,661.344,154
2007-04-27,664.562,154
2007-04-28,665.000,154
2007-04-29,659.375,154
2007-04-30,652.969,154
2007-05-01,647.656,154
2007-05-02,642.656,154
2007-05-03,637.969,154
2007-05-04,633.438,154
2007-05-05,629.219,154
2007-05-06,625.219,154
2007-05-07,621.562,154
2007-05-08,618.531,154
2007-05-09,616.125,154
2007-05-10,613.375,154
2007-05-11,610.750,154
2007-05-12,608.250,154
2007-05-13,605.500,154
2007-05-14,602.938,154
2007-05-15,600.344,154
2007-05-16,597.781,154
2007-05-17,595.875,154
2007-05-18,594.344,154
2007-05-19,592.688,154
2007-05-20,591.000,154
2007-05-21,589.156,154
2007-05-22,595.781,154
2007-05-23,602.875,154
2007-05-24,600.719,154
2007-05-25,594.656,154
2007-05-26,589.844,154
2007-05-27,586.406,154
2007-05-28,584.062,154
2007-05-29,581.875,154
2007-05-30,579.750,154
2007-05-31,577.688,154
2007-06-01,575.469,154
2007-06-02,573.500,154
2007-06-03,571.656,154
2007-06-04,569.406,154
2007-06-05,567.406,154
2007-06-06,565.281,154
2007-06-07,563.469,154
2007-06-08,561.375,154
2007-06-09,559.562,154
2007-06-10,557.812,154
2007-06-11,555.812,154
2007-06-12,553.906,154
2007-06-13,552.031,154
2007-06-14,549.938,154
2007-06-15,548.094,154
2007-06-16,546.719,154
2007-06-17,545.094,154
2007-06-18,543.547,154
2007-06-19,542.000,154
2007-06-20,540.125,154
2007-06-21,538.594,154
2007-06-22,536.797,154
2007-06-23,535.172,154
2007-06-24,533.688,154
2007-06-25,532.219,154
2007-06-26,531.062,154
2007-06-27,529.688,154
2007-06-28,528.406,154
2007-06-29,526.875,154
2007-06-30,525.359,154
2007-07-01,524.000,154
2007-07-02,522.516,154
2007-07-03,521.109,154
2007-07-04,519.719,154
2007-07-05,518.109,154
2007-07-06,516.453,154
2007-07-07,514.750,154
2007-07-08,513.203,154
2007-07-09,512.641,154
2007-07-10,512.406,154
2007-07-11,511.188,154
2007-07-12,509.641,154
2007-07-13,508.047,154
2007-07-14,506.594,154
2007-07-15,505.125,154
2007-07-16,503.750,154
2007-07-17,502.750,154
2007-07-18,502.469,154
2007-07-19,501.984,154
2007-07-20,500.609,154
2007-07-21,499.031,154
2007-07-22,497.453,154
2007-07-23,496.266,154
2007-07-24,494.734,154
2007-07-25,493.812,154
2007-07-26,492.688,154
2007-07-27,491.609,154
2007-07-28,490.172,154
2007-07-29,489.062,154
2007-07-30,487.609,154
2007-07-31,486.266,154
2007-08-01,485.016,154
2007-08-02,483.594,154
2007-08-03,482.266,154
2007-08-04,480.969,154
2007-08-05,479.766,154
2007-08-06,478.453,154
2007-08-07,477.062,154
2007-08-08,475.859,154
2007-08-09,474.578,154
2007-08-10,473.312,154
2007-08-11,471.953,154
2007-08-12,470.578,154
2007-08-13,469.281,154
2007-08-14,467.953,154
2007-08-15,466.578,154
2007-08-16,465.422,154
2007-08-17,464.125,154
2007-08-18,462.969,154
2007-08-19,461.977,154
2007-08-20,460.805,154
2007-08-21,459.719,154
2007-08-22,458.492,154
2007-08-23,457.227,154
2007-08-24,455.930,154
2007-08-25,454.648,154
2007-08-26,453.516,154
2007-08-27,452.562,154
2007-08-28,451.594,154
2007-08-29,450.719,154
2007-08-30,449.859,154
2007-08-31,448.828,154
2007-09-01,447.711,154
2007-09-02,446.594,154
2007-09-03,445.328,154
2007-09-04,444.133,154
2007-09-05,442.945,154
2007-09-06,441.812,154
2007-09-07,440.617,154
2007-09-08,439.492,154
2007-09-09,438.391,154
2007-09-10,437.312,154
2007-09-11,436.188,154
2007-09-12,434.883,154
2007-09-13,433.891,154
2007-09-14,432.844,154
2007-09-15,431.812,154
2007-09-16,430.719,154
2007-09-17,429.688,154
2007-09-18,428.656,154
2007-09-19,427.758,154
2007-09-20,426.719,154
2007-09-21,425.625,154
2007-09-22,424.648,154
2007-09-23,423.570,154
2007-09-24,422.508,154
2007-09-25,421.523,154
2007-09-26,420.539,154
2007-09-27,419.430,154
2007-09-28,418.430,154
2007-09-29,417.391,154
2007-09-30,416.484,154
2007-10-01,415.461,154
2007-10-02,414.492,154
2007-10-03,413.523,154
2007-10-04,412.555,154
2007-10-05,411.430,154
2007-10-06,410.414,154
2007-10-07,409.906,154
2007-10-08,408.969,154
2007-10-09,408.258,154
2007-10-10,407.141,154
2007-10-11,406.031,154
2007-10-12,405.070,154
2007-10-13,404.398,154
2007-10-14,403.703,154
2007-10-15,403.102,154
2007-10-16,402.859,154
2007-10-17,402.875,154
2007-10-18,402.938,154
2007-10-19,402.484,154
2007-10-20,402.070,154
2007-10-21,401.609,154
2007-10-22,400.781,154
2007-10-23,400.172,154
2007-10-24,399.523,154
2007-10-25,399.609,154
2007-10-26,399.242,154
2007-10-27,398.523,154
2007-10-28,397.461,154
2007-10-29,396.344,154
2007-10-30,395.094,154
2007-10-31,393.586,154
2007-11-01,392.055,154
2007-11-02,390.711,154
2007-11-03,389.477,154
2007-11-04,388.555,154
2007-11-05,388.398,154
2007-11-06,387.195,154
2007-11-07,386.641,154
2007-11-08,386.156,154
2007-11-09,385.320,154
2007-11-10,384.773,154
2007-11-11,383.789,154
2007-11-12,382.805,154
2007-11-13,382.109,154
2007-11-14,381.211,154
2007-11-15,381.047,154
2007-11-16,380.656,154
2007-11-17,380.047,154
2007-11-18,378.805,154
2007-11-19,377.617,154
2007-11-20,377.055,154
2007-11-21,376.312,154
2007-11-22,376.484,154
2007-11-23,376.859,154
2007-11-24,377.484,154
2007-11-25,379.312,154
2007-11-26,385.547,154
2007-11-27,386.656,154
2007-11-28,386.734,154
2007-11-29,386.094,154
2007-11-30,385.453,154
2007-12-01,384.797,154
2007-12-02,383.469,154
2007-12-03,383.000,154
2007-12-04,383.797,154
2007-12-05,389.266,154
2007-12-06,401.734,154
2007-12-07,422.391,154
2007-12-08,434.219,154
2007-12-09,433.250,154
2007-12-10,443.188,154
2007-12-11,457.703,154
2007-12-12,476.109,154
2007-12-13,512.562,154
2007-12-14,552.547,154
2007-12-15,578.547,154
2007-12-16,592.344,154
2007-12-17,620.531,154
2007-12-18,637.500,154
2007-12-19,633.234,154
2007-12-20,632.531,154
2007-12-21,622.203,154
2007-12-22,602.406,154
2007-12-23,580.922,154
2007-12-24,560.922,154
2007-12-25,543.891,154
2007-12-26,531.328,154
2007-12-27,521.969,154
2007-12-28,515.906,154
2007-12-29,514.812,154
2007-12-30,511.250,154
2007-12-31,506.469,154
2008-01-01,505.453,154
2008-01-02,509.109,154
2008-01-03,514.062,154
2008-01-04,515.438,154
2008-01-05,517.594,154
2008-01-06,524.906,154
2008-01-07,528.297,154
2008-01-08,522.297,154
2008-01-09,522.234,154
2008-01-10,535.500,154
2008-01-11,548.984,154
2008-01-12,549.438,154
2008-01-13,567.844,154
2008-01-14,589.094,154
2008-01-15,603.656,154
2008-01-16,611.188,154
2008-01-17,607.812,154
2008-01-18,606.125,154
2008-01-19,603.094,154
2008-01-20,604.344,154
2008-01-21,667.906,154
2008-01-22,696.375,154
2008-01-23,715.156,154
2008-01-24,772.406,154
2008-01-25,849.000,154
2008-01-26,947.906,154
2008-01-27,2455.250,154
2008-01-28,4225.625,154
2008-01-29,4000.000,154
2008-01-30,3714.938,154
2008-01-31,3560.656,154
2008-02-01,3381.094,154
2008-02-02,3176.250,154
2008-02-03,2988.625,154
2008-02-04,2808.031,154
2008-02-05,2632.969,154
2008-02-06,2468.625,154
2008-02-07,2313.688,154
2008-02-08,2172.062,154
2008-02-09,2045.625,154
2008-02-10,1946.062,154
2008-02-11,1899.062,154
2008-02-12,1874.375,154
2008-02-13,1826.000,154
2008-02-14,1753.719,154
2008-02-15,1676.438,154
2008-02-16,1608.688,154
2008-02-17,1543.406,154
2008-02-18,1479.062,154
2008-02-19,1418.719,154
2008-02-20,1363.094,154
2008-02-21,1311.594,154
2008-02-22,1271.062,154
2008-02-23,1241.719,154
2008-02-24,1229.031,154
2008-02-25,1226.719,154
2008-02-26,1230.062,154
2008-02-27,1246.094,154
2008-02-28,1268.844,154
2008-02-29,1322.094,154
2008-03-01,1365.844,154
2008-03-02,1367.906,154
2008-03-03,1342.875,154
2008-03-04,1300.969,154
2008-03-05,1252.938,154
2008-03-06,1205.094,154
2008-03-07,1172.312,154
2008-03-08,1148.375,154
2008-03-09,1122.125,154
2008-03-10,1104.875,154
2008-03-11,1122.438,154
2008-03-12,1200.188,154
2008-03-13,1295.531,154
2008-03-14,1351.062,154
2008-03-15,1356.375,154
2008-03-16,1328.875,154
2008-03-17,1287.500,154
2008-03-18,1240.531,154
2008-03-19,1193.062,154
2008-03-20,1148.344,154
2008-03-21,1109.375,154
2008-03-22,1075.938,154
2008-03-23,1045.719,154
2008-03-24,1020.781,154
2008-03-25,1001.500,154
2008-03-26,982.625,154
2008-03-27,964.531,154
2008-03-28,948.500,154
2008-03-29,939.312,154
2008-03-30,933.969,154
2008-03-31,925.125,154
2008-04-01,920.188,154
2008-04-02,942.750,154
2008-04-03,1011.594,154
2008-04-04,1079.031,154
2008-04-05,1095.125,154
2008-04-06,1075.062,154
2008-04-07,1042.531,154
2008-04-08,1006.906,154
2008-04-09,974.406,154
2008-04-10,947.469,154
2008-04-11,927.219,154
2008-04-12,912.688,154
2008-04-13,901.781,154
2008-04-14,893.688,154
2008-04-15,888.031,154
2008-04-16,883.344,154
2008-04-17,878.000,154
2008-04-18,873.031,154
2008-04-19,869.281,154
2008-04-20,867.438,154
2008-04-21,866.875,154
2008-04-22,865.188,154
2008-04-23,861.250,154
2008-04-24,857.281,154
2008-04-25,853.219,154
2008-04-26,848.719,154
2008-04-27,844.312,154
2008-04-28,840.469,154
2008-04-29,837.312,154
2008-04-30,850.312,154
2008-05-01,865.875,154
2008-05-02,867.062,154
2008-05-03,857.750,154
2008-05-04,844.969,154
2008-05-05,835.688,154
2008-05-06,829.062,154
2008-05-07,824.000,154
2008-05-08,820.250,154
2008-05-09,816.812,154
2008-05-10,813.250,154
2008-05-11,809.188,154
2008-05-12,806.219,154
2008-05-13,804.062,154
2008-05-14,801.719,154
2008-05-15,798.469,154
2008-05-16,795.594,154
2008-05-17,793.438,154
2008-05-18,790.969,154
2008-05-19,787.844,154
2008-05-20,784.406,154
2008-05-21,781.344,154
2008-05-22,778.094,154
2008-05-23,774.844,154
2008-05-24,771.750,154
2008-05-25,769.031,154
2008-05-26,766.406,154
2008-05-27,763.125,154
2008-05-28,759.781,154
2008-05-29,759.656,154
2008-05-30,760.688,154
2008-05-31,759.094,154
2008-06-01,755.375,154
2008-06-02,752.250,154
2008-06-03,749.375,154
2008-06-04,746.281,154
2008-06-05,743.219,154
2008-06-06,740.094,154
2008-06-07,736.844,154
2008-06-08,733.938,154
2008-06-09,731.094,154
2008-06-10,728.781,154
2008-06-11,726.438,154
2008-06-12,724.438,154
2008-06-13,725.094,154
2008-06-14,725.562,154
2008-06-15,723.000,154
2008-06-16,720.000,154
2008-06-17,717.500,154
2008-06-18,714.938,154
2008-06-19,712.031,154
2008-06-20,709.250,154
2008-06-21,706.844,154
2008-06-22,704.969,154
2008-06-23,703.031,154
2008-06-24,700.781,154
2008-06-25,698.375,154
2008-06-26,695.656,154
2008-06-27,693.500,154
2008-06-28,692.125,154
2008-06-29,691.344,154
2008-06-30,689.969,154
2008-07-01,687.719,154
2008-07-02,684.906,154
2008-07-03,682.391,154
2008-07-04,679.484,154
2008-07-05,677.031,154
2008-07-06,674.312,154
2008-07-07,671.609,154
2008-07-08,669.312,154
2008-07-09,671.406,154
2008-07-10,673.625,154
2008-07-11,671.781,154
2008-07-12,668.562,154
2008-07-13,665.078,154
2008-07-14,661.781,154
2008-07-15,658.891,154
2008-07-16,656.203,154
2008-07-17,653.641,154
2008-07-18,651.016,154
2008-07-19,648.594,154
2008-07-20,646.562,154
2008-07-21,644.344,154
2008-07-22,642.078,154
2008-07-23,640.219,154
2008-07-24,638.641,154
2008-07-25,636.953,154
2008-07-26,634.969,154
2008-07-27,632.438,154
2008-07-28,629.938,154
2008-07-29,627.500,154
2008-07-30,625.328,154
2008-07-31,624.062,154
2008-08-01,626.797,154
2008-08-02,632.875,154
2008-08-03,635.672,154
2008-08-04,632.625,154
2008-08-05,628.125,154
2008-08-06,625.766,154
2008-08-07,623.281,154
2008-08-08,620.516,154
2008-08-09,618.297,154
2008-08-10,616.484,154
2008-08-11,614.406,154
2008-08-12,612.469,154
2008-08-13,611.500,154
2008-08-14,610.156,154
2008-08-15,608.094,154
2008-08-16,606.250,154
2008-08-17,604.406,154
2008-08-18,602.984,154
2008-08-19,601.375,154
2008-08-20,599.250,154
2008-08-21,596.953,154
2008-08-22,594.641,154
2008-08-23,592.422,154
2008-08-24,590.344,154
2008-08-25,588.078,154
2008-08-26,585.969,154
2008-08-27,583.711,154
2008-08-28,581.555,154
2008-08-29,579.875,154
2008-08-30,578.625,154
2008-08-31,576.953,154
2008-09-01,575.281,154
2008-09-02,573.188,154
2008-09-03,570.805,154
2008-09-04,568.492,154
2008-09-05,566.555,154
2008-09-06,565.023,154
2008-09-07,563.523,154
2008-09-08,561.742,154
2008-09-09,559.836,154
2008-09-10,557.852,154
2008-09-11,555.797,154
2008-09-12,554.102,154
2008-09-13,552.828,154
2008-09-14,551.828,154
2008-09-15,550.633,154
2008-09-16,548.906,154
2008-09-17,546.969,154
2008-09-18,545.000,154
2008-09-19,543.000,154
2008-09-20,541.297,154
2008-09-21,540.117,154
2008-09-22,538.961,154
2008-09-23,537.523,154
2008-09-24,535.805,154
2008-09-25,534.062,154
2008-09-26,532.320,154
2008-09-27,530.562,154
2008-09-28,528.578,154
2008-09-29,526.367,154
2008-09-30,524.430,154
2008-10-01,522.984,154
2008-10-02,521.992,154
2008-10-03,520.945,154
2008-10-04,520.734,154
2008-10-05,528.266,154
2008-10-06,533.883,154
2008-10-07,531.297,154
2008-10-08,526.836,154
2008-10-09,522.414,154
2008-10-10,518.789,154
2008-10-11,520.703,154
2008-10-12,526.875,154
2008-10-13,528.945,154
2008-10-14,525.969,154
2008-10-15,521.125,154
2008-10-16,516.375,154
2008-10-17,512.820,154
2008-10-18,510.445,154
2008-10-19,508.422,154
2008-10-20,506.375,154
2008-10-21,504.352,154
2008-10-22,502.258,154
2008-10-23,500.430,154
2008-10-24,498.906,154
2008-10-25,497.633,154
2008-10-26,496.320,154
2008-10-27,495.047,154
2008-10-28,494.070,154
2008-10-29,493.156,154
2008-10-30,492.930,154
2008-10-31,502.391,154
2008-11-01,520.641,154
2008-11-02,538.617,154
2008-11-03,563.164,154
2008-11-04,579.727,154
2008-11-05,597.594,154
2008-11-06,622.938,154
2008-11-07,667.297,154
2008-11-08,705.438,154
2008-11-09,717.789,154
2008-11-10,726.648,154
2008-11-11,733.750,154
2008-11-12,732.148,154
2008-11-13,721.570,154
2008-11-14,705.406,154
2008-11-15,686.922,154
2008-11-16,671.180,154
2008-11-17,675.602,154
2008-11-18,691.453,154
2008-11-19,696.750,154
2008-11-20,689.703,154
2008-11-21,675.406,154
2008-11-22,659.031,154
2008-11-23,642.539,154
2008-11-24,626.766,154
2008-11-25,612.125,154
2008-11-26,599.219,154
2008-11-27,587.562,154
2008-11-28,576.578,154
2008-11-29,566.703,154
2008-11-30,558.375,154
2008-12-01,551.125,154
2008-12-02,544.766,154
2008-12-03,538.828,154
2008-12-04,533.531,154
2008-12-05,528.422,154
2008-12-06,524.016,154
2008-12-07,520.000,154
2008-12-08,516.469,154
2008-12-09,513.422,154
2008-12-10,510.609,154
2008-12-11,509.516,154
2008-12-12,515.141,154
2008-12-13,520.562,154
2008-12-14,531.672,154
2008-12-15,546.406,154
2008-12-16,552.578,154
2008-12-17,548.453,154
2008-12-18,540.125,154
2008-12-19,531.406,154
2008-12-20,524.219,154
2008-12-21,518.203,154
2008-12-22,514.422,154
2008-12-23,511.750,154
2008-12-24,509.188,154
2008-12-25,507.500,154
2008-12-26,507.312,154
2008-12-27,506.766,154
2008-12-28,505.469,154
2008-12-29,502.906,154
2008-12-30,501.469,154
2008-12-31,500.531,154
2009-01-01,499.469,154
2009-01-02,498.656,154
2009-01-03,501.719,154
2009-01-04,504.266,154
2009-01-05,503.281,154
2009-01-06,499.875,154
2009-01-07,496.641,154
2009-01-08,494.344,154
2009-01-09,492.578,154
2009-01-10,490.859,154
2009-01-11,489.359,154
2009-01-12,487.953,154
2009-01-13,486.359,154
2009-01-14,484.594,154
2009-01-15,482.938,154
2009-01-16,485.906,154
2009-01-17,494.750,154
2009-01-18,501.062,154
2009-01-19,509.406,154
2009-01-20,513.219,154
2009-01-21,509.500,154
2009-01-22,503.250,154
2009-01-23,497.531,154
2009-01-24,492.062,154
2009-01-25,487.781,154
2009-01-26,484.312,154
2009-01-27,481.344,154
2009-01-28,479.500,154
2009-01-29,477.844,154
2009-01-30,476.469,154
2009-01-31,474.312,154
2009-02-01,472.781,154
2009-02-02,472.312,154
2009-02-03,472.156,154
2009-02-04,471.469,154
2009-02-05,472.250,154
2009-02-06,471.750,154
2009-02-07,470.312,154
2009-02-08,469.688,154
2009-02-09,470.312,154
2009-02-10,476.375,154
2009-02-11,482.500,154
2009-02-12,485.688,154
2009-02-13,486.500,154
2009-02-14,484.844,154
2009-02-15,481.156,154
2009-02-16,477.938,154
2009-02-17,477.812,154
2009-02-18,479.656,154
2009-02-19,481.312,154
2009-02-20,481.594,154
2009-02-21,477.656,154
2009-02-22,473.750,154
2009-02-23,470.406,154
2009-02-24,469.812,154
2009-02-25,473.125,154
2009-02-26,479.938,154
2009-02-27,488.312,154
2009-02-28,499.625,154
2009-03-01,506.812,154
2009-03-02,507.375,154
2009-03-03,505.281,154
2009-03-04,498.781,154
2009-03-05,492.469,154
2009-03-06,487.062,154
2009-03-07,482.031,154
2009-03-08,477.438,154
2009-03-09,474.219,154
2009-03-10,472.500,154
2009-03-11,474.906,154
2009-03-12,484.875,154
2009-03-13,519.281,154
2009-03-14,556.438,154
2009-03-15,567.094,154
2009-03-16,564.469,154
2009-03-17,556.656,154
2009-03-18,554.312,154
2009-03-19,558.844,154
2009-03-20,565.594,154
2009-03-21,574.562,154
2009-03-22,587.906,154
2009-03-23,592.250,154
2009-03-24,599.531,154
2009-03-25,615.938,154
2009-03-26,635.438,154
2009-03-27,661.312,154
2009-03-28,686.062,154
2009-03-29,716.969,154
2009-03-30,729.000,154
2009-03-31,727.969,154
2009-04-01,732.969,154
2009-04-02,735.594,154
2009-04-03,733.094,154
2009-04-04,738.031,154
2009-04-05,736.344,154
2009-04-06,730.438,154
2009-04-07,726.031,154
2009-04-08,719.469,154
2009-04-09,708.375,154
2009-04-10,694.812,154
2009-04-11,679.906,154
2009-04-12,665.156,154
2009-04-13,651.031,154
2009-04-14,637.312,154
2009-04-15,624.969,154
2009-04-16,613.219,154
2009-04-17,602.250,154
2009-04-18,591.094,154
2009-04-19,581.250,154
2009-04-20,571.688,154
2009-04-21,562.812,154
2009-04-22,554.406,154
2009-04-23,546.500,154
2009-04-24,539.375,154
2009-04-25,533.062,154
2009-04-26,527.125,154
2009-04-27,521.094,154
2009-04-28,515.562,154
2009-04-29,510.344,154
2009-04-30,505.531,154
2009-05-01,501.094,154
2009-05-02,496.812,154
2009-05-03,492.781,154
2009-05-04,489.000,154
2009-05-05,485.719,154
2009-05-06,482.719,154
2009-05-07,480.062,154
2009-05-08,477.719,154
2009-05-09,475.594,154
2009-05-10,473.312,154
2009-05-11,471.688,154
2009-05-12,470.062,154
2009-05-13,468.719,154
2009-05-14,467.500,154
2009-05-15,466.875,154
2009-05-16,465.875,154
2009-05-17,464.656,154
2009-05-18,463.062,154
2009-05-19,461.219,154
2009-05-20,459.281,154
2009-05-21,457.375,154
2009-05-22,455.938,154
2009-05-23,454.406,154
2009-05-24,453.250,154
2009-05-25,452.500,154
2009-05-26,452.094,154
2009-05-27,451.375,154
2009-05-28,451.188,154
2009-05-29,451.156,154
2009-05-30,451.031,154
2009-05-31,450.094,154
2009-06-01,448.656,154
2009-06-02,447.125,154
2009-06-03,445.688,154
2009-06-04,444.188,154
2009-06-05,442.500,154
2009-06-06,441.312,154
2009-06-07,440.031,154
2009-06-08,438.875,154
2009-06-09,437.719,154
2009-06-10,436.688,154
2009-06-11,436.031,154
2009-06-12,435.562,154
2009-06-13,434.750,154
2009-06-14,433.656,154
2009-06-15,432.438,154
2009-06-16,431.250,154
2009-06-17,430.250,154
2009-06-18,428.938,154
2009-06-19,427.875,154
2009-06-20,426.812,154
2009-06-21,425.344,154
2009-06-22,424.188,154
2009-06-23,422.938,154
2009-06-24,422.656,154
2009-06-25,422.438,154
2009-06-26,422.188,154
2009-06-27,421.406,154
2009-06-28,420.688,154
2009-06-29,420.312,154
2009-06-30,419.812,154
2009-07-01,418.781,154
2009-07-02,417.812,154
2009-07-03,416.750,154
2009-07-04,415.844,154
2009-07-05,414.672,154
2009-07-06,413.438,154
2009-07-07,412.281,154
2009-07-08,411.297,154
2009-07-09,410.828,154
2009-07-10,411.141,154
2009-07-11,411.703,154
2009-07-12,411.375,154
2009-07-13,411.078,154
2009-07-14,410.359,154
2009-07-15,409.531,154
2009-07-16,408.688,154
2009-07-17,407.797,154
2009-07-18,406.750,154
2009-07-19,405.625,154
2009-07-20,404.484,154
2009-07-21,403.203,154
2009-07-22,402.062,154
2009-07-23,401.391,154
2009-07-24,400.516,154
2009-07-25,399.641,154
2009-07-26,398.828,154
2009-07-27,397.953,154
2009-07-28,397.062,154
2009-07-29,396.281,154
2009-07-30,395.406,154
2009-07-31,394.484,154
2009-08-01,393.609,154
2009-08-02,392.828,154
2009-08-03,392.641,154
2009-08-04,391.984,154
2009-08-05,391.156,154
2009-08-06,390.297,154
2009-08-07,389.484,154
2009-08-08,388.609,154
2009-08-09,387.641,154
2009-08-10,386.734,154
2009-08-11,386.062,154
2009-08-12,385.234,154
2009-08-13,384.359,154
2009-08-14,383.562,154
2009-08-15,382.531,154
2009-08-16,381.641,154
2009-08-17,380.812,154
2009-08-18,380.172,154
2009-08-19,379.516,154
2009-08-20,379.109,154
2009-08-21,378.281,154
2009-08-22,377.781,154
2009-08-23,377.109,154
2009-08-24,377.141,154
2009-08-25,377.312,154
2009-08-26,377.359,154
2009-08-27,376.531,154
2009-08-28,375.578,154
2009-08-29,374.969,154
2009-08-30,374.219,154
2009-08-31,373.188,154
2009-09-01,372.195,154
2009-09-02,371.305,154
2009-09-03,370.391,154
2009-09-04,369.500,154
2009-09-05,368.891,154
2009-09-06,368.320,154
2009-09-07,367.648,154
2009-09-08,366.969,154
2009-09-09,366.273,154
2009-09-10,365.625,154
2009-09-11,365.078,154
2009-09-12,364.359,154
2009-09-13,363.633,154
2009-09-14,362.938,154
2009-09-15,362.266,154
2009-09-16,361.547,154
2009-09-17,360.727,154
2009-09-18,359.984,154
2009-09-19,359.234,154
2009-09-20,358.500,154
2009-09-21,357.812,154
2009-09-22,357.125,154
2009-09-23,356.750,154
2009-09-24,356.125,154
2009-09-25,355.562,154
2009-09-26,354.828,154
2009-09-27,354.117,154
2009-09-28,353.383,154
2009-09-29,352.695,154
2009-09-30,351.922,154
2009-10-01,351.227,154
2009-10-02,350.492,154
2009-10-03,349.891,154
2009-10-04,349.250,154
2009-10-05,348.508,154
2009-10-06,347.828,154
2009-10-07,347.125,154
2009-10-08,346.531,154
2009-10-09,346.133,154
2009-10-10,345.586,154
2009-10-11,344.891,154
2009-10-12,344.305,154
2009-10-13,343.570,154
2009-10-14,342.844,154
2009-10-15,342.188,154
2009-10-16,341.516,154
2009-10-17,340.969,154
2009-10-18,340.492,154
2009-10-19,340.125,154
2009-10-20,340.211,154
2009-10-21,340.430,154
2009-10-22,340.922,154
2009-10-23,340.961,154
2009-10-24,340.945,154
2009-10-25,340.914,154
2009-10-26,341.859,154
2009-10-27,342.539,154
2009-10-28,342.625,154
2009-10-29,342.156,154
2009-10-30,341.156,154
2009-10-31,339.875,154
2009-11-01,338.438,154
2009-11-02,337.125,154
2009-11-03,335.844,154
2009-11-04,334.773,154
2009-11-05,333.961,154
2009-11-06,333.016,154
2009-11-07,332.234,154
2009-11-08,331.820,154
2009-11-09,331.344,154
2009-11-10,331.461,154
2009-11-11,330.984,154
2009-11-12,330.062,154
2009-11-13,329.195,154
2009-11-14,328.312,154
2009-11-15,327.500,154
2009-11-16,326.797,154
2009-11-17,326.367,154
2009-11-18,325.953,154
2009-11-19,325.484,154
2009-11-20,324.836,154
2009-11-21,324.188,154
2009-11-22,323.555,154
2009-11-23,322.883,154
2009-11-24,322.336,154
2009-11-25,321.992,154
2009-11-26,321.750,154
2009-11-27,321.406,154
2009-11-28,320.820,154
2009-11-29,320.078,154
2009-11-30,319.406,154
2009-12-01,318.695,154
2009-12-02,318.094,154
2009-12-03,320.102,154
2009-12-04,320.617,154
2009-12-05,320.797,154
2009-12-06,321.641,154
2009-12-07,322.133,154
2009-12-08,322.273,154
2009-12-09,324.461,154
2009-12-10,328.695,154
2009-12-11,330.133,154
2009-12-12,333.438,154
2009-12-13,343.094,154
2009-12-14,351.422,154
2009-12-15,351.844,154
2009-12-16,348.672,154
2009-12-17,344.031,154
2009-12-18,338.969,154
2009-12-19,336.250,154
2009-12-20,334.484,154
2009-12-21,332.672,154
2009-12-22,330.766,154
2009-12-23,330.578,154
2009-12-24,328.766,154
2009-12-25,326.969,154
2009-12-26,324.891,154
2009-12-27,323.531,154
2009-12-28,322.438,154
2009-12-29,321.172,154
2009-12-30,320.047,154
2009-12-31,319.469,154
2010-01-01,319.438,154
2010-01-02,319.953,154
2010-01-03,321.141,154
2010-01-04,323.109,154
2010-01-05,323.031,154
2010-01-06,321.516,154
2010-01-07,320.359,154
2010-01-08,320.859,154
2010-01-09,324.203,154
2010-01-10,327.969,154
2010-01-11,330.969,154
2010-01-12,336.172,154
2010-01-13,340.156,154
2010-01-14,344.125,154
2010-01-15,347.312,154
2010-01-16,344.250,154
2010-01-17,342.672,154
2010-01-18,342.797,154
2010-01-19,343.078,154
2010-01-20,341.719,154
2010-01-21,344.516,154
2010-01-22,346.172,154
2010-01-23,342.672,154
2010-01-24,339.516,154
2010-01-25,337.719,154
2010-01-26,336.641,154
2010-01-27,335.344,154
2010-01-28,334.625,154
2010-01-29,334.047,154
2010-01-30,334.281,154
2010-01-31,336.562,154
2010-02-01,350.734,154
2010-02-02,357.734,154
2010-02-03,352.422,154
2010-02-04,346.109,154
2010-02-05,341.500,154
2010-02-06,339.359,154
2010-02-07,337.344,154
2010-02-08,334.500,154
2010-02-09,332.500,154
2010-02-10,334.719,154
2010-02-11,2203.000,154
2010-02-12,2403.531,154
2010-02-13,1722.781,154
2010-02-14,1394.625,154
2010-02-15,1261.219,154
2010-02-16,1149.438,154
2010-02-17,1779.531,154
2010-02-18,1835.438,154
2010-02-19,1518.844,154
2010-02-20,1352.406,154
2010-02-21,1264.469,154
2010-02-22,1169.344,154
2010-02-23,1080.906,154
2010-02-24,1008.094,154
2010-02-25,947.875,154
2010-02-26,918.656,154
2010-02-27,894.500,154
2010-02-28,863.094,154
2010-03-01,836.625,154
2010-03-02,806.219,154
2010-03-03,777.094,154
2010-03-04,752.562,154
2010-03-05,735.344,154
2010-03-06,735.188,154
2010-03-07,724.031,154
2010-03-08,698.688,154
2010-03-09,675.000,154
2010-03-10,652.469,154
2010-03-11,631.688,154
2010-03-12,613.000,154
2010-03-13,596.469,154
2010-03-14,580.250,154
2010-03-15,564.312,154
2010-03-16,555.625,154
2010-03-17,554.656,154
2010-03-18,548.594,154
2010-03-19,535.406,154
2010-03-20,521.781,154
2010-03-21,510.719,154
2010-03-22,499.812,154
2010-03-23,489.625,154
2010-03-24,482.125,154
2010-03-25,479.844,154
2010-03-26,479.562,154
2010-03-27,474.062,154
2010-03-28,467.531,154
2010-03-29,460.781,154
2010-03-30,454.562,154
2010-03-31,448.750,154
2010-04-01,446.844,154
2010-04-02,446.594,154
2010-04-03,444.125,154
2010-04-04,439.875,154
2010-04-05,435.094,154
2010-04-06,429.969,154
2010-04-07,424.906,154
2010-04-08,420.375,154
2010-04-09,416.156,154
2010-04-10,412.312,154
2010-04-11,408.812,154
2010-04-12,405.312,154
2010-04-13,402.406,154
2010-04-14,399.531,154
2010-04-15,397.062,154
2010-04-16,394.625,154
2010-04-17,392.750,154
2010-04-18,390.688,154
2010-04-19,389.000,154
2010-04-20,387.562,154
2010-04-21,386.000,154
2010-04-22,384.375,154
2010-04-23,383.438,154
2010-04-24,382.344,154
2010-04-25,381.250,154
2010-04-26,380.406,154
2010-04-27,379.625,154
2010-04-28,378.688,154
2010-04-29,378.031,154
2010-04-30,377.219,154
2010-05-01,376.219,154
2010-05-02,375.469,154
2010-05-03,374.812,154
2010-05-04,374.531,154
2010-05-05,374.125,154
2010-05-06,373.688,154
2010-05-07,373.000,154
2010-05-08,372.594,154
2010-05-09,372.062,154
2010-05-10,372.031,154
2010-05-11,371.781,154
2010-05-12,371.219,154
2010-05-13,370.438,154
2010-05-14,369.688,154
2010-05-15,368.781,154
2010-05-16,367.875,154
2010-05-17,366.875,154
2010-05-18,366.906,154
2010-05-19,366.938,154
2010-05-20,366.594,154
2010-05-21,366.219,154
2010-05-22,365.000,154
2010-05-23,364.188,154
2010-05-24,363.656,154
2010-05-25,363.625,154
2010-05-26,363.406,154
2010-05-27,363.125,154
2010-05-28,362.562,154
2010-05-29,362.062,154
2010-05-30,361.719,154
2010-05-31,361.094,154
2010-06-01,360.562,154
2010-06-02,360.250,154
2010-06-03,359.375,154
2010-06-04,358.812,154
2010-06-05,358.062,154
2010-06-06,357.344,154
2010-06-07,356.562,154
2010-06-08,355.969,154
2010-06-09,355.375,154
2010-06-10,354.750,154
2010-06-11,354.062,154
2010-06-12,353.438,154
2010-06-13,352.656,154
2010-06-14,352.031,154
2010-06-15,351.438,154
2010-06-16,350.875,154
2010-06-17,350.156,154
2010-06-18,349.516,154
2010-06-19,348.750,154
2010-06-20,348.109,154
2010-06-21,347.531,154
2010-06-22,346.859,154
2010-06-23,346.141,154
2010-06-24,345.500,154
2010-06-25,344.812,154
2010-06-26,344.188,154
2010-06-27,343.656,154
2010-06-28,343.047,154
2010-06-29,342.531,154
2010-06-30,341.891,154
2010-07-01,341.328,154
2010-07-02,340.781,154
2010-07-03,340.234,154
2010-07-04,339.547,154
2010-07-05,339.016,154
2010-07-06,338.406,154
2010-07-07,337.828,154
2010-07-08,337.156,154
2010-07-09,336.812,154
2010-07-10,336.156,154
2010-07-11,335.625,154
2010-07-12,335.109,154
2010-07-13,334.703,154
2010-07-14,334.250,154
2010-07-15,333.750,154
2010-07-16,333.469,154
2010-07-17,333.250,154
2010-07-18,333.375,154
2010-07-19,333.438,154
2010-07-20,333.016,154
2010-07-21,332.422,154
2010-07-22,331.969,154
2010-07-23,331.812,154
2010-07-24,331.625,154
2010-07-25,331.250,154
2010-07-26,331.047,154
2010-07-27,330.703,154
2010-07-28,330.297,154
2010-07-29,329.594,154
2010-07-30,328.734,154
2010-07-31,328.047,154
2010-08-01,327.281,154
2010-08-02,326.516,154
2010-08-03,325.641,154
2010-08-04,324.938,154
2010-08-05,324.234,154
2010-08-06,323.594,154
2010-08-07,323.000,154
2010-08-08,322.391,154
2010-08-09,321.719,154
2010-08-10,321.188,154
2010-08-11,320.656,154
2010-08-12,320.125,154
2010-08-13,319.516,154
2010-08-14,319.016,154
2010-08-15,318.484,154
2010-08-16,317.750,154
2010-08-17,317.188,154
2010-08-18,316.547,154
2010-08-19,316.078,154
2010-08-20,315.562,154
2010-08-21,314.953,154
2010-08-22,314.500,154
2010-08-23,314.078,154
2010-08-24,313.570,154
2010-08-25,313.102,154
2010-08-26,312.594,154
2010-08-27,312.070,154
2010-08-28,311.492,154
2010-08-29,310.969,154
2010-08-30,310.461,154
2010-08-31,309.938,154
2010-09-01,309.516,154
2010-09-02,309.016,154
2010-09-03,308.547,154
2010-09-04,308.133,154
2010-09-05,307.648,154
2010-09-06,307.172,154
2010-09-07,306.719,154
2010-09-08,306.242,154
2010-09-09,305.734,154
2010-09-10,305.289,154
2010-09-11,304.859,154
2010-09-12,304.336,154
2010-09-13,303.875,154
2010-09-14,303.445,154
2010-09-15,303.023,154
2010-09-16,302.680,154
2010-09-17,302.359,154
2010-09-18,301.859,154
2010-09-19,301.367,154
2010-09-20,300.852,154
2010-09-21,300.289,154
2010-09-22,299.758,154
2010-09-23,299.258,154
2010-09-24,298.797,154
2010-09-25,298.398,154
2010-09-26,297.891,154
2010-09-27,297.594,154
2010-09-28,297.375,154
2010-09-29,297.078,154
2010-09-30,296.805,154
2010-10-01,296.414,154
2010-10-02,296.484,154
2010-10-03,296.266,154
2010-10-04,297.719,154
2010-10-05,298.531,154
2010-10-06,298.070,154
2010-10-07,297.188,154
2010-10-08,296.109,154
2010-10-09,295.164,154
2010-10-10,293.945,154
2010-10-11,293.000,154
2010-10-12,292.211,154
2010-10-13,291.438,154
2010-10-14,290.789,154
2010-10-15,290.078,154
2010-10-16,289.633,154
2010-10-17,289.836,154
2010-10-18,291.812,154
2010-10-19,293.266,154
2010-10-20,292.102,154
2010-10-21,290.469,154
2010-10-22,289.125,154
2010-10-23,290.555,154
2010-10-24,291.391,154
2010-10-25,290.656,154
2010-10-26,289.180,154
2010-10-27,287.711,154
2010-10-28,286.570,154
2010-10-29,285.766,154
2010-10-30,285.219,154
2010-10-31,284.828,154
2010-11-01,284.391,154
2010-11-02,283.812,154
2010-11-03,283.406,154
2010-11-04,282.914,154
2010-11-05,282.938,154
2010-11-06,283.703,154
2010-11-07,284.109,154
2010-11-08,283.414,154
2010-11-09,282.477,154
2010-11-10,281.758,154
2010-11-11,281.000,154
2010-11-12,280.383,154
2010-11-13,279.766,154
2010-11-14,279.414,154
2010-11-15,279.305,154
2010-11-16,278.773,154
2010-11-17,278.141,154
2010-11-18,277.562,154
2010-11-19,277.102,154
2010-11-20,277.359,154
2010-11-21,278.102,154
2010-11-22,281.312,154
2010-11-23,283.680,154
2010-11-24,282.680,154
2010-11-25,280.508,154
2010-11-26,278.609,154
2010-11-27,278.508,154
2010-11-28,279.773,154
2010-11-29,280.125,154
2010-11-30,281.586,154
2010-12-01,282.609,154
2010-12-02,281.836,154
2010-12-03,280.023,154
2010-12-04,278.039,154
2010-12-05,276.430,154
2010-12-06,275.281,154
2010-12-07,274.430,154
2010-12-08,273.922,154
2010-12-09,273.422,154
2010-12-10,272.867,154
2010-12-11,272.148,154
2010-12-12,271.328,154
2010-12-13,270.797,154
2010-12-14,270.188,154
2010-12-15,269.625,154
2010-12-16,269.062,154
2010-12-17,268.500,154
2010-12-18,267.938,154
2010-12-19,267.453,154
2010-12-20,266.922,154
2010-12-21,266.484,154
2010-12-22,265.969,154
2010-12-23,265.453,154
2010-12-24,265.031,154
2010-12-25,264.688,154
2010-12-26,264.312,154
2010-12-27,263.906,154
2010-12-28,263.469,154
2010-12-29,263.531,154
2010-12-30,263.047,154
2010-12-31,263.547,154
2011-01-01,263.922,154
2011-01-02,263.953,154
2011-01-03,264.156,154
2011-01-04,263.562,154
2011-01-05,263.328,154
2011-01-06,263.312,154
2011-01-07,264.000,154
2011-01-08,264.234,154
2011-01-09,264.078,154
2011-01-10,263.438,154
2011-01-11,262.859,154
2011-01-12,263.062,154
2011-01-13,264.891,154
2011-01-14,267.094,154
2011-01-15,268.734,154
2011-01-16,269.469,154
2011-01-17,271.656,154
2011-01-18,272.156,154
2011-01-19,274.156,154
2011-01-20,279.078,154
2011-01-21,287.297,154
2011-01-22,298.766,154
2011-01-23,313.594,154
2011-01-24,320.969,154
2011-01-25,321.578,154
2011-01-26,319.438,154
2011-01-27,313.484,154
2011-01-28,309.406,154
2011-01-29,305.328,154
2011-01-30,302.891,154
2011-01-31,301.016,154
2011-02-01,298.766,154
2011-02-02,296.094,154
2011-02-03,292.797,154
2011-02-04,291.953,154
2011-02-05,291.594,154
2011-02-06,290.625,154
2011-02-07,290.312,154
2011-02-08,289.844,154
2011-02-09,292.406,154
2011-02-10,298.688,154
2011-02-11,301.281,154
2011-02-12,301.406,154
2011-02-13,302.344,154
2011-02-14,317.594,154
2011-02-15,334.750,154
2011-02-16,340.969,154
2011-02-17,347.312,154
2011-02-18,354.938,154
2011-02-19,371.250,154
2011-02-20,416.562,154
2011-02-21,495.688,154
2011-02-22,544.250,154
2011-02-23,543.344,154
2011-02-24,528.875,154
2011-02-25,519.250,154
2011-02-26,515.750,154
2011-02-27,513.125,154
2011-02-28,510.719,154
2011-03-01,530.469,154
2011-03-02,597.656,154
2011-03-03,695.062,154
2011-03-04,743.406,154
2011-03-05,756.500,154
2011-03-06,758.344,154
2011-03-07,770.156,154
2011-03-08,784.844,154
2011-03-09,771.281,154
2011-03-10,742.656,154
2011-03-11,722.844,154
2011-03-12,706.531,154
2011-03-13,682.719,154
2011-03-14,660.000,154
2011-03-15,636.188,154
2011-03-16,609.406,154
2011-03-17,584.406,154
2011-03-18,563.750,154
2011-03-19,562.875,154
2011-03-20,575.719,154
2011-03-21,576.031,154
2011-03-22,566.594,154
2011-03-23,551.812,154
2011-03-24,535.219,154
2011-03-25,527.438,154
2011-03-26,521.281,154
2011-03-27,508.750,154
2011-03-28,499.969,154
2011-03-29,500.250,154
2011-03-30,500.062,154
2011-03-31,492.750,154
2011-04-01,483.469,154
2011-04-02,481.781,154
2011-04-03,511.594,154
2011-04-04,553.688,154
2011-04-05,574.250,154
2011-04-06,577.188,154
2011-04-07,565.250,154
2011-04-08,546.031,154
2011-04-09,527.625,154
2011-04-10,516.531,154
2011-04-11,520.656,154
2011-04-12,518.406,154
2011-04-13,515.250,154
2011-04-14,510.625,154
2011-04-15,500.375,154
2011-04-16,492.406,154
2011-04-17,486.906,154
2011-04-18,481.125,154
2011-04-19,474.656,154
2011-04-20,468.750,154
2011-04-21,462.938,154
2011-04-22,458.406,154
2011-04-23,454.188,154
2011-04-24,452.812,154
2011-04-25,465.656,154
2011-04-26,481.812,154
2011-04-27,488.219,154
2011-04-28,483.906,154
2011-04-29,475.750,154
2011-04-30,475.906,154
2011-05-01,510.562,154
2011-05-02,550.375,154
2011-05-03,563.188,154
2011-05-04,557.906,154
2011-05-05,545.250,154
2011-05-06,530.188,154
2011-05-07,515.344,154
2011-05-08,501.969,154
2011-05-09,489.594,154
2011-05-10,479.188,154
2011-05-11,470.125,154
2011-05-12,462.531,154
2011-05-13,456.312,154
2011-05-14,451.344,154
2011-05-15,448.188,154
2011-05-16,445.094,154
2011-05-17,441.906,154
2011-05-18,439.281,154
2011-05-19,436.781,154
2011-05-20,434.469,154
2011-05-21,432.375,154
2011-05-22,430.188,154
2011-05-23,428.594,154
2011-05-24,426.531,154
2011-05-25,425.031,154
2011-05-26,423.938,154
2011-05-27,422.812,154
2011-05-28,421.781,154
2011-05-29,420.531,154
2011-05-30,419.312,154
2011-05-31,418.031,154
2011-06-01,416.844,154
2011-06-02,415.656,154
2011-06-03,414.469,154
2011-06-04,413.375,154
2011-06-05,412.281,154
2011-06-06,411.250,154
2011-06-07,409.969,154
2011-06-08,408.844,154
2011-06-09,407.781,154
2011-06-10,406.969,154
2011-06-11,406.281,154
2011-06-12,405.094,154
2011-06-13,404.219,154
2011-06-14,403.156,154
2011-06-15,402.312,154
2011-06-16,401.219,154
2011-06-17,400.438,154
2011-06-18,399.375,154
2011-06-19,398.438,154
2011-06-20,397.344,154
2011-06-21,396.344,154
2011-06-22,394.906,154
2011-06-23,393.797,154
2011-06-24,392.766,154
2011-06-25,391.859,154
2011-06-26,390.938,154
2011-06-27,390.125,154
2011-06-28,389.250,154
2011-06-29,388.359,154
2011-06-30,387.297,154
2011-07-01,386.250,154
2011-07-02,385.375,154
2011-07-03,384.641,154
2011-07-04,383.734,154
2011-07-05,382.844,154
2011-07-06,381.859,154
2011-07-07,380.906,154
2011-07-08,380.062,154
2011-07-09,379.172,154
2011-07-10,378.188,154
2011-07-11,377.047,154
2011-07-12,376.219,154
2011-07-13,375.297,154
2011-07-14,374.391,154
2011-07-15,373.359,154
2011-07-16,372.297,154
2011-07-17,371.453,154
2011-07-18,372.016,154
2011-07-19,373.828,154
2011-07-20,373.844,154
2011-07-21,372.547,154
2011-07-22,374.969,154
2011-07-23,376.500,154
2011-07-24,375.422,154
2011-07-25,373.766,154
2011-07-26,372.312,154
2011-07-27,370.906,154
2011-07-28,369.641,154
2011-07-29,368.469,154
2011-07-30,367.672,154
2011-07-31,366.703,154
2011-08-01,366.484,154
2011-08-02,366.438,154
2011-08-03,366.094,154
2011-08-04,365.062,154
2011-08-05,364.281,154
2011-08-06,363.375,154
2011-08-07,362.516,154
2011-08-08,361.484,154
2011-08-09,360.562,154
2011-08-10,359.609,154
2011-08-11,358.719,154
2011-08-12,357.859,154
2011-08-13,357.047,154
2011-08-14,356.203,154
2011-08-15,355.484,154
2011-08-16,354.484,154
2011-08-17,353.469,154
2011-08-18,352.672,154
2011-08-19,351.984,154
2011-08-20,351.531,154
2011-08-21,351.000,154
2011-08-22,350.070,154
2011-08-23,349.484,154
2011-08-24,348.828,154
2011-08-25,348.102,154
2011-08-26,347.422,154
2011-08-27,346.617,154
2011-08-28,345.875,154
2011-08-29,345.070,154
2011-08-30,344.297,154
2011-08-31,343.602,154
2011-09-01,342.836,154
2011-09-02,342.102,154
2011-09-03,341.359,154
2011-09-04,340.609,154
2011-09-05,339.852,154
2011-09-06,339.125,154
2011-09-07,338.375,154
2011-09-08,337.688,154
2011-09-09,337.734,154
2011-09-10,337.305,154
2011-09-11,336.438,154
2011-09-12,335.656,154
2011-09-13,334.977,154
2011-09-14,334.258,154
2011-09-15,333.477,154
2011-09-16,332.805,154
2011-09-17,332.078,154
2011-09-18,331.414,154
2011-09-19,330.750,154
2011-09-20,330.188,154
2011-09-21,329.555,154
2011-09-22,328.922,154
2011-09-23,328.312,154
2011-09-24,328.758,154
2011-09-25,330.180,154
2011-09-26,331.117,154
2011-09-27,331.023,154
2011-09-28,330.430,154
2011-09-29,329.672,154
2011-09-30,328.648,154
2011-10-01,327.477,154
2011-10-02,326.617,154
2011-10-03,325.406,154
2011-10-04,324.242,154
2011-10-05,323.094,154
2011-10-06,322.070,154
2011-10-07,321.047,154
2011-10-08,320.070,154
2011-10-09,319.242,154
2011-10-10,318.352,154
2011-10-11,317.445,154
2011-10-12,316.562,154
2011-10-13,315.883,154
2011-10-14,315.211,154
2011-10-15,315.094,154
2011-10-16,314.609,154
2011-10-17,313.938,154
2011-10-18,313.211,154
2011-10-19,312.461,154
2011-10-20,311.789,154
2011-10-21,311.086,154
2011-10-22,310.383,154
2011-10-23,309.672,154
2011-10-24,308.992,154
2011-10-25,308.312,154
2011-10-26,307.727,154
2011-10-27,307.109,154
2011-10-28,306.570,154
2011-10-29,305.930,154
2011-10-30,305.414,154
2011-10-31,304.836,154
2011-11-01,304.258,154
2011-11-02,303.711,154
2011-11-03,303.133,154
2011-11-04,302.484,154
2011-11-05,301.844,154
2011-11-06,301.414,154
2011-11-07,300.859,154
2011-11-08,300.242,154
2011-11-09,299.641,154
2011-11-10,299.117,154
2011-11-11,298.539,154
2011-11-12,297.938,154
2011-11-13,297.320,154
2011-11-14,296.758,154
2011-11-15,296.820,154
2011-11-16,297.438,154
2011-11-17,298.086,154
2011-11-18,298.078,154
2011-11-19,297.680,154
2011-11-20,297.273,154
2011-11-21,296.805,154
2011-11-22,297.055,154
2011-11-23,296.211,154
2011-11-24,295.242,154
2011-11-25,294.156,154
2011-11-26,292.984,154
2011-11-27,292.000,154
2011-11-28,291.125,154
2011-11-29,290.156,154
2011-11-30,289.438,154
2011-12-01,288.734,154
2011-12-02,287.938,154
2011-12-03,287.203,154
2011-12-04,286.484,154
2011-12-05,286.047,154
2011-12-06,285.750,154
2011-12-07,285.266,154
2011-12-08,285.000,154
2011-12-09,285.719,154
2011-12-10,290.781,154
2011-12-11,293.453,154
2011-12-12,289.484,154
2011-12-13,285.188,154
2011-12-14,282.672,154
2011-12-15,283.094,154
2011-12-16,289.797,154
2011-12-17,291.953,154
2011-12-18,290.172,154
2011-12-19,288.016,154
2011-12-20,286.125,154
2011-12-21,284.344,154
2011-12-22,282.828,154
2011-12-23,281.375,154
2011-12-24,280.422,154
2011-12-25,279.469,154
2011-12-26,278.516,154
2011-12-27,277.484,154
2011-12-28,276.594,154
2011-12-29,275.688,154
2011-12-30,275.031,154
2011-12-31,275.062,154
2012-01-01,275.234,154
2012-01-02,275.703,154
2012-01-03,275.141,154
2012-01-04,273.984,154
2012-01-05,272.875,154
2012-01-06,271.922,154
2012-01-07,271.141,154
2012-01-08,270.406,154
2012-01-09,269.875,154
2012-01-10,269.531,154
2012-01-11,269.875,154
2012-01-12,270.672,154
2012-01-13,270.281,154
2012-01-14,271.000,154
2012-01-15,270.406,154
2012-01-16,269.719,154
2012-01-17,269.094,154
2012-01-18,268.875,154
2012-01-19,269.469,154
2012-01-20,270.188,154
2012-01-21,270.062,154
2012-01-22,269.312,154
2012-01-23,268.781,154
2012-01-24,268.500,154
2012-01-25,268.344,154
2012-01-26,273.594,154
2012-01-27,302.812,154
2012-01-28,321.844,154
2012-01-29,349.031,154
2012-01-30,338.281,154
2012-01-31,322.906,154
2012-02-01,313.844,154
2012-02-02,308.969,154
2012-02-03,309.062,154
2012-02-04,308.031,154
2012-02-05,304.719,154
2012-02-06,300.594,154
2012-02-07,297.344,154
2012-02-08,296.375,154
2012-02-09,295.062,154
2012-02-10,292.656,154
2012-02-11,291.688,154
2012-02-12,294.531,154
2012-02-13,299.938,154
2012-02-14,303.156,154
2012-02-15,308.438,154
2012-02-16,314.312,154
2012-02-17,318.031,154
2012-02-18,318.719,154
2012-02-19,314.375,154
2012-02-20,312.594,154
2012-02-21,312.344,154
2012-02-22,311.719,154
2012-02-23,314.656,154
2012-02-24,316.250,154
2012-02-25,318.406,154
2012-02-26,324.125,154
2012-02-27,334.125,154
2012-02-28,349.219,154
2012-02-29,356.719,154
2012-03-01,358.938,154
2012-03-02,379.031,154
2012-03-03,390.125,154
2012-03-04,392.062,154
2012-03-05,392.156,154
2012-03-06,387.281,154
2012-03-07,386.938,154
2012-03-08,391.750,154
2012-03-09,396.125,154
2012-03-10,392.969,154
2012-03-11,384.500,154
2012-03-12,375.594,154
2012-03-13,367.500,154
2012-03-14,360.094,154
2012-03-15,354.344,154
2012-03-16,351.969,154
2012-03-17,347.781,154
2012-03-18,343.562,154
2012-03-19,339.469,154
2012-03-20,336.062,154
2012-03-21,333.062,154
2012-03-22,330.188,154
2012-03-23,327.719,154
2012-03-24,330.562,154
2012-03-25,334.125,154
2012-03-26,330.531,154
2012-03-27,329.094,154
2012-03-28,334.219,154
2012-03-29,338.938,154
2012-03-30,336.344,154
2012-03-31,334.156,154
2012-04-01,331.281,154
2012-04-02,327.906,154
2012-04-03,324.312,154
2012-04-04,321.781,154
2012-04-05,319.781,154
2012-04-06,317.750,154
2012-04-07,316.531,154
2012-04-08,317.062,154
2012-04-09,318.625,154
2012-04-10,318.719,154
2012-04-11,319.062,154
2012-04-12,324.094,154
2012-04-13,329.188,154
2012-04-14,332.500,154
2012-04-15,349.094,154
2012-04-16,437.625,154
2012-04-17,479.812,154
2012-04-18,485.344,154
2012-04-19,474.062,154
2012-04-20,457.531,154
2012-04-21,442.625,154
2012-04-22,443.844,154
2012-04-23,449.438,154
2012-04-24,445.156,154
2012-04-25,436.469,154
2012-04-26,435.906,154
2012-04-27,454.812,154
2012-04-28,471.250,154
2012-04-29,485.594,154
2012-04-30,494.344,154
2012-05-01,489.656,154
2012-05-02,476.031,154
2012-05-03,459.875,154
2012-05-04,443.719,154
2012-05-05,429.312,154
2012-05-06,416.844,154
2012-05-07,406.156,154
2012-05-08,397.656,154
2012-05-09,390.281,154
2012-05-10,384.031,154
2012-05-11,378.625,154
2012-05-12,374.469,154
2012-05-13,372.125,154
2012-05-14,372.812,154
2012-05-15,380.125,154
2012-05-16,391.000,154
2012-05-17,400.312,154
2012-05-18,405.219,154
2012-05-19,408.188,154
2012-05-20,406.688,154
2012-05-21,404.438,154
2012-05-22,430.688,154
2012-05-23,509.250,154
2012-05-24,602.000,154
2012-05-25,696.750,154
2012-05-26,763.969,154
2012-05-27,784.281,154
2012-05-28,773.969,154
2012-05-29,744.938,154
2012-05-30,708.531,154
2012-05-31,672.875,154
2012-06-01,641.906,154
2012-06-02,613.031,154
2012-06-03,585.688,154
2012-06-04,561.500,154
2012-06-05,557.000,154
2012-06-06,562.500,154
2012-06-07,562.688,154
2012-06-08,558.656,154
2012-06-09,545.156,154
2012-06-10,525.750,154
2012-06-11,507.250,154
2012-06-12,491.281,154
2012-06-13,478.875,154
2012-06-14,468.641,154
2012-06-15,460.719,154
2012-06-16,454.062,154
2012-06-17,449.000,154
2012-06-18,445.281,154
2012-06-19,446.609,154
2012-06-20,454.359,154
2012-06-21,464.719,154
2012-06-22,477.031,154
2012-06-23,482.562,154
2012-06-24,474.891,154
2012-06-25,463.641,154
2012-06-26,455.609,154
2012-06-27,451.312,154
2012-06-28,448.859,154
2012-06-29,447.250,154
2012-06-30,446.375,154
2012-07-01,445.969,154
2012-07-02,444.797,154
2012-07-03,442.250,154
2012-07-04,439.266,154
2012-07-05,436.609,154
2012-07-06,434.547,154
2012-07-07,440.344,154
2012-07-08,448.875,154
2012-07-09,449.906,154
2012-07-10,445.062,154
2012-07-11,438.531,154
2012-07-12,433.672,154
2012-07-13,430.297,154
2012-07-14,427.781,154
2012-07-15,425.828,154
2012-07-16,423.969,154
2012-07-17,422.719,154
2012-07-18,421.250,154
2012-07-19,419.359,154
2012-07-20,417.672,154
2012-07-21,415.656,154
2012-07-22,413.688,154
2012-07-23,411.672,154
2012-07-24,409.703,154
2012-07-25,407.828,154
2012-07-26,406.016,154
2012-07-27,404.281,154
2012-07-28,403.094,154
2012-07-29,402.031,154
2012-07-30,402.406,154
2012-07-31,402.062,154
2012-08-01,400.422,154
2012-08-02,398.547,154
2012-08-03,396.641,154
2012-08-04,394.656,154
2012-08-05,392.750,154
2012-08-06,391.109,154
2012-08-07,389.531,154
2012-08-08,387.562,154
2012-08-09,385.750,154
2012-08-10,384.141,154
2012-08-11,382.359,154
2012-08-12,380.641,154
2012-08-13,378.828,154
2012-08-14,377.047,154
2012-08-15,375.438,154
2012-08-16,373.734,154
2012-08-17,372.188,154
2012-08-18,370.406,154
2012-08-19,368.875,154
2012-08-20,367.547,154
2012-08-21,366.281,154
2012-08-22,365.125,154
2012-08-23,364.078,154
2012-08-24,363.375,154
2012-08-25,362.508,154
2012-08-26,361.367,154
2012-08-27,359.797,154
2012-08-28,358.109,154
2012-08-29,356.531,154
2012-08-30,354.969,154
2012-08-31,353.367,154
2012-09-01,351.938,154
2012-09-02,350.375,154
2012-09-03,348.836,154
2012-09-04,347.273,154
2012-09-05,345.797,154
2012-09-06,344.234,154
2012-09-07,342.688,154
2012-09-08,341.305,154
2012-09-09,339.922,154
2012-09-10,338.688,154
2012-09-11,337.430,154
2012-09-12,336.297,154
2012-09-13,335.195,154
2012-09-14,334.023,154
2012-09-15,332.633,154
2012-09-16,331.195,154
2012-09-17,329.758,154
2012-09-18,328.352,154
2012-09-19,326.938,154
2012-09-20,325.836,154
2012-09-21,325.977,154
2012-09-22,325.188,154
2012-09-23,324.125,154
2012-09-24,323.031,154
2012-09-25,322.312,154
2012-09-26,321.562,154
2012-09-27,321.156,154
2012-09-28,320.773,154
2012-09-29,321.250,154
2012-09-30,322.445,154
2012-10-01,322.172,154
2012-10-02,320.195,154
2012-10-03,317.883,154
2012-10-04,318.094,154
2012-10-05,318.828,154
2012-10-06,318.164,154
2012-10-07,316.375,154
2012-10-08,314.531,154
2012-10-09,312.891,154
2012-10-10,311.422,154
2012-10-11,310.570,154
2012-10-12,309.852,154
2012-10-13,308.992,154
2012-10-14,308.039,154
2012-10-15,307.172,154
2012-10-16,306.492,154
2012-10-17,305.883,154
2012-10-18,305.031,154
2012-10-19,304.023,154
2012-10-20,303.031,154
2012-10-21,302.094,154
2012-10-22,300.938,154
2012-10-23,299.805,154
2012-10-24,298.758,154
2012-10-25,297.852,154
2012-10-26,297.078,154
2012-10-27,296.320,154
2012-10-28,295.484,154
2012-10-29,294.719,154
2012-10-30,293.922,154
2012-10-31,293.109,154
2012-11-01,292.312,154
2012-11-02,291.680,154
2012-11-03,291.109,154
2012-11-04,290.820,154
2012-11-05,290.531,154
2012-11-06,290.203,154
2012-11-07,290.203,154
2012-11-08,290.055,154
2012-11-09,290.156,154
2012-11-10,290.797,154
2012-11-11,291.664,154
2012-11-12,291.328,154
2012-11-13,290.359,154
2012-11-14,289.047,154
2012-11-15,287.594,154
2012-11-16,286.188,154
2012-11-17,284.750,154
2012-11-18,283.680,154
2012-11-19,283.016,154
2012-11-20,282.039,154
2012-11-21,280.984,154
2012-11-22,280.141,154
2012-11-23,279.547,154
2012-11-24,279.680,154
2012-11-25,279.266,154
2012-11-26,279.023,154
2012-11-27,278.445,154
2012-11-28,277.570,154
2012-11-29,276.945,154
2012-11-30,277.516,154
2012-12-01,278.297,154
2012-12-02,279.125,154
2012-12-03,279.344,154
2012-12-04,278.859,154
2012-12-05,278.070,154
2012-12-06,277.133,154
2012-12-07,276.133,154
2012-12-08,275.094,154
2012-12-09,274.227,154
2012-12-10,273.406,154
2012-12-11,272.531,154
2012-12-12,271.766,154
2012-12-13,270.797,154
2012-12-14,270.359,154
2012-12-15,270.141,154
2012-12-16,269.469,154
2012-12-17,269.219,154
2012-12-18,268.641,154
2012-12-19,268.109,154
2012-12-20,267.594,154
2012-12-21,266.781,154
2012-12-22,266.266,154
2012-12-23,265.656,154
2012-12-24,265.328,154
2012-12-25,264.750,154
2012-12-26,264.125,154
2012-12-27,263.750,154
2012-12-28,263.562,154
2012-12-29,263.359,154
2012-12-30,262.906,154
2012-12-31,262.703,154
2013-01-01,262.328,154
2013-01-02,262.484,154
2013-01-03,263.484,154
2013-01-04,264.188,154
2013-01-05,263.047,154
2013-01-06,262.188,154
2013-01-07,261.469,154
2013-01-08,260.828,154
2013-01-09,260.344,154
2013-01-10,260.359,154
2013-01-11,261.109,154
2013-01-12,261.438,154
2013-01-13,260.344,154
2013-01-14,259.453,154
2013-01-15,258.750,154
2013-01-16,258.297,154
2013-01-17,257.891,154
2013-01-18,257.625,154
2013-01-19,257.797,154
2013-01-20,258.859,154
2013-01-21,259.422,154
2013-01-22,258.875,154
2013-01-23,258.422,154
2013-01-24,258.906,154
2013-01-25,258.219,154
2013-01-26,258.609,154
2013-01-27,264.141,154
2013-01-28,268.281,154
2013-01-29,264.797,154
2013-01-30,261.578,154
2013-01-31,260.312,154
2013-02-01,262.000,154
2013-02-02,262.750,154
2013-02-03,263.719,154
2013-02-04,265.844,154
2013-02-05,267.281,154
2013-02-06,266.906,154
2013-02-07,265.375,154
2013-02-08,268.094,154
2013-02-09,277.500,154
2013-02-10,281.125,154
2013-02-11,278.500,154
2013-02-12,279.562,154
2013-02-13,283.531,154
2013-02-14,284.531,154
2013-02-15,282.938,154
2013-02-16,279.562,154
2013-02-17,276.656,154
2013-02-18,273.906,154
2013-02-19,272.031,154
2013-02-20,272.031,154
2013-02-21,275.219,154
2013-02-22,278.438,154
2013-02-23,279.281,154
2013-02-24,283.094,154
2013-02-25,283.969,154
2013-02-26,284.750,154
2013-02-27,285.656,154
2013-02-28,286.000,154
2013-03-01,288.125,154
2013-03-02,289.719,154
2013-03-03,287.344,154
2013-03-04,284.500,154
2013-03-05,282.438,154
2013-03-06,281.844,154
2013-03-07,281.531,154
2013-03-08,279.688,154
2013-03-09,277.781,154
2013-03-10,275.938,154
2013-03-11,274.375,154
2013-03-12,272.875,154
2013-03-13,271.781,154
2013-03-14,271.219,154
2013-03-15,271.125,154
2013-03-16,273.812,154
2013-03-17,278.562,154
2013-03-18,279.156,154
2013-03-19,281.656,154
2013-03-20,286.875,154
2013-03-21,288.906,154
2013-03-22,286.312,154
2013-03-23,283.938,154
2013-03-24,283.719,154
2013-03-25,285.719,154
2013-03-26,288.688,154
2013-03-27,290.625,154
2013-03-28,289.281,154
2013-03-29,286.125,154
2013-03-30,283.281,154
2013-03-31,281.250,154
2013-04-01,279.750,154
2013-04-02,278.500,154
2013-04-03,278.219,154
2013-04-04,278.625,154
2013-04-05,279.938,154
2013-04-06,280.562,154
2013-04-07,280.562,154
2013-04-08,279.594,154
2013-04-09,279.781,154
2013-04-10,283.344,154
2013-04-11,286.406,154
2013-04-12,287.156,154
2013-04-13,286.969,154
2013-04-14,288.750,154
2013-04-15,288.906,154
2013-04-16,286.000,154
2013-04-17,283.938,154
2013-04-18,282.375,154
2013-04-19,281.500,154
2013-04-20,280.500,154
2013-04-21,279.594,154
2013-04-22,278.844,154
2013-04-23,277.812,154
2013-04-24,277.031,154
2013-04-25,276.531,154
2013-04-26,276.062,154
2013-04-27,275.438,154
2013-04-28,274.969,154
2013-04-29,274.500,154
2013-04-30,273.906,154
2013-05-01,273.594,154
2013-05-02,273.188,154
2013-05-03,272.750,154
2013-05-04,272.312,154
2013-05-05,272.281,154
2013-05-06,272.469,154
2013-05-07,273.000,154
2013-05-08,272.188,154
2013-05-09,271.656,154
2013-05-10,271.281,154
2013-05-11,270.938,154
2013-05-12,270.625,154
2013-05-13,270.531,154
2013-05-14,270.875,154
2013-05-15,271.062,154
2013-05-16,271.250,154
2013-05-17,271.969,154
2013-05-18,272.469,154
2013-05-19,272.656,154
2013-05-20,272.500,154
2013-05-21,272.438,154
2013-05-22,272.062,154
2013-05-23,271.906,154
2013-05-24,271.562,154
2013-05-25,271.031,154
2013-05-26,270.156,154
2013-05-27,269.406,154
2013-05-28,268.844,154
2013-05-29,268.156,154
2013-05-30,267.719,154
2013-05-31,267.031,154
2013-06-01,266.562,154
2013-06-02,266.219,154
2013-06-03,266.094,154
2013-06-04,265.688,154
2013-06-05,265.250,154
2013-06-06,264.844,154
2013-06-07,264.219,154
2013-06-08,263.938,154
2013-06-09,263.156,154
2013-06-10,263.125,154
2013-06-11,262.781,154
2013-06-12,262.406,154
2013-06-13,262.250,154
2013-06-14,261.938,154
2013-06-15,261.781,154
2013-06-16,261.500,154
2013-06-17,261.750,154
2013-06-18,262.406,154
2013-06-19,263.656,154
2013-06-20,266.938,154
2013-06-21,268.750,154
2013-06-22,269.078,154
2013-06-23,268.703,154
2013-06-24,268.109,154
2013-06-25,267.828,154
2013-06-26,269.500,154
2013-06-27,273.406,154
2013-06-28,276.094,154
2013-06-29,274.266,154
2013-06-30,272.250,154
2013-07-01,271.312,154
2013-07-02,271.484,154
2013-07-03,272.672,154
2013-07-04,270.609,154
2013-07-05,268.219,154
2013-07-06,266.641,154
2013-07-07,265.375,154
2013-07-08,264.375,154
2013-07-09,263.547,154
2013-07-10,262.672,154
2013-07-11,261.891,154
2013-07-12,261.078,154
2013-07-13,260.547,154
2013-07-14,259.953,154
2013-07-15,259.453,154
2013-07-16,258.953,154
2013-07-17,258.453,154
2013-07-18,257.938,154
2013-07-19,257.438,154
2013-07-20,257.031,154
2013-07-21,256.703,154
2013-07-22,256.406,154
2013-07-23,256.141,154
2013-07-24,255.797,154
2013-07-25,255.422,154
2013-07-26,255.000,154
2013-07-27,254.688,154
2013-07-28,254.266,154
2013-07-29,253.922,154
2013-07-30,253.500,154
2013-07-31,253.094,154
2013-08-01,252.781,154
2013-08-02,252.250,154
2013-08-03,251.875,154
2013-08-04,251.562,154
2013-08-05,251.219,154
2013-08-06,250.875,154
2013-08-07,250.453,154
2013-08-08,250.078,154
2013-08-09,249.688,154
2013-08-10,249.406,154
2013-08-11,249.047,154
2013-08-12,248.688,154
2013-08-13,248.188,154
2013-08-14,247.922,154
2013-08-15,247.562,154
2013-08-16,247.234,154
2013-08-17,246.906,154
2013-08-18,246.516,154
2013-08-19,246.203,154
2013-08-20,245.891,154
2013-08-21,245.562,154
2013-08-22,245.234,154
2013-08-23,244.906,154
2013-08-24,244.375,154
2013-08-25,244.000,154
2013-08-26,243.750,154
2013-08-27,243.406,154
2013-08-28,243.125,154
2013-08-29,242.750,154
2013-08-30,242.422,154
2013-08-31,242.016,154
2013-09-01,241.703,154
2013-09-02,241.406,154
2013-09-03,241.109,154
2013-09-04,240.828,154
2013-09-05,240.516,154
2013-09-06,240.203,154
2013-09-07,239.906,154
2013-09-08,239.609,154
2013-09-09,239.250,154
2013-09-10,239.000,154
2013-09-11,238.625,154
2013-09-12,238.359,154
2013-09-13,238.047,154
2013-09-14,237.656,154
2013-09-15,237.312,154
2013-09-16,236.938,154
2013-09-17,236.656,154
2013-09-18,236.328,154
2013-09-19,235.969,154
2013-09-20,235.680,154
2013-09-21,235.367,154
2013-09-22,235.047,154
2013-09-23,234.727,154
2013-09-24,234.398,154
2013-09-25,234.102,154
2013-09-26,233.711,154
2013-09-27,233.398,154
2013-09-28,233.094,154
2013-09-29,232.711,154
2013-09-30,232.289,154
2013-10-01,231.984,154
2013-10-02,231.641,154
2013-10-03,231.266,154
2013-10-04,231.156,154
2013-10-05,230.875,154
2013-10-06,230.586,154
2013-10-07,230.266,154
2013-10-08,229.945,154
2013-10-09,229.672,154
2013-10-10,229.188,154
2013-10-11,229.070,154
2013-10-12,228.641,154
2013-10-13,228.508,154
2013-10-14,228.875,154
2013-10-15,229.125,154
2013-10-16,229.531,154
2013-10-17,235.391,154
2013-10-18,247.133,154
2013-10-19,246.195,154
2013-10-20,242.734,154
2013-10-21,239.078,154
2013-10-22,236.047,154
2013-10-23,233.797,154
2013-10-24,232.062,154
2013-10-25,230.750,154
2013-10-26,229.945,154
2013-10-27,229.414,154
2013-10-28,228.688,154
2013-10-29,228.008,154
2013-10-30,227.922,154
2013-10-31,228.016,154
2013-11-01,228.289,154
2013-11-02,228.109,154
2013-11-03,228.516,154
2013-11-04,229.219,154
2013-11-05,229.422,154
2013-11-06,229.039,154
2013-11-07,228.352,154
2013-11-08,227.609,154
2013-11-09,226.953,154
2013-11-10,226.336,154
2013-11-11,225.695,154
2013-11-12,225.086,154
2013-11-13,224.453,154
2013-11-14,223.773,154
2013-11-15,223.062,154
2013-11-16,222.734,154
2013-11-17,222.703,154
2013-11-18,222.812,154
2013-11-19,222.953,154
2013-11-20,222.844,154
2013-11-21,223.891,154
2013-11-22,225.125,154
2013-11-23,225.141,154
2013-11-24,224.172,154
2013-11-25,223.172,154
2013-11-26,222.484,154
2013-11-27,222.156,154
2013-11-28,221.844,154
2013-11-29,221.562,154
2013-11-30,221.031,154
2013-12-01,220.625,154
2013-12-02,220.172,154
2013-12-03,219.609,154
2013-12-04,219.172,154
2013-12-05,218.625,154
2013-12-06,218.297,154
2013-12-07,217.859,154
2013-12-08,217.719,154
2013-12-09,217.312,154
2013-12-10,268.391,154
2013-12-11,304.359,154
2013-12-12,292.859,154
2013-12-13,278.719,154
2013-12-14,265.938,154
2013-12-15,256.781,154
2013-12-16,250.781,154
2013-12-17,247.281,154
2013-12-18,244.344,154
2013-12-19,242.844,154
2013-12-20,241.578,154
2013-12-21,240.609,154
2013-12-22,238.406,154
2013-12-23,236.266,154
2013-12-24,235.016,154
2013-12-25,235.312,154
2013-12-26,235.094,154
2013-12-27,233.094,154
2013-12-28,230.266,154
2013-12-29,228.609,154
2013-12-30,229.438,154
2013-12-31,233.359,154
2014-01-01,233.953,154
2014-01-02,233.656,154
2014-01-03,232.188,154
2014-01-04,230.422,154
2014-01-05,232.031,154
2014-01-06,234.688,154
2014-01-07,234.203,154
2014-01-08,233.703,154
2014-01-09,234.031,154
2014-01-10,235.031,154
2014-01-11,237.141,154
2014-01-12,236.500,154
2014-01-13,235.250,154
2014-01-14,236.156,154
2014-01-15,240.969,154
2014-01-16,249.016,154
2014-01-17,254.219,154
2014-01-18,257.406,154
2014-01-19,257.609,154
2014-01-20,260.438,154
2014-01-21,268.656,154
2014-01-22,276.875,154
2014-01-23,285.375,154
2014-01-24,294.656,154
2014-01-25,300.812,154
2014-01-26,317.312,154
2014-01-27,337.531,154
2014-01-28,342.562,154
2014-01-29,342.375,154
2014-01-30,333.438,154
2014-01-31,327.469,154
2014-02-01,323.594,154
2014-02-02,318.844,154
2014-02-03,314.719,154
2014-02-04,315.812,154
2014-02-05,319.156,154
2014-02-06,316.469,154
2014-02-07,311.719,154
2014-02-08,311.750,154
2014-02-09,310.625,154
2014-02-10,306.594,154
2014-02-11,303.156,154
2014-02-12,300.656,154
2014-02-13,299.062,154
2014-02-14,303.594,154
2014-02-15,315.594,154
2014-02-16,323.219,154
2014-02-17,323.438,154
2014-02-18,327.094,154
2014-02-19,335.938,154
2014-02-20,348.781,154
2014-02-21,365.438,154
2014-02-22,403.250,154
2014-02-23,480.156,154
2014-02-24,647.688,154
2014-02-25,882.156,154
2014-02-26,952.938,154
2014-02-27,953.344,154
2014-02-28,936.781,154
2014-03-01,899.750,154
2014-03-02,858.844,154
2014-03-03,828.500,154
2014-03-04,837.375,154
2014-03-05,833.188,154
2014-03-06,806.531,154
2014-03-07,776.969,154
2014-03-08,764.062,154
2014-03-09,754.500,154
2014-03-10,731.531,154
2014-03-11,713.594,154
2014-03-12,719.844,154
2014-03-13,735.000,154
2014-03-14,733.188,154
2014-03-15,720.094,154
2014-03-16,704.000,154
2014-03-17,684.625,154
2014-03-18,657.844,154
2014-03-19,636.688,154
2014-03-20,628.969,154
2014-03-21,632.281,154
2014-03-22,660.188,154
2014-03-23,730.719,154
2014-03-24,757.562,154
2014-03-25,730.812,154
2014-03-26,717.562,154
2014-03-27,725.312,154
2014-03-28,739.344,154
2014-03-29,740.375,154
2014-03-30,763.312,154
2014-03-31,769.625,154
2014-04-01,749.906,154
2014-04-02,729.375,154
2014-04-03,705.469,154
2014-04-04,680.031,154
2014-04-05,658.125,154
2014-04-06,637.844,154
2014-04-07,616.500,154
2014-04-08,596.969,154
2014-04-09,578.844,154
2014-04-10,562.406,154
2014-04-11,548.281,154
2014-04-12,536.312,154
2014-04-13,527.125,154
2014-04-14,521.375,154
2014-04-15,513.219,154
2014-04-16,502.719,154
2014-04-17,492.594,154
2014-04-18,483.688,154
2014-04-19,476.406,154
2014-04-20,471.312,154
2014-04-21,469.281,154
2014-04-22,467.969,154
2014-04-23,469.500,154
2014-04-24,471.906,154
2014-04-25,469.406,154
2014-04-26,463.531,154
2014-04-27,459.094,154
2014-04-28,456.531,154
2014-04-29,452.594,154
2014-04-30,447.938,154
2014-05-01,449.281,154
2014-05-02,458.969,154
2014-05-03,465.906,154
2014-05-04,462.750,154
2014-05-05,455.969,154
2014-05-06,454.094,154
2014-05-07,474.719,154
2014-05-08,489.594,154
2014-05-09,481.812,154
2014-05-10,471.812,154
2014-05-11,463.906,154
2014-05-12,456.625,154
2014-05-13,450.375,154
2014-05-14,452.500,154
2014-05-15,472.125,154
2014-05-16,508.719,154
2014-05-17,578.531,154
2014-05-18,669.375,154
2014-05-19,726.094,154
2014-05-20,738.125,154
2014-05-21,728.250,154
2014-05-22,708.219,154
2014-05-23,691.062,154
2014-05-24,691.344,154
2014-05-25,698.688,154
2014-05-26,726.250,154
2014-05-27,749.844,154
2014-05-28,746.531,154
2014-05-29,728.656,154
2014-05-30,705.062,154
2014-05-31,679.969,154
2014-06-01,671.344,154
2014-06-02,666.375,154
2014-06-03,653.406,154
2014-06-04,635.625,154
2014-06-05,618.719,154
2014-06-06,605.125,154
2014-06-07,598.406,154
2014-06-08,595.375,154
2014-06-09,605.750,154
2014-06-10,624.688,154
2014-06-11,656.438,154
2014-06-12,686.375,154
2014-06-13,693.812,154
2014-06-14,695.906,154
2014-06-15,699.156,154
2014-06-16,693.125,154
2014-06-17,672.938,154
2014-06-18,651.281,154
2014-06-19,631.281,154
2014-06-20,612.125,154
2014-06-21,595.156,154
2014-06-22,579.625,154
2014-06-23,565.688,154
2014-06-24,554.281,154
2014-06-25,544.719,154
2014-06-26,536.719,154
2014-06-27,532.156,154
2014-06-28,549.375,154
2014-06-29,582.438,154
2014-06-30,606.406,154
2014-07-01,614.188,154
2014-07-02,610.312,154
2014-07-03,599.031,154
2014-07-04,583.781,154
2014-07-05,568.438,154
2014-07-06,554.906,154
2014-07-07,555.969,154
2014-07-08,569.984,154
2014-07-09,580.781,154
2014-07-10,594.609,154
2014-07-11,603.297,154
2014-07-12,597.391,154
2014-07-13,583.266,154
2014-07-14,567.453,154
2014-07-15,553.750,154
2014-07-16,542.875,154
2014-07-17,535.500,154
2014-07-18,537.922,154
2014-07-19,544.672,154
2014-07-20,544.500,154
2014-07-21,538.812,154
2014-07-22,532.844,154
2014-07-23,528.547,154
2014-07-24,542.891,154
2014-07-25,568.562,154
2014-07-26,582.594,154
2014-07-27,579.734,154
2014-07-28,570.828,154
2014-07-29,562.172,154
2014-07-30,552.047,154
2014-07-31,544.109,154
2014-08-01,538.969,154
2014-08-02,535.281,154
2014-08-03,532.250,154
2014-08-04,529.391,154
2014-08-05,527.219,154
2014-08-06,525.250,154
2014-08-07,523.297,154
2014-08-08,521.328,154
2014-08-09,519.531,154
2014-08-10,517.688,154
2014-08-11,515.766,154
2014-08-12,513.750,154
2014-08-13,511.938,154
2014-08-14,511.609,154
2014-08-15,510.422,154
2014-08-16,508.688,154
2014-08-17,507.156,154
2014-08-18,505.609,154
2014-08-19,504.094,154
2014-08-20,502.625,154
2014-08-21,500.859,154
2014-08-22,499.141,154
2014-08-23,497.406,154
2014-08-24,495.438,154
2014-08-25,493.391,154
2014-08-26,491.734,154
2014-08-27,490.438,154
2014-08-28,489.078,154
2014-08-29,487.500,154
2014-08-30,485.547,154
2014-08-31,483.734,154
2014-09-01,481.938,154
2014-09-02,480.250,154
2014-09-03,478.359,154
2014-09-04,476.594,154
2014-09-05,474.891,154
2014-09-06,473.375,154
2014-09-07,471.656,154
2014-09-08,470.234,154
2014-09-09,469.047,154
2014-09-10,467.516,154
2014-09-11,465.977,154
2014-09-12,464.570,154
2014-09-13,463.289,154
2014-09-14,461.906,154
2014-09-15,460.453,154
2014-09-16,459.555,154
2014-09-17,458.742,154
2014-09-18,457.578,154
2014-09-19,456.383,154
2014-09-20,455.578,154
2014-09-21,454.461,154
2014-09-22,453.062,154
2014-09-23,451.609,154
2014-09-24,450.039,154
2014-09-25,449.398,154
2014-09-26,448.211,154
2014-09-27,447.086,154
2014-09-28,446.305,154
2014-09-29,445.547,154
2014-09-30,444.336,154
2014-10-01,442.891,154
2014-10-02,441.430,154
2014-10-03,440.062,154
2014-10-04,438.797,154
2014-10-05,437.328,154
2014-10-06,435.797,154
2014-10-07,437.000,154
2014-10-08,437.156,154
2014-10-09,435.547,154
2014-10-10,434.125,154
2014-10-11,433.000,154
2014-10-12,431.945,154
2014-10-13,430.695,154
2014-10-14,429.078,154
2014-10-15,427.391,154
2014-10-16,425.648,154
2014-10-17,423.695,154
2014-10-18,421.797,154
2014-10-19,420.016,154
2014-10-20,418.547,154
2014-10-21,417.180,154
2014-10-22,415.891,154
2014-10-23,414.727,154
2014-10-24,413.680,154
2014-10-25,412.742,154
2014-10-26,411.484,154
2014-10-27,410.367,154
2014-10-28,409.367,154
2014-10-29,407.961,154
2014-10-30,406.789,154
2014-10-31,405.570,154
2014-11-01,404.523,154
2014-11-02,403.695,154
2014-11-03,403.133,154
2014-11-04,402.836,154
2014-11-05,402.477,154
2014-11-06,402.172,154
2014-11-07,402.164,154
2014-11-08,402.180,154
2014-11-09,402.367,154
2014-11-10,401.742,154
2014-11-11,400.453,154
2014-11-12,399.344,154
2014-11-13,400.359,154
2014-11-14,399.547,154
2014-11-15,398.250,154
2014-11-16,396.531,154
2014-11-17,395.109,154
2014-11-18,393.969,154
2014-11-19,392.781,154
2014-11-20,391.766,154
2014-11-21,391.328,154
2014-11-22,391.500,154
2014-11-23,392.812,154
2014-11-24,393.422,154
2014-11-25,393.344,154
2014-11-26,394.609,154
2014-11-27,396.609,154
2014-11-28,397.250,154
2014-11-29,396.172,154
2014-11-30,395.297,154
2014-12-01,393.250,154
2014-12-02,391.844,154
2014-12-03,391.281,154
2014-12-04,389.344,154
2014-12-05,387.672,154
2014-12-06,385.922,154
2014-12-07,384.266,154
2014-12-08,382.984,154
2014-12-09,381.922,154
2014-12-10,381.172,154
2014-12-11,380.312,154
2014-12-12,379.688,154
2014-12-13,379.031,154
2014-12-14,378.844,154
2014-12-15,378.062,154
2014-12-16,377.047,154
2014-12-17,376.406,154
2014-12-18,377.266,154
2014-12-19,379.125,154
2014-12-20,381.875,154
2014-12-21,381.734,154
2014-12-22,381.250,154
2014-12-23,382.859,154
2014-12-24,383.781,154
2014-12-25,381.547,154
2014-12-26,379.094,154
2014-12-27,377.266,154
2014-12-28,375.953,154
2014-12-29,374.484,154
2014-12-30,372.922,154
2014-12-31,371.562,154
2015-01-01,370.203,154
2015-01-02,369.109,154
2015-01-03,368.312,154
2015-01-04,368.078,154
2015-01-05,367.594,154
2015-01-06,367.422,154
2015-01-07,366.938,154
2015-01-08,366.203,154
2015-01-09,365.062,154
2015-01-10,364.000,154
2015-01-11,362.891,154
2015-01-12,362.000,154
2015-01-13,361.266,154
2015-01-14,360.297,154
2015-01-15,359.453,154
2015-01-16,358.688,154
2015-01-17,357.859,154
2015-01-18,357.172,154
2015-01-19,356.469,154
2015-01-20,355.609,154
2015-01-21,354.828,154
2015-01-22,354.047,154
2015-01-23,353.328,154
2015-01-24,352.531,154
2015-01-25,351.984,154
2015-01-26,351.578,154
2015-01-27,351.938,154
2015-01-28,352.531,154
2015-01-29,354.094,154
2015-01-30,354.031,154
2015-01-31,353.656,154
2015-02-01,353.781,154
2015-02-02,352.938,154
2015-02-03,352.000,154
2015-02-04,351.250,154
2015-02-05,350.156,154
2015-02-06,349.250,154
2015-02-07,348.125,154
2015-02-08,347.094,154
2015-02-09,346.094,154
2015-02-10,345.031,154
2015-02-11,344.031,154
2015-02-12,342.938,154
2015-02-13,342.375,154
2015-02-14,341.500,154
2015-02-15,341.781,154
2015-02-16,342.906,154
2015-02-17,345.375,154
2015-02-18,351.594,154
2015-02-19,363.188,154
2015-02-20,371.000,154
2015-02-21,383.812,154
2015-02-22,398.750,154
2015-02-23,406.156,154
2015-02-24,408.062,154
2015-02-25,408.438,154
2015-02-26,405.312,154
2015-02-27,402.719,154
2015-02-28,401.656,154
2015-03-01,401.062,154
2015-03-02,401.438,154
2015-03-03,403.531,154
2015-03-04,408.031,154
2015-03-05,415.375,154
2015-03-06,428.188,154
2015-03-07,436.062,154
2015-03-08,440.125,154
2015-03-09,441.125,154
2015-03-10,445.500,154
2015-03-11,451.031,154
2015-03-12,447.906,154
2015-03-13,442.188,154
2015-03-14,438.094,154
2015-03-15,435.281,154
2015-03-16,431.719,154
2015-03-17,428.500,154
2015-03-18,425.062,154
2015-03-19,421.906,154
2015-03-20,418.656,154
2015-03-21,414.656,154
2015-03-22,410.219,154
2015-03-23,406.000,154
2015-03-24,401.750,154
2015-03-25,397.594,154
2015-03-26,394.219,154
2015-03-27,395.031,154
2015-03-28,403.938,154
2015-03-29,408.781,154
2015-03-30,403.906,154
2015-03-31,401.188,154
2015-04-01,408.281,154
2015-04-02,427.531,154
2015-04-03,442.969,154
2015-04-04,443.438,154
2015-04-05,442.656,154
2015-04-06,446.156,154
2015-04-07,452.031,154
2015-04-08,445.594,154
2015-04-09,438.406,154
2015-04-10,432.594,154
2015-04-11,431.000,154
2015-04-12,430.188,154
2015-04-13,427.156,154
2015-04-14,427.188,154
2015-04-15,426.188,154
2015-04-16,422.906,154
2015-04-17,423.656,154
2015-04-18,506.625,154
2015-04-19,1155.500,154
2015-04-20,1152.594,154
2015-04-21,937.250,154
2015-04-22,836.719,154
2015-04-23,758.031,154
2015-04-24,694.594,154
2015-04-25,642.688,154
2015-04-26,603.438,154
2015-04-27,572.000,154
2015-04-28,547.125,154
2015-04-29,528.062,154
2015-04-30,510.938,154
2015-05-01,495.531,154
2015-05-02,482.219,154
2015-05-03,471.062,154
2015-05-04,469.750,154
2015-05-05,494.094,154
2015-05-06,509.781,154
2015-05-07,495.312,154
2015-05-08,483.156,154
2015-05-09,472.344,154
2015-05-10,463.250,154
2015-05-11,461.844,154
2015-05-12,461.688,154
2015-05-13,456.906,154
2015-05-14,452.969,154
2015-05-15,449.906,154
2015-05-16,448.312,154
2015-05-17,451.375,154
2015-05-18,463.469,154
2015-05-19,475.969,154
2015-05-20,481.781,154
2015-05-21,482.312,154
2015-05-22,478.094,154
2015-05-23,482.781,154
2015-05-24,498.156,154
2015-05-25,510.125,154
2015-05-26,514.844,154
2015-05-27,516.969,154
2015-05-28,546.531,154
2015-05-29,597.531,154
2015-05-30,632.625,154
2015-05-31,650.031,154
2015-06-01,658.531,154
2015-06-02,655.219,154
2015-06-03,638.500,154
2015-06-04,619.156,154
2015-06-05,599.000,154
2015-06-06,580.812,154
2015-06-07,562.750,154
2015-06-08,546.469,154
2015-06-09,532.188,154
2015-06-10,519.969,154
2015-06-11,510.406,154
2015-06-12,504.469,154
2015-06-13,504.438,154
2015-06-14,504.406,154
2015-06-15,501.156,154
2015-06-16,497.688,154
2015-06-17,494.438,154
2015-06-18,491.312,154
2015-06-19,488.906,154
2015-06-20,486.969,154
2015-06-21,485.094,154
2015-06-22,482.688,154
2015-06-23,480.625,154
2015-06-24,478.344,154
2015-06-25,476.250,154
2015-06-26,474.188,154
2015-06-27,472.219,154
2015-06-28,470.031,154
2015-06-29,468.000,154
2015-06-30,466.312,154
2015-07-01,467.469,154
2015-07-02,470.875,154
2015-07-03,478.625,154
2015-07-04,495.562,154
2015-07-05,507.969,154
2015-07-06,507.375,154
2015-07-07,500.250,154
2015-07-08,503.906,154
2015-07-09,509.000,154
2015-07-10,503.828,154
2015-07-11,498.000,154
2015-07-12,495.062,154
2015-07-13,495.938,154
2015-07-14,494.375,154
2015-07-15,509.250,154
2015-07-16,538.422,154
2015-07-17,566.031,154
2015-07-18,579.125,154
2015-07-19,574.328,154
2015-07-20,560.359,154
2015-07-21,547.203,154
2015-07-22,536.266,154
2015-07-23,525.516,154
2015-07-24,516.766,154
2015-07-25,509.531,154
2015-07-26,502.844,154
2015-07-27,497.312,154
2015-07-28,492.922,154
2015-07-29,489.250,154
2015-07-30,486.266,154
2015-07-31,483.578,154
2015-08-01,481.156,154
2015-08-02,478.922,154
2015-08-03,476.812,154
2015-08-04,475.016,154
2015-08-05,473.141,154
2015-08-06,471.375,154
2015-08-07,469.453,154
2015-08-08,467.766,154
2015-08-09,466.016,154
2015-08-10,464.406,154
2015-08-11,463.156,154
2015-08-12,462.344,154
2015-08-13,461.375,154
2015-08-14,460.359,154
2015-08-15,459.281,154
2015-08-16,458.047,154
2015-08-17,456.750,154
2015-08-18,455.375,154
2015-08-19,455.984,154
2015-08-20,457.141,154
2015-08-21,457.109,154
2015-08-22,456.312,154
2015-08-23,455.016,154
2015-08-24,453.328,154
2015-08-25,451.750,154
2015-08-26,450.062,154
2015-08-27,448.531,154
2015-08-28,447.094,154
2015-08-29,445.922,154
2015-08-30,444.594,154
2015-08-31,442.984,154
2015-09-01,441.500,154
2015-09-02,440.078,154
2015-09-03,438.750,154
2015-09-04,437.516,154
2015-09-05,436.281,154
2015-09-06,435.031,154
2015-09-07,433.664,154
2015-09-08,432.531,154
2015-09-09,434.578,154
2015-09-10,435.094,154
2015-09-11,440.516,154
2015-09-12,448.984,154
2015-09-13,451.961,154
2015-09-14,448.211,154
2015-09-15,443.688,154
2015-09-16,440.078,154
2015-09-17,437.133,154
2015-09-18,434.906,154
2015-09-19,433.172,154
2015-09-20,431.555,154
2015-09-21,430.023,154
2015-09-22,428.445,154
2015-09-23,426.820,154
2015-09-24,425.352,154
2015-09-25,423.961,154
2015-09-26,423.211,154
2015-09-27,422.758,154
2015-09-28,424.133,154
2015-09-29,424.453,154
2015-09-30,424.062,154
2015-10-01,431.258,154
2015-10-02,437.719,154
2015-10-03,437.570,154
2015-10-04,450.227,154
2015-10-05,466.969,154
2015-10-06,472.266,154
2015-10-07,467.367,154
2015-10-08,457.727,154
2015-10-09,448.891,154
2015-10-10,449.445,154
2015-10-11,454.609,154
2015-10-12,455.633,154
2015-10-13,456.938,154
2015-10-14,456.680,154
2015-10-15,452.039,154
2015-10-16,446.406,154
2015-10-17,441.898,154
2015-10-18,438.469,154
2015-10-19,435.773,154
2015-10-20,433.492,154
2015-10-21,431.062,154
2015-10-22,429.109,154
2015-10-23,427.422,154
2015-10-24,425.969,154
2015-10-25,424.922,154
2015-10-26,424.047,154
2015-10-27,424.086,154
2015-10-28,434.844,154
2015-10-29,451.414,154
2015-10-30,457.625,154
2015-10-31,462.797,154
2015-11-01,473.672,154
2015-11-02,481.922,154
2015-11-03,484.070,154
2015-11-04,484.281,154
2015-11-05,496.484,154
2015-11-06,516.352,154
2015-11-07,521.352,154
2015-11-08,516.570,154
2015-11-09,518.789,154
2015-11-10,526.367,154
2015-11-11,527.469,154
2015-11-12,522.211,154
2015-11-13,512.633,154
2015-11-14,501.695,154
2015-11-15,491.484,154
2015-11-16,482.883,154
2015-11-17,475.555,154
2015-11-18,469.914,154
2015-11-19,466.188,154
2015-11-20,462.992,154
2015-11-21,463.320,154
2015-11-22,464.812,154
2015-11-23,463.453,154
2015-11-24,460.953,154
2015-11-25,458.422,154
2015-11-26,455.984,154
2015-11-27,456.602,154
2015-11-28,457.672,154
2015-11-29,461.977,154
2015-11-30,468.484,154
2015-12-01,469.867,154
2015-12-02,469.188,154
2015-12-03,499.672,154
2015-12-04,621.742,154
2015-12-05,811.938,154
2015-12-06,1007.562,154
2015-12-07,1115.859,154
2015-12-08,1135.078,154
2015-12-09,1113.094,154
2015-12-10,1089.586,154
2015-12-11,1085.742,154
2015-12-12,1082.188,154
2015-12-13,1076.898,154
2015-12-14,1068.023,154
2015-12-15,1045.891,154
2015-12-16,1039.992,154
2015-12-17,1041.211,154
2015-12-18,1033.984,154
2015-12-19,1012.414,154
2015-12-20,1030.086,154
2015-12-21,1051.344,154
2015-12-22,1041.992,154
2015-12-23,1018.008,154
2015-12-24,988.836,154
2015-12-25,964.438,154
2015-12-26,964.297,154
2015-12-27,978.062,154
2015-12-28,981.031,154
2015-12-29,971.547,154
2015-12-30,966.547,154
2015-12-31,955.695,154
2016-01-01,936.500,154
2016-01-02,926.391,154
2016-01-03,930.875,154
2016-01-04,941.156,154
2016-01-05,963.656,154
2016-01-06,1311.102,154
2016-01-07,1617.930,154
2016-01-08,1533.297,154
2016-01-09,1438.562,154
2016-01-10,1391.906,154
2016-01-11,1376.766,154
2016-01-12,1348.672,154
2016-01-13,1314.594,154
2016-01-14,1296.219,154
2016-01-15,1309.516,154
2016-01-16,1318.031,154
2016-01-17,1365.781,154
2016-01-18,1466.969,154
2016-01-19,1479.125,154
2016-01-20,1420.359,154
2016-01-21,1357.109,154
2016-01-22,1294.828,154
2016-01-23,1235.969,154
2016-01-24,1181.500,154
2016-01-25,1132.641,154
2016-01-26,1088.188,154
2016-01-27,1052.328,154
2016-01-28,1032.188,154
2016-01-29,1012.000,154
2016-01-30,988.859,154
2016-01-31,1006.000,154
2016-02-01,1340.125,154
2016-02-02,1648.297,154
2016-02-03,1811.625,154
2016-02-04,1906.719,154
2016-02-05,1975.359,154
2016-02-06,2011.281,154
2016-02-07,2024.594,154
2016-02-08,2010.766,154
2016-02-09,1958.891,154
2016-02-10,1895.047,154
2016-02-11,1839.125,154
2016-02-12,1778.578,154
2016-02-13,1705.797,154
2016-02-14,1628.203,154
2016-02-15,1552.297,154
2016-02-16,1481.531,154
2016-02-17,1420.656,154
2016-02-18,1363.766,154
2016-02-19,1308.750,154
2016-02-20,1257.859,154
2016-02-21,1221.766,154
2016-02-22,1212.859,154
2016-02-23,1213.906,154
2016-02-24,1212.438,154
2016-02-25,1229.828,154
2016-02-26,1258.859,154
2016-02-27,1253.969,154
2016-02-28,1272.109,154
2016-02-29,1326.656,154
2016-03-01,1359.797,154
2016-03-02,1365.016,154
2016-03-03,1383.781,154
2016-03-04,1383.578,154
2016-03-05,1369.969,154
2016-03-06,1358.734,154
2016-03-07,1342.609,154
2016-03-08,1318.281,154
2016-03-09,1289.625,154
2016-03-10,1311.250,154
2016-03-11,1345.609,154
2016-03-12,1333.016,154
2016-03-13,1295.844,154
2016-03-14,1255.062,154
2016-03-15,1213.625,154
2016-03-16,1176.062,154
2016-03-17,1143.219,154
2016-03-18,1112.875,154
2016-03-19,1083.469,154
2016-03-20,1070.312,154
2016-03-21,1066.625,154
2016-03-22,1055.094,154
2016-03-23,1039.375,154
2016-03-24,1197.906,154
2016-03-25,1498.344,154
2016-03-26,1527.531,154
2016-03-27,1476.031,154
2016-03-28,1395.844,154
2016-03-29,1314.094,154
2016-03-30,1243.062,154
2016-03-31,1186.594,154
2016-04-01,1138.312,154
2016-04-02,1096.125,154
2016-04-03,1060.188,154
2016-04-04,1029.531,154
2016-04-05,1003.594,154
2016-04-06,982.375,154
2016-04-07,962.750,154
2016-04-08,944.844,154
2016-04-09,928.406,154
2016-04-10,915.094,154
2016-04-11,916.188,154
2016-04-12,939.438,154
2016-04-13,954.062,154
2016-04-14,948.312,154
2016-04-15,944.719,154
2016-04-16,934.688,154
2016-04-17,918.625,154
2016-04-18,904.719,154
2016-04-19,892.719,154
2016-04-20,881.781,154
2016-04-21,872.906,154
2016-04-22,864.938,154
2016-04-23,863.438,154
2016-04-24,862.625,154
2016-04-25,856.312,154
2016-04-26,859.906,154
2016-04-27,869.250,154
2016-04-28,867.844,154
2016-04-29,859.062,154
2016-04-30,851.312,154
2016-05-01,845.000,154
2016-05-02,838.781,154
2016-05-03,833.250,154
2016-05-04,827.750,154
2016-05-05,822.656,154
2016-05-06,818.125,154
2016-05-07,823.125,154
2016-05-08,845.875,154
2016-05-09,862.750,154
2016-05-10,891.938,154
2016-05-11,968.094,154
2016-05-12,1019.156,154
2016-05-13,1025.969,154
2016-05-14,1011.469,154
2016-05-15,987.781,154
2016-05-16,966.656,154
2016-05-17,951.062,154
2016-05-18,931.969,154
2016-05-19,911.000,154
2016-05-20,891.969,154
2016-05-21,881.562,154
2016-05-22,875.281,154
2016-05-23,864.000,154
2016-05-24,851.438,154
2016-05-25,840.219,154
2016-05-26,830.719,154
2016-05-27,838.500,154
2016-05-28,864.625,154
2016-05-29,899.156,154
2016-05-30,923.250,154
2016-05-31,929.531,154
2016-06-01,923.312,154
2016-06-02,910.094,154
2016-06-03,894.656,154
2016-06-04,877.312,154
2016-06-05,865.000,154
2016-06-06,858.188,154
2016-06-07,853.312,154
2016-06-08,846.844,154
2016-06-09,838.531,154
2016-06-10,831.188,154
2016-06-11,823.531,154
2016-06-12,817.312,154
2016-06-13,812.125,154
2016-06-14,807.469,154
2016-06-15,803.344,154
2016-06-16,799.297,154
2016-06-17,795.984,154
2016-06-18,793.281,154
2016-06-19,791.172,154
2016-06-20,789.125,154
2016-06-21,788.750,154
2016-06-22,787.016,154
2016-06-23,784.031,154
2016-06-24,781.453,154
2016-06-25,778.766,154
2016-06-26,776.547,154
2016-06-27,774.609,154
2016-06-28,773.594,154
2016-06-29,772.438,154
2016-06-30,770.219,154
2016-07-01,767.750,154
2016-07-02,765.312,154
2016-07-03,762.531,154
2016-07-04,759.750,154
2016-07-05,757.297,154
2016-07-06,755.109,154
2016-07-07,755.391,154
2016-07-08,754.094,154
2016-07-09,751.906,154
2016-07-10,749.641,154
2016-07-11,747.406,154
2016-07-12,745.281,154
2016-07-13,743.234,154
2016-07-14,741.062,154
2016-07-15,738.750,154
2016-07-16,737.016,154
2016-07-17,735.219,154
2016-07-18,733.594,154
2016-07-19,731.875,154
2016-07-20,729.797,154
2016-07-21,727.578,154
2016-07-22,725.453,154
2016-07-23,723.203,154
2016-07-24,721.016,154
2016-07-25,718.703,154
2016-07-26,716.406,154
2016-07-27,714.625,154
2016-07-28,712.625,154
2016-07-29,710.625,154
2016-07-30,708.531,154
2016-07-31,706.250,154
2016-08-01,703.703,154
2016-08-02,701.531,154
2016-08-03,699.469,154
2016-08-04,697.625,154
2016-08-05,695.500,154
2016-08-06,693.281,154
2016-08-07,691.266,154
2016-08-08,690.000,154
2016-08-09,689.969,154
2016-08-10,689.531,154
2016-08-11,688.297,154
2016-08-12,686.703,154
2016-08-13,684.844,154
2016-08-14,682.891,154
2016-08-15,680.484,154
2016-08-16,678.156,154
2016-08-17,676.000,154
2016-08-18,673.938,154
2016-08-19,671.922,154
2016-08-20,670.750,154
2016-08-21,672.000,154
2016-08-22,671.547,154
2016-08-23,669.273,154
2016-08-24,667.281,154
2016-08-25,665.156,154
2016-08-26,663.016,154
2016-08-27,660.820,154
2016-08-28,658.633,154
2016-08-29,659.148,154
2016-08-30,659.773,154
2016-08-31,658.891,154
2016-09-01,657.406,154
2016-09-02,655.617,154
2016-09-03,654.469,154
2016-09-04,654.109,154
2016-09-05,654.461,154
2016-09-06,653.961,154
2016-09-07,653.031,154
2016-09-08,651.141,154
2016-09-09,649.062,154
2016-09-10,646.727,154
2016-09-11,644.320,154
2016-09-12,641.727,154
2016-09-13,639.172,154
2016-09-14,636.883,154
2016-09-15,635.000,154
2016-09-16,633.109,154
2016-09-17,631.109,154
2016-09-18,629.148,154
2016-09-19,627.156,154
2016-09-20,625.430,154
2016-09-21,623.891,154
2016-09-22,622.234,154
2016-09-23,620.578,154
2016-09-24,618.969,154
2016-09-25,617.422,154
2016-09-26,615.750,154
2016-09-27,614.062,154
2016-09-28,612.398,154
2016-09-29,610.609,154
2016-09-30,608.820,154
2016-10-01,607.062,154
2016-10-02,605.383,154
2016-10-03,603.898,154
2016-10-04,603.086,154
2016-10-05,602.547,154
2016-10-06,601.273,154
2016-10-07,600.164,154
2016-10-08,598.727,154
2016-10-09,596.922,154
2016-10-10,595.227,154
2016-10-11,593.484,154
2016-10-12,591.883,154
2016-10-13,590.203,154
2016-10-14,589.484,154
2016-10-15,588.664,154
2016-10-16,587.570,154
2016-10-17,585.883,154
2016-10-18,584.109,154
2016-10-19,582.305,154
2016-10-20,580.594,154
2016-10-21,579.164,154
2016-10-22,577.617,154
2016-10-23,575.844,154
2016-10-24,574.148,154
2016-10-25,572.531,154
2016-10-26,571.438,154
2016-10-27,572.586,154
2016-10-28,572.562,154
2016-10-29,570.633,154
2016-10-30,568.766,154
2016-10-31,567.188,154
2016-11-01,565.469,154
2016-11-02,563.977,154
2016-11-03,566.156,154
2016-11-04,567.383,154
2016-11-05,565.938,154
2016-11-06,564.250,154
2016-11-07,562.508,154
2016-11-08,561.078,154
2016-11-09,564.750,154
2016-11-10,567.250,154
2016-11-11,565.797,154
2016-11-12,567.328,154
2016-11-13,567.328,154
2016-11-14,564.984,154
2016-11-15,561.656,154
2016-11-16,559.227,154
2016-11-17,557.312,154
2016-11-18,555.102,154
2016-11-19,552.797,154
2016-11-20,550.312,154
2016-11-21,548.625,154
2016-11-22,547.188,154
2016-11-23,545.469,154
2016-11-24,543.547,154
2016-11-25,541.766,154
2016-11-26,540.406,154
2016-11-27,539.000,154
2016-11-28,537.625,154
2016-11-29,538.062,154
2016-11-30,540.953,154
2016-12-01,541.922,154
2016-12-02,541.344,154
2016-12-03,540.547,154
2016-12-04,540.406,154
2016-12-05,539.109,154
2016-12-06,537.641,154
2016-12-07,536.188,154
2016-12-08,535.234,154
2016-12-09,537.281,154
2016-12-10,550.250,154
2016-12-11,567.922,154
2016-12-12,574.828,154
2016-12-13,572.938,154
2016-12-14,568.578,154
2016-12-15,568.531,154
2016-12-16,568.328,154
2016-12-17,561.109,154
2016-12-18,556.750,154
2016-12-19,553.297,154
2016-12-20,549.391,154
2016-12-21,547.797,154
2016-12-22,546.781,154
2016-12-23,548.453,154
2016-12-24,551.906,154
2016-12-25,556.031,154
2016-12-26,560.719,154
2016-12-27,560.469,154
2016-12-28,557.562,154
2016-12-29,559.391,154
2016-12-30,563.234,154
2016-12-31,559.812,154
2017-01-01,557.688,154
2017-01-02,556.109,154
2017-01-03,554.312,154
2017-01-04,553.922,154
2017-01-05,551.500,154
2017-01-06,548.594,154
2017-01-07,549.281,154
2017-01-08,549.062,154
2017-01-09,544.828,154
2017-01-10,541.188,154
2017-01-11,538.188,154
2017-01-12,535.562,154
2017-01-13,534.406,154
2017-01-14,534.406,154
2017-01-15,533.750,154
2017-01-16,531.844,154
2017-01-17,530.031,154
2017-01-18,528.844,154
2017-01-19,527.875,154
2017-01-20,527.125,154
2017-01-21,527.719,154
2017-01-22,530.500,154
2017-01-23,533.344,154
2017-01-24,532.062,154
2017-01-25,532.312,154
2017-01-26,540.062,154
2017-01-27,548.688,154
2017-01-28,546.469,154
2017-01-29,540.562,154
2017-01-30,537.031,154
2017-01-31,537.125,154
2017-02-01,538.188,154
2017-02-02,537.719,154
2017-02-03,537.688,154
2017-02-04,538.094,154
2017-02-05,534.875,154
2017-02-06,532.344,154
2017-02-07,543.688,154
2017-02-08,561.969,154
2017-02-09,564.062,154
2017-02-10,557.656,154
2017-02-11,550.562,154
2017-02-12,547.094,154
2017-02-13,553.938,154
2017-02-14,560.094,154
2017-02-15,560.219,154
2017-02-16,572.438,154
2017-02-17,580.375,154
2017-02-18,578.094,154
2017-02-19,579.688,154
2017-02-20,583.625,154
2017-02-21,584.438,154
2017-02-22,590.906,154
2017-02-23,594.469,154
2017-02-24,588.594,154
2017-02-25,591.312,154
2017-02-26,632.062,154
2017-02-27,671.031,154
2017-02-28,686.656,154
2017-03-01,695.375,154
2017-03-02,721.562,154
2017-03-03,730.500,154
2017-03-04,717.344,154
2017-03-05,704.062,154
2017-03-06,707.594,154
2017-03-07,755.625,154
2017-03-08,809.938,154
2017-03-09,820.000,154
2017-03-10,798.344,154
2017-03-11,776.469,154
2017-03-12,756.125,154
2017-03-13,742.219,154
2017-03-14,759.281,154
2017-03-15,766.125,154
2017-03-16,748.781,154
2017-03-17,765.281,154
2017-03-18,814.250,154
2017-03-19,822.562,154
2017-03-20,806.938,154
2017-03-21,794.000,154
2017-03-22,812.312,154
2017-03-23,821.594,154
2017-03-24,810.188,154
2017-03-25,804.156,154
2017-03-26,798.969,154
2017-03-27,787.969,154
2017-03-28,782.562,154
2017-03-29,797.219,154
2017-03-30,817.750,154
2017-03-31,823.969,154
2017-04-01,843.781,154
2017-04-02,850.719,154
2017-04-03,840.719,154
2017-04-04,843.688,154
2017-04-05,858.094,154
2017-04-06,857.656,154
2017-04-07,855.844,154
2017-04-08,846.219,154
2017-04-09,831.125,154
2017-04-10,818.000,154
2017-04-11,807.188,154
2017-04-12,792.844,154
2017-04-13,776.844,154
2017-04-14,761.719,154
2017-04-15,750.219,154
2017-04-16,743.219,154
2017-04-17,755.688,154
2017-04-18,762.438,154
2017-04-19,751.844,154
2017-04-20,744.500,154
2017-04-21,773.219,154
2017-04-22,802.375,154
2017-04-23,808.625,154
2017-04-24,801.750,154
2017-04-25,786.031,154
2017-04-26,773.562,154
2017-04-27,768.531,154
2017-04-28,763.906,154
2017-04-29,754.406,154
2017-04-30,742.188,154
2017-05-01,730.312,154
2017-05-02,720.312,154
2017-05-03,712.062,154
2017-05-04,711.875,154
2017-05-05,720.844,154
2017-05-06,727.344,154
2017-05-07,725.375,154
2017-05-08,717.875,154
2017-05-09,709.188,154
2017-05-10,708.031,154
2017-05-11,708.656,154
2017-05-12,703.031,154
2017-05-13,695.344,154
2017-05-14,687.812,154
2017-05-15,681.438,154
2017-05-16,677.688,154
2017-05-17,674.344,154
2017-05-18,670.094,154
2017-05-19,666.844,154
2017-05-20,666.281,154
2017-05-21,669.625,154
2017-05-22,674.312,154
2017-05-23,675.094,154
2017-05-24,674.000,154
2017-05-25,674.219,154
2017-05-26,671.906,154
2017-05-27,669.094,154
2017-05-28,666.281,154
2017-05-29,663.438,154
2017-05-30,660.281,154
2017-05-31,657.250,154
2017-06-01,654.844,154
2017-06-02,652.344,154
2017-06-03,649.812,154
2017-06-04,647.188,154
2017-06-05,644.750,154
2017-06-06,643.906,154
2017-06-07,642.656,154
2017-06-08,640.969,154
2017-06-09,648.812,154
2017-06-10,659.688,154
2017-06-11,660.969,154
2017-06-12,654.312,154
2017-06-13,648.031,154
2017-06-14,643.531,154
2017-06-15,640.562,154
2017-06-16,638.094,154
2017-06-17,635.781,154
2017-06-18,633.562,154
2017-06-19,631.750,154
2017-06-20,630.312,154
2017-06-21,628.828,154
2017-06-22,627.078,154
2017-06-23,625.188,154
2017-06-24,623.234,154
2017-06-25,621.094,154
2017-06-26,619.016,154
2017-06-27,617.047,154
2017-06-28,615.125,154
2017-06-29,613.406,154
2017-06-30,611.703,154
2017-07-01,610.047,154
2017-07-02,608.234,154
2017-07-03,606.469,154
2017-07-04,604.750,154
2017-07-05,602.688,154
2017-07-06,600.812,154
2017-07-07,599.094,154
2017-07-08,597.266,154
2017-07-09,595.703,154
2017-07-10,594.172,154
2017-07-11,592.625,154
2017-07-12,591.281,154
2017-07-13,589.828,154
2017-07-14,588.109,154
2017-07-15,586.406,154
2017-07-16,584.750,154
2017-07-17,583.562,154
2017-07-18,582.297,154
2017-07-19,581.125,154
2017-07-20,579.844,154
2017-07-21,578.562,154
2017-07-22,577.297,154
2017-07-23,576.016,154
2017-07-24,574.641,154
2017-07-25,573.047,154
2017-07-26,571.438,154
2017-07-27,570.047,154
2017-07-28,568.641,154
2017-07-29,567.297,154
2017-07-30,566.078,154
2017-07-31,564.797,154
2017-08-01,563.562,154
2017-08-02,562.359,154
2017-08-03,561.188,154
2017-08-04,560.078,154
2017-08-05,558.953,154
2017-08-06,557.594,154
2017-08-07,556.281,154
2017-08-08,555.016,154
2017-08-09,553.719,154
2017-08-10,552.250,154
2017-08-11,551.094,154
2017-08-12,549.812,154
2017-08-13,548.625,154
2017-08-14,548.016,154
2017-08-15,547.594,154
2017-08-16,547.516,154
2017-08-17,547.812,154
2017-08-18,547.984,154
2017-08-19,547.844,154
2017-08-20,547.461,154
2017-08-21,546.570,154
2017-08-22,545.438,154
2017-08-23,544.086,154
2017-08-24,542.711,154
2017-08-25,541.250,154
2017-08-26,539.734,154
2017-08-27,538.320,154
2017-08-28,537.047,154
2017-08-29,535.719,154
2017-08-30,534.523,154
2017-08-31,533.320,154
2017-09-01,532.055,154
2017-09-02,531.047,154
2017-09-03,529.852,154
2017-09-04,528.812,154
2017-09-05,527.898,154
2017-09-06,526.953,154
2017-09-07,526.008,154
2017-09-08,525.008,154
2017-09-09,523.984,154
2017-09-10,522.867,154
2017-09-11,521.586,154
2017-09-12,520.406,154
2017-09-13,519.344,154
2017-09-14,518.359,154
2017-09-15,517.375,154
2017-09-16,516.516,154
2017-09-17,515.656,154
2017-09-18,514.820,154
2017-09-19,513.938,154
2017-09-20,513.094,154
2017-09-21,512.484,154
2017-09-22,512.047,154
2017-09-23,511.656,154
2017-09-24,510.938,154
2017-09-25,510.023,154
2017-09-26,509.016,154
2017-09-27,507.883,154
2017-09-28,506.789,154
2017-09-29,505.781,154
2017-09-30,504.750,154
2017-10-01,503.984,154
2017-10-02,504.391,154
2017-10-03,503.766,154
2017-10-04,502.781,154
2017-10-05,501.719,154
2017-10-06,500.617,154
2017-10-07,499.617,154
2017-10-08,498.492,154
2017-10-09,497.445,154
2017-10-10,496.156,154
2017-10-11,495.078,154
2017-10-12,494.008,154
2017-10-13,493.023,154
2017-10-14,492.062,154
2017-10-15,491.016,154
2017-10-16,490.117,154
2017-10-17,489.180,154
2017-10-18,488.188,154
2017-10-19,487.383,154
2017-10-20,486.734,154
2017-10-21,486.000,154
2017-10-22,486.383,154
2017-10-23,485.500,154
2017-10-24,484.492,154
2017-10-25,483.555,154
2017-10-26,482.875,154
2017-10-27,482.344,154
2017-10-28,481.859,154
2017-10-29,481.273,154
2017-10-30,480.656,154
2017-10-31,493.211,154
2017-11-01,495.039,154
2017-11-02,490.156,154
2017-11-03,486.500,154
2017-11-04,483.547,154
2017-11-05,482.453,154
2017-11-06,483.383,154
2017-11-07,483.297,154
2017-11-08,483.156,154
2017-11-09,484.875,154
2017-11-10,487.438,154
2017-11-11,491.852,154
2017-11-12,492.852,154
2017-11-13,490.266,154
2017-11-14,487.578,154
2017-11-15,485.258,154
2017-11-16,482.969,154
2017-11-17,481.016,154
2017-11-18,479.914,154
2017-11-19,481.984,154
2017-11-20,482.867,154
2017-11-21,481.555,154
2017-11-22,480.133,154
2017-11-23,478.531,154
2017-11-24,476.969,154
2017-11-25,475.609,154
2017-11-26,475.203,154
2017-11-27,474.609,154
2017-11-28,474.422,154
2017-11-29,475.125,154
2017-11-30,476.703,154
2017-12-01,478.078,154
2017-12-02,484.953,154
2017-12-03,493.406,154
2017-12-04,497.594,154
2017-12-05,571.656,154
2017-12-06,689.047,154
2017-12-07,644.844,154
2017-12-08,633.984,154
2017-12-09,668.953,154
2017-12-10,672.141,154
2017-12-11,664.422,154
2017-12-12,649.516,154
2017-12-13,626.547,154
2017-12-14,607.266,154
2017-12-15,591.953,154
2017-12-16,580.125,154
2017-12-17,569.328,154
2017-12-18,559.453,154
2017-12-19,557.031,154
2017-12-20,553.734,154
2017-12-21,547.250,154
2017-12-22,544.312,154
2017-12-23,544.156,154
2017-12-24,1312.109,154
2017-12-25,1413.469,154
2017-12-26,1214.828,154
2017-12-27,1085.891,154
2017-12-28,996.094,154
2017-12-29,939.734,154
2017-12-30,900.219,154
2017-12-31,865.562,154
2018-01-01,832.875,154
2018-01-02,811.922,154
2018-01-03,831.656,154
2018-01-04,849.484,154
2018-01-05,842.328,154
2018-01-06,824.078,154
2018-01-07,816.156,154
2018-01-08,821.828,154
2018-01-09,823.891,154
2018-01-10,835.266,154
2018-01-11,858.156,154
2018-01-12,879.406,154
2018-01-13,881.547,154
2018-01-14,868.797,154
2018-01-15,869.391,154
2018-01-16,890.203,154
2018-01-17,894.359,154
2018-01-18,887.719,154
2018-01-19,870.641,154
2018-01-20,855.094,154
2018-01-21,841.125,154
2018-01-22,821.391,154
2018-01-23,799.812,154
2018-01-24,780.516,154
2018-01-25,762.516,154
2018-01-26,749.156,154
2018-01-27,741.438,154
2018-01-28,733.875,154
2018-01-29,734.406,154
2018-01-30,750.906,154
2018-01-31,782.094,154
2018-02-01,814.250,154
2018-02-02,865.188,154
2018-02-03,982.219,154
2018-02-04,1044.500,154
2018-02-05,1032.688,154
2018-02-06,998.875,154
2018-02-07,960.781,154
2018-02-08,948.031,154
2018-02-09,949.188,154
2018-02-10,935.656,154
2018-02-11,932.188,154
2018-02-12,983.844,154
2018-02-13,1091.812,154
2018-02-14,1164.656,154
2018-02-15,1179.875,154
2018-02-16,1183.438,154
2018-02-17,1183.719,154
2018-02-18,1206.469,154
2018-02-19,1274.094,154
2018-02-20,1373.062,154
2018-02-21,1457.156,154
2018-02-22,1545.281,154
2018-02-23,1579.281,154
2018-02-24,1565.281,154
2018-02-25,1585.938,154
2018-02-26,1641.156,154
2018-02-27,1674.844,154
2018-02-28,1686.625,154
2018-03-01,1682.406,154
2018-03-02,1687.531,154
2018-03-03,1730.000,154
2018-03-04,1787.312,154
2018-03-05,1830.625,154
2018-03-06,1867.875,154
2018-03-07,1997.469,154
2018-03-08,2196.906,154
2018-03-09,2336.156,154
2018-03-10,2383.844,154
2018-03-11,2396.125,154
2018-03-12,2389.969,154
2018-03-13,2353.656,154
2018-03-14,2290.094,154
2018-03-15,2206.688,154
2018-03-16,2119.281,154
2018-03-17,2035.844,154
2018-03-18,1952.312,154
2018-03-19,1870.188,154
2018-03-20,1799.906,154
2018-03-21,1736.000,154
2018-03-22,1670.031,154
2018-03-23,1603.812,154
2018-03-24,1540.875,154
2018-03-25,1483.406,154
2018-03-26,1469.156,154
2018-03-27,1466.281,154
2018-03-28,1459.125,154
2018-03-29,1452.375,154
2018-03-30,1438.125,154
2018-03-31,1421.906,154
2018-04-01,1397.531,154
2018-04-02,1374.938,154
2018-04-03,1350.312,154
2018-04-04,1318.062,154
2018-04-05,1284.219,154
2018-04-06,1253.812,154
2018-04-07,1228.719,154
2018-04-08,1205.625,154
2018-04-09,1181.219,154
2018-04-10,1158.000,154
2018-04-11,1136.094,154
2018-04-12,1117.562,154
2018-04-13,1104.250,154
2018-04-14,1092.750,154
2018-04-15,1080.031,154
2018-04-16,1069.938,154
2018-04-17,1064.906,154
2018-04-18,1066.219,154
2018-04-19,1064.094,154
2018-04-20,1063.938,154
2018-04-21,1067.500,154
2018-04-22,1062.188,154
2018-04-23,1052.656,154
2018-04-24,1044.219,154
2018-04-25,1036.312,154
2018-04-26,1028.906,154
2018-04-27,1021.531,154
2018-04-28,1014.406,154
2018-04-29,1007.875,154
2018-04-30,1001.219,154
2018-05-01,995.312,154
2018-05-02,989.531,154
2018-05-03,983.500,154
2018-05-04,978.062,154
2018-05-05,973.094,154
2018-05-06,971.094,154
2018-05-07,971.156,154
2018-05-08,969.969,154
2018-05-09,965.625,154
2018-05-10,960.031,154
2018-05-11,955.094,154
2018-05-12,952.031,154
2018-05-13,950.094,154
2018-05-14,946.281,154
2018-05-15,941.094,154
2018-05-16,937.062,154
2018-05-17,937.250,154
2018-05-18,936.562,154
2018-05-19,935.094,154
2018-05-20,940.281,154
2018-05-21,941.031,154
2018-05-22,934.375,154
2018-05-23,927.844,154
2018-05-24,922.500,154
2018-05-25,917.469,154
2018-05-26,912.656,154
2018-05-27,908.000,154
2018-05-28,903.656,154
2018-05-29,899.469,154
2018-05-30,895.375,154
2018-05-31,891.594,154
2018-06-01,890.062,154
2018-06-02,894.094,154
2018-06-03,895.969,154
2018-06-04,892.375,154
2018-06-05,887.875,154
2018-06-06,883.406,154
2018-06-07,879.469,154
2018-06-08,875.375,154
2018-06-09,871.156,154
2018-06-10,867.312,154
2018-06-11,863.000,154
2018-06-12,859.562,154
2018-06-13,857.281,154
2018-06-14,854.906,154
2018-06-15,851.969,154
2018-06-16,848.812,154
2018-06-17,845.188,154
2018-06-18,841.938,154
2018-06-19,838.594,154
2018-06-20,834.938,154
2018-06-21,831.656,154
2018-06-22,828.094,154
2018-06-23,824.594,154
2018-06-24,821.812,154
2018-06-25,818.969,154
2018-06-26,816.531,154
2018-06-27,813.906,154
2018-06-28,811.000,154
2018-06-29,808.906,154
2018-06-30,806.750,154
2018-07-01,803.500,154
2018-07-02,800.297,154
2018-07-03,797.250,154
2018-07-04,794.531,154
2018-07-05,791.688,154
2018-07-06,788.703,154
2018-07-07,785.562,154
2018-07-08,782.906,154
2018-07-09,780.594,154
2018-07-10,778.016,154
2018-07-11,775.281,154
2018-07-12,772.547,154
2018-07-13,770.078,154
2018-07-14,767.188,154
2018-07-15,763.922,154
2018-07-16,760.719,154
2018-07-17,758.016,154
2018-07-18,755.203,154
2018-07-19,752.562,154
2018-07-20,749.672,154
2018-07-21,747.297,154
2018-07-22,745.078,154
2018-07-23,742.656,154
2018-07-24,739.953,154
2018-07-25,737.359,154
2018-07-26,734.828,154
2018-07-27,732.125,154
2018-07-28,729.500,154
2018-07-29,726.828,154
2018-07-30,724.031,154
2018-07-31,721.734,154
2018-08-01,719.266,154
2018-08-02,716.641,154
2018-08-03,714.172,154
2018-08-04,712.266,154
2018-08-05,710.844,154
2018-08-06,710.234,154
2018-08-07,708.547,154
2018-08-08,705.531,154
2018-08-09,702.531,154
2018-08-10,699.812,154
2018-08-11,697.141,154
2018-08-12,694.547,154
2018-08-13,691.922,154
2018-08-14,689.312,154
2018-08-15,687.250,154
2018-08-16,685.562,154
2018-08-17,683.938,154
2018-08-18,682.172,154
2018-08-19,679.984,154
2018-08-20,677.516,154
2018-08-21,675.547,154
2018-08-22,673.609,154
2018-08-23,672.016,154
2018-08-24,669.984,154
2018-08-25,667.719,154
2018-08-26,665.141,154
2018-08-27,662.734,154
2018-08-28,660.156,154
2018-08-29,657.688,154
2018-08-30,655.188,154
2018-08-31,652.641,154
2018-09-01,650.484,154
2018-09-02,649.078,154
2018-09-03,648.078,154
2018-09-04,647.031,154
2018-09-05,644.969,154
2018-09-06,642.828,154
2018-09-07,640.641,154
2018-09-08,638.250,154
2018-09-09,635.938,154
2018-09-10,633.750,154
2018-09-11,631.406,154
2018-09-12,629.328,154
2018-09-13,627.266,154
2018-09-14,625.469,154
2018-09-15,624.453,154
2018-09-16,623.406,154
2018-09-17,625.688,154
2018-09-18,628.453,154
2018-09-19,628.828,154
2018-09-20,627.312,154
2018-09-21,625.328,154
2018-09-22,622.375,154
2018-09-23,619.172,154
2018-09-24,616.078,154
2018-09-25,613.156,154
2018-09-26,610.820,154
2018-09-27,610.195,154
2018-09-28,609.750,154
2018-09-29,608.406,154
2018-09-30,607.242,154
2018-10-01,606.430,154
2018-10-02,605.180,154
2018-10-03,603.852,154
2018-10-04,602.578,154
2018-10-05,600.578,154
2018-10-06,598.336,154
2018-10-07,596.234,154
2018-10-08,596.367,154
2018-10-09,599.859,154
2018-10-10,601.234,154
2018-10-11,603.328,154
2018-10-12,602.859,154
2018-10-13,600.188,154
2018-10-14,604.711,154
2018-10-15,608.328,154
2018-10-16,605.664,154
2018-10-17,600.539,154
2018-10-18,596.273,154
2018-10-19,626.875,154
2018-10-20,778.078,154
2018-10-21,806.133,154
2018-10-22,803.984,154
2018-10-23,769.102,154
2018-10-24,747.492,154
2018-10-25,915.266,154
2018-10-26,1102.336,154
2018-10-27,1097.484,154
2018-10-28,1051.672,154
2018-10-29,1006.445,154
2018-10-30,960.625,154
2018-10-31,916.664,154
2018-11-01,879.891,154
2018-11-02,860.352,154
2018-11-03,845.742,154
2018-11-04,832.992,154
2018-11-05,836.750,154
2018-11-06,844.875,154
2018-11-07,860.617,154
2018-11-08,879.516,154
2018-11-09,893.328,154
2018-11-10,890.219,154
2018-11-11,872.242,154
2018-11-12,848.414,154
2018-11-13,824.227,154
2018-11-14,802.648,154
2018-11-15,799.445,154
2018-11-16,798.633,154
2018-11-17,788.234,154
2018-11-18,774.172,154
2018-11-19,777.258,154
2018-11-20,793.977,154
2018-11-21,797.578,154
2018-11-22,784.539,154
2018-11-23,773.641,154
2018-11-24,793.766,154
2018-11-25,827.750,154
2018-11-26,833.906,154
2018-11-27,821.359,154
2018-11-28,803.312,154
2018-11-29,796.750,154
2018-11-30,812.312,154
2018-12-01,870.703,154
2018-12-02,921.609,154
2018-12-03,927.359,154
2018-12-04,908.500,154
2018-12-05,884.562,154
2018-12-06,862.500,154
2018-12-07,841.609,154
2018-12-08,820.953,154
2018-12-09,800.906,154
2018-12-10,783.062,154
2018-12-11,767.781,154
2018-12-12,754.438,154
2018-12-13,742.484,154
2018-12-14,733.188,154
2018-12-15,725.281,154
2018-12-16,718.125,154
2018-12-17,712.500,154
2018-12-18,707.609,154
2018-12-19,702.859,154
2018-12-20,698.672,154
2018-12-21,694.750,154
2018-12-22,691.594,154
2018-12-23,690.859,154
2018-12-24,692.469,154
2018-12-25,693.891,154
2018-12-26,694.234,154
2018-12-27,693.078,154
2018-12-28,690.297,154
2018-12-29,687.609,154
2018-12-30,685.688,154
2018-12-31,684.141,154
2019-01-01,682.062,154
2019-01-02,680.500,154
2019-01-03,678.969,154
2019-01-04,676.031,154
2019-01-05,673.469,154
2019-01-06,672.000,154
2019-01-07,670.656,154
2019-01-08,670.125,154
2019-01-09,669.938,154
2019-01-10,668.438,154
2019-01-11,665.188,154
2019-01-12,663.094,154
2019-01-13,661.625,154
2019-01-14,659.875,154
2019-01-15,657.812,154
2019-01-16,655.844,154
2019-01-17,654.062,154
2019-01-18,651.969,154
2019-01-19,650.312,154
2019-01-20,649.250,154
2019-01-21,647.344,154
2019-01-22,644.938,154
2019-01-23,642.688,154
2019-01-24,640.000,154
2019-01-25,637.844,154
2019-01-26,636.281,154
2019-01-27,634.875,154
2019-01-28,633.812,154
2019-01-29,633.844,154
2019-01-30,632.312,154
2019-01-31,630.125,154
2019-02-01,627.531,154
2019-02-02,625.000,154
2019-02-03,622.844,154
2019-02-04,621.375,154
2019-02-05,621.062,154
2019-02-06,621.031,154
2019-02-07,620.094,154
2019-02-08,617.750,154
2019-02-09,615.031,154
2019-02-10,612.531,154
2019-02-11,610.156,154
2019-02-12,608.000,154
2019-02-13,607.781,154
2019-02-14,615.844,154
2019-02-15,624.094,154
2019-02-16,618.125,154
2019-02-17,609.688,154
2019-02-18,603.531,154
2019-02-19,599.938,154
2019-02-20,597.750,154
2019-02-21,596.812,154
2019-02-22,596.688,154
2019-02-23,597.625,154
2019-02-24,597.312,154
2019-02-25,594.938,154
2019-02-26,592.750,154
2019-02-27,593.938,154
2019-02-28,596.875,154
2019-03-01,596.656,154
2019-03-02,594.156,154
2019-03-03,590.219,154
2019-03-04,586.750,154
2019-03-05,583.844,154
2019-03-06,580.438,154
2019-03-07,577.906,154
2019-03-08,575.469,154
2019-03-09,573.969,154
2019-03-10,573.625,154
2019-03-11,574.312,154
2019-03-12,575.000,154
2019-03-13,573.469,154
2019-03-14,573.094,154
2019-03-15,574.625,154
2019-03-16,773.719,154
2019-03-17,815.719,154
2019-03-18,784.469,154
2019-03-19,773.500,154
2019-03-20,1052.594,154
2019-03-21,1270.844,154
2019-03-22,1235.094,154
2019-03-23,1199.250,154
2019-03-24,1159.000,154
2019-03-25,1102.250,154
2019-03-26,1042.312,154
2019-03-27,987.031,154
2019-03-28,938.500,154
2019-03-29,897.031,154
2019-03-30,861.312,154
2019-03-31,830.719,154
2019-04-01,805.406,154
2019-04-02,796.281,154
2019-04-03,810.406,154
2019-04-04,867.781,154
2019-04-05,1287.219,154
2019-04-06,1489.375,154
2019-04-07,1446.156,154
2019-04-08,1374.750,154
2019-04-09,1303.094,154
2019-04-10,1231.844,154
2019-04-11,1167.375,154
2019-04-12,1111.688,154
2019-04-13,1062.562,154
2019-04-14,1018.188,154
2019-04-15,978.125,154
2019-04-16,942.156,154
2019-04-17,911.906,154
2019-04-18,888.250,154
2019-04-19,867.875,154
2019-04-20,851.125,154
2019-04-21,835.312,154
2019-04-22,840.531,154
2019-04-23,861.781,154
2019-04-24,870.031,154
2019-04-25,862.656,154
2019-04-26,846.344,154
2019-04-27,833.812,154
2019-04-28,846.844,154
2019-04-29,866.781,154
2019-04-30,871.719,154
2019-05-01,879.594,154
2019-05-02,905.656,154
2019-05-03,925.312,154
2019-05-04,923.875,154
2019-05-05,940.219,154
2019-05-06,961.062,154
2019-05-07,962.250,154
2019-05-08,964.625,154
2019-05-09,966.062,154
2019-05-10,961.812,154
2019-05-11,950.938,154
2019-05-12,985.344,154
2019-05-13,1046.094,154
2019-05-14,1076.625,154
2019-05-15,1076.156,154
2019-05-16,1053.188,154
2019-05-17,1022.125,154
2019-05-18,990.344,154
2019-05-19,959.844,154
2019-05-20,934.156,154
2019-05-21,911.875,154
2019-05-22,896.625,154
2019-05-23,888.812,154
2019-05-24,891.750,154
2019-05-25,891.406,154
2019-05-26,880.594,154
2019-05-27,865.188,154
2019-05-28,850.469,154
2019-05-29,841.156,154
2019-05-30,833.125,154
2019-05-31,824.125,154
2019-06-01,818.781,154
2019-06-02,815.750,154
2019-06-03,813.094,154
2019-06-04,805.844,154
2019-06-05,795.531,154
2019-06-06,785.531,154
2019-06-07,776.000,154
2019-06-08,767.562,154
2019-06-09,760.031,154
2019-06-10,752.844,154
2019-06-11,745.781,154
2019-06-12,739.094,154
2019-06-13,732.688,154
2019-06-14,727.219,154
2019-06-15,721.906,154
2019-06-16,717.250,154
2019-06-17,713.031,154
2019-06-18,709.031,154
2019-06-19,705.125,154
2019-06-20,702.031,154
2019-06-21,699.031,154
2019-06-22,695.719,154
2019-06-23,692.250,154
2019-06-24,688.906,154
2019-06-25,685.656,154
2019-06-26,684.312,154
2019-06-27,683.438,154
2019-06-28,681.812,154
2019-06-29,678.656,154
2019-06-30,675.625,154
2019-07-01,673.469,154
2019-07-02,671.719,154
2019-07-03,669.250,154
2019-07-04,667.219,154
2019-07-05,665.281,154
2019-07-06,662.797,154
2019-07-07,660.578,154
2019-07-08,658.531,154
2019-07-09,656.266,154
2019-07-10,653.734,154
2019-07-11,651.016,154
2019-07-12,648.500,154
2019-07-13,646.094,154
2019-07-14,643.859,154
2019-07-15,641.969,154
2019-07-16,642.453,154
2019-07-17,641.844,154
2019-07-18,639.656,154
2019-07-19,637.344,154
2019-07-20,638.359,154
2019-07-21,640.891,154
2019-07-22,640.734,154
2019-07-23,637.750,154
2019-07-24,634.938,154
2019-07-25,633.234,154
2019-07-26,631.875,154
2019-07-27,630.031,154
2019-07-28,627.625,154
2019-07-29,624.766,154
2019-07-30,621.969,154
2019-07-31,619.453,154
2019-08-01,617.062,154
2019-08-02,614.734,154
2019-08-03,612.766,154
2019-08-04,611.031,154
2019-08-05,609.344,154
2019-08-06,607.297,154
2019-08-07,605.109,154
2019-08-08,602.891,154
2019-08-09,600.719,154
2019-08-10,598.750,154
2019-08-11,597.047,154
2019-08-12,595.188,154
2019-08-13,593.125,154
2019-08-14,590.953,154
2019-08-15,589.109,154
2019-08-16,587.281,154
2019-08-17,585.078,154
2019-08-18,582.781,154
2019-08-19,580.766,154
2019-08-20,578.938,154
2019-08-21,577.141,154
2019-08-22,575.312,154
2019-08-23,573.375,154
2019-08-24,571.438,154
2019-08-25,569.453,154
2019-08-26,567.750,154
2019-08-27,566.609,154
2019-08-28,565.594,154
2019-08-29,564.781,154
2019-08-30,563.188,154
2019-08-31,560.938,154
2019-09-01,559.125,154
2019-09-02,557.422,154
2019-09-03,555.531,154
2019-09-04,553.688,154
2019-09-05,551.781,154
2019-09-06,549.742,154
2019-09-07,547.875,154
2019-09-08,545.703,154
2019-09-09,543.430,154
2019-09-10,541.234,154
2019-09-11,539.539,154
2019-09-12,538.227,154
2019-09-13,537.055,154
2019-09-14,535.727,154
2019-09-15,534.125,154
2019-09-16,532.234,154
2019-09-17,530.148,154
2019-09-18,528.453,154
2019-09-19,527.141,154
2019-09-20,525.547,154
2019-09-21,523.797,154
2019-09-22,522.055,154
2019-09-23,520.352,154
2019-09-24,518.672,154
2019-09-25,517.180,154
2019-09-26,515.906,154
2019-09-27,514.625,154
2019-09-28,513.281,154
2019-09-29,511.836,154
2019-09-30,510.023,154
2019-10-01,507.789,154
2019-10-02,505.508,154
2019-10-03,503.773,154
2019-10-04,502.570,154
2019-10-05,501.805,154
2019-10-06,501.102,154
2019-10-07,501.469,154
2019-10-08,502.484,154
2019-10-09,502.172,154
2019-10-10,499.812,154
2019-10-11,496.664,154
2019-10-12,493.680,154
2019-10-13,490.977,154
2019-10-14,488.703,154
2019-10-15,486.875,154
2019-10-16,485.516,154
2019-10-17,484.094,154
2019-10-18,482.445,154
2019-10-19,480.836,154
2019-10-20,479.508,154
2019-10-21,478.398,154
2019-10-22,477.656,154
2019-10-23,477.031,154
2019-10-24,475.930,154
2019-10-25,474.305,154
2019-10-26,472.461,154
2019-10-27,470.258,154
2019-10-28,467.867,154
2019-10-29,465.523,154
2019-10-30,463.641,154
2019-10-31,461.938,154
2019-11-01,460.391,154
2019-11-02,459.000,154
2019-11-03,457.578,154
2019-11-04,456.062,154
2019-11-05,454.562,154
2019-11-06,453.281,154
2019-11-07,452.289,154
2019-11-08,451.281,154
2019-11-09,450.508,154
2019-11-10,449.641,154
2019-11-11,449.062,154
2019-11-12,448.125,154
2019-11-13,446.773,154
2019-11-14,445.867,154
2019-11-15,446.000,154
2019-11-16,446.961,154
2019-11-17,447.789,154
2019-11-18,447.281,154
2019-11-19,445.078,154
2019-11-20,441.891,154
2019-11-21,439.016,154
2019-11-22,436.484,154
2019-11-23,434.359,154
2019-11-24,432.453,154
2019-11-25,431.062,154
2019-11-26,429.438,154
2019-11-27,427.984,154
2019-11-28,427.328,154
2019-11-29,427.438,154
2019-11-30,428.047,154
2019-12-01,428.562,154
2019-12-02,428.016,154
2019-12-03,426.516,154
2019-12-04,424.562,154
2019-12-05,423.031,154
2019-12-06,423.203,154
2019-12-07,423.734,154
2019-12-08,424.062,154
2019-12-09,425.453,154
2019-12-10,429.578,154
2019-12-11,433.250,154
2019-12-12,434.125,154
2019-12-13,432.281,154
2019-12-14,428.031,154
2019-12-15,423.656,154
2019-12-16,420.203,154
2019-12-17,423.359,154
2019-12-18,427.281,154
2019-12-19,425.719,154
2019-12-20,421.703,154
2019-12-21,418.234,154
2019-12-22,416.969,154
2019-12-23,416.031,154
2019-12-24,414.344,154
2019-12-25,412.656,154
2019-12-26,411.016,154
2019-12-27,409.312,154
2019-12-28,407.781,154
2019-12-29,406.266,154
2019-12-30,404.734,154
2019-12-31,403.297,154
2020-01-01,402.047,154
2020-01-02,400.891,154
2020-01-03,399.656,154
2020-01-04,398.359,154
2020-01-05,396.500,154
2020-01-06,395.250,154
2020-01-07,394.500,154
2020-01-08,396.438,154
2020-01-09,398.781,154
2020-01-10,398.625,154
2020-01-11,397.719,154
2020-01-12,397.156,154
2020-01-13,395.344,154
2020-01-14,393.844,154
2020-01-15,392.156,154
2020-01-16,390.500,154
2020-01-17,388.938,154
2020-01-18,388.188,154
2020-01-19,387.812,154
2020-01-20,387.281,154
2020-01-21,386.406,154
2020-01-22,385.656,154
2020-01-23,385.375,154
2020-01-24,384.875,154
2020-01-25,383.938,154
2020-01-26,382.500,154
2020-01-27,381.062,154
2020-01-28,379.672,154
2020-01-29,378.281,154
2020-01-30,377.078,154
2020-01-31,377.094,154
2020-02-01,377.891,154
2020-02-02,378.297,154
2020-02-03,379.797,154
2020-02-04,382.125,154
2020-02-05,382.562,154
2020-02-06,381.266,154
2020-02-07,379.922,154
2020-02-08,379.141,154
2020-02-09,378.062,154
2020-02-10,377.391,154
2020-02-11,377.156,154
2020-02-12,376.188,154
2020-02-13,375.359,154
2020-02-14,374.500,154
2020-02-15,373.703,154
2020-02-16,372.219,154
2020-02-17,370.656,154
2020-02-18,369.047,154
2020-02-19,367.203,154
2020-02-20,366.281,154
2020-02-21,367.312,154
2020-02-22,371.156,154
2020-02-23,376.391,154
2020-02-24,381.172,154
2020-02-25,383.281,154
2020-02-26,383.078,154
2020-02-27,384.359,154
2020-02-28,388.156,154
2020-02-29,385.500,154
2020-03-01,381.469,154
2020-03-02,377.875,154
2020-03-03,374.719,154
2020-03-04,371.781,154
2020-03-05,368.938,154
2020-03-06,365.844,154
2020-03-07,363.219,154
2020-03-08,361.000,154
2020-03-09,358.656,154
2020-03-10,356.656,154
2020-03-11,354.969,154
2020-03-12,353.344,154
2020-03-13,352.000,154
2020-03-14,351.000,154
2020-03-15,349.656,154
2020-03-16,348.875,154
2020-03-17,347.969,154
2020-03-18,347.219,154
2020-03-19,346.250,154
2020-03-20,346.375,154
2020-03-21,346.375,154
2020-03-22,346.750,154
2020-03-23,346.625,154
2020-03-24,345.531,154
2020-03-25,344.125,154
2020-03-26,343.000,154
2020-03-27,342.406,154
2020-03-28,342.344,154
2020-03-29,342.438,154
2020-03-30,341.875,154
2020-03-31,341.562,154
2020-04-01,341.438,154
2020-04-02,341.281,154
2020-04-03,340.000,154
2020-04-04,338.938,154
2020-04-05,338.219,154
2020-04-06,337.500,154
2020-04-07,337.250,154
2020-04-08,336.875,154
2020-04-09,336.250,154
2020-04-10,335.500,154
2020-04-11,334.688,154
2020-04-12,333.938,154
2020-04-13,333.125,154
2020-04-14,332.125,154
2020-04-15,331.969,154
2020-04-16,331.375,154
2020-04-17,330.594,154
2020-04-18,329.469,154
2020-04-19,328.531,154
2020-04-20,327.406,154
2020-04-21,326.250,154
2020-04-22,325.406,154
2020-04-23,324.312,154
2020-04-24,323.531,154
2020-04-25,322.312,154
2020-04-26,321.469,154
2020-04-27,320.531,154
2020-04-28,319.312,154
2020-04-29,318.312,154
2020-04-30,317.406,154
2020-05-01,316.688,154
2020-05-02,315.750,154
2020-05-03,315.125,154
2020-05-04,314.344,154
2020-05-05,313.656,154
2020-05-06,313.312,154
2020-05-07,312.625,154
2020-05-08,312.031,154
2020-05-09,311.219,154
2020-05-10,310.625,154
2020-05-11,309.531,154
2020-05-12,308.875,154
2020-05-13,308.938,154
2020-05-14,309.281,154
2020-05-15,309.844,154
2020-05-16,309.188,154
2020-05-17,308.344,154
2020-05-18,307.438,154
2020-05-19,306.688,154
2020-05-20,305.719,154
2020-05-21,304.688,154
2020-05-22,304.000,154
2020-05-23,303.625,154
2020-05-24,303.562,154
2020-05-25,302.938,154
2020-05-26,302.250,154
2020-05-27,301.406,154
2020-05-28,300.531,154
2020-05-29,299.750,154
2020-05-30,299.000,154
2020-05-31,298.594,154
2020-06-01,297.906,154
2020-06-02,297.406,154
2020-06-03,296.812,154
2020-06-04,296.094,154
2020-06-05,295.469,154
2020-06-06,295.250,154
2020-06-07,294.906,154
2020-06-08,294.375,154
2020-06-09,293.344,154
2020-06-10,292.469,154
2020-06-11,291.500,154
2020-06-12,290.562,154
2020-06-13,289.812,154
2020-06-14,289.125,154
2020-06-15,288.438,154
2020-06-16,287.781,154
2020-06-17,286.875,154
2020-06-18,286.062,154
2020-06-19,285.469,154
2020-06-20,284.562,154
2020-06-21,283.875,154
2020-06-22,282.750,154
2020-06-23,281.953,154
2020-06-24,281.281,154
2020-06-25,280.516,154
2020-06-26,279.922,154
2020-06-27,279.344,154
2020-06-28,278.797,154
2020-06-29,278.234,154
2020-06-30,277.562,154
2020-07-01,276.984,154
2020-07-02,276.250,154
2020-07-03,275.625,154
2020-07-04,274.984,154
2020-07-05,274.266,154
2020-07-06,273.688,154
2020-07-07,273.078,154
2020-07-08,272.469,154
2020-07-09,271.844,154
2020-07-10,271.438,154
2020-07-11,270.875,154
2020-07-12,270.250,154
2020-07-13,269.656,154
2020-07-14,268.875,154
2020-07-15,268.266,154
2020-07-16,267.766,154
2020-07-17,267.266,154
2020-07-18,266.766,154
2020-07-19,266.203,154
2020-07-20,265.625,154
2020-07-21,265.016,154
2020-07-22,264.312,154
2020-07-23,263.734,154
2020-07-24,263.047,154
2020-07-25,262.391,154
2020-07-26,261.844,154
2020-07-27,261.250,154
2020-07-28,260.594,154
2020-07-29,259.984,154
2020-07-30,259.391,154
2020-07-31,258.844,154
2020-08-01,258.250,154
2020-08-02,257.625,154
2020-08-03,257.078,154
2020-08-04,256.344,154
2020-08-05,255.781,154
2020-08-06,255.172,154
2020-08-07,254.625,154
2020-08-08,254.156,154
2020-08-09,253.641,154
2020-08-10,253.062,154
2020-08-11,252.484,154
2020-08-12,251.938,154
2020-08-13,251.359,154
2020-08-14,250.797,154
2020-08-15,250.375,154
2020-08-16,249.719,154
2020-08-17,249.312,154
2020-08-18,248.922,154
2020-08-19,249.391,154
2020-08-20,250.031,154
2020-08-21,250.547,154
2020-08-22,250.445,154
2020-08-23,250.000,154
2020-08-24,249.844,154
2020-08-25,250.047,154
2020-08-26,250.164,154
2020-08-27,249.547,154
2020-08-28,248.453,154
2020-08-29,247.242,154
2020-08-30,246.086,154
2020-08-31,245.008,154
2020-09-01,244.016,154
2020-09-02,243.117,154
2020-09-03,242.250,154
2020-09-04,241.516,154
2020-09-05,240.820,154
2020-09-06,240.172,154
2020-09-07,239.531,154
2020-09-08,238.875,154
2020-09-09,238.188,154
2020-09-10,237.547,154
2020-09-11,236.953,154
2020-09-12,236.461,154
2020-09-13,235.875,154
2020-09-14,235.375,154
2020-09-15,234.852,154
2020-09-16,234.383,154
2020-09-17,233.914,154
2020-09-18,233.438,154
2020-09-19,232.922,154
2020-09-20,232.453,154
2020-09-21,232.016,154
2020-09-22,231.586,154
2020-09-23,231.109,154
2020-09-24,230.656,154
2020-09-25,230.211,154
2020-09-26,229.711,154
2020-09-27,229.273,154
2020-09-28,228.883,154
2020-09-29,228.477,154
2020-09-30,228.117,154
2020-10-01,227.672,154
2020-10-02,227.211,154
2020-10-03,226.688,154
2020-10-04,226.227,154
2020-10-05,225.758,154
2020-10-06,225.305,154
2020-10-07,224.898,154
2020-10-08,224.383,154
2020-10-09,223.727,154
2020-10-10,223.133,154
2020-10-11,222.695,154
2020-10-12,222.266,154
2020-10-13,221.797,154
2020-10-14,221.352,154
2020-10-15,221.016,154
2020-10-16,220.609,154
2020-10-17,220.133,154
2020-10-18,219.711,154
2020-10-19,219.445,154
2020-10-20,219.008,154
2020-10-21,218.641,154
2020-10-22,218.172,154
2020-10-23,217.789,154
2020-10-24,217.414,154
2020-10-25,216.984,154
2020-10-26,216.656,154
2020-10-27,216.242,154
2020-10-28,215.789,154
2020-10-29,215.562,154
2020-10-30,215.391,154
2020-10-31,215.273,154
2020-11-01,215.172,154
2020-11-02,214.844,154
2020-11-03,214.297,154
2020-11-04,214.195,154
2020-11-05,215.547,154
2020-11-06,216.273,154
2020-11-07,215.750,154
2020-11-08,214.891,154
2020-11-09,213.977,154
2020-11-10,213.141,154
2020-11-11,212.344,154
2020-11-12,211.727,154
2020-11-13,211.297,154
2020-11-14,211.203,154
2020-11-15,211.039,154
2020-11-16,210.828,154
2020-11-17,211.438,154
2020-11-18,212.906,154
2020-11-19,213.469,154
2020-11-20,213.367,154
2020-11-21,212.805,154
2020-11-22,211.828,154
2020-11-23,211.039,154
2020-11-24,210.469,154
2020-11-25,210.008,154
2020-11-26,209.359,154
2020-11-27,208.414,154
2020-11-28,207.469,154
2020-11-29,206.500,154
2020-11-30,205.711,154
2020-12-01,204.953,154
2020-12-02,204.219,154
2020-12-03,203.578,154
2020-12-04,202.969,154
2020-12-05,202.547,154
2020-12-06,202.641,154
2020-12-07,203.000,154
2020-12-08,202.586,154
2020-12-09,201.867,154
2020-12-10,201.133,154
2020-12-11,200.531,154
2020-12-12,199.945,154
2020-12-13,199.469,154
2020-12-14,199.023,154
2020-12-15,199.055,154
2020-12-16,199.438,154
2020-12-17,199.391,154
2020-12-18,198.984,154
2020-12-19,198.281,154
2020-12-20,197.719,154
2020-12-21,197.188,154
2020-12-22,196.734,154
2020-12-23,197.156,154
2020-12-24,198.062,154
2020-12-25,198.312,154
2020-12-26,197.719,154
2020-12-27,197.031,154
2020-12-28,196.250,154
2020-12-29,195.484,154
2020-12-30,194.906,154
2020-12-31,194.250,154
2021-01-01,193.469,154
2021-01-02,192.953,154
2021-01-03,192.516,154
2021-01-04,192.234,154
2021-01-05,191.859,154
2021-01-06,192.047,154
2021-01-07,192.266,154
2021-01-08,192.125,154
2021-01-09,191.766,154
2021-01-10,192.156,154
2021-01-11,195.578,154
2021-01-12,197.266,154
2021-01-13,196.922,154
2021-01-14,195.812,154
2021-01-15,195.969,154
2021-01-16,195.109,154
2021-01-17,194.094,154
2021-01-18,194.094,154
2021-01-19,194.203,154
2021-01-20,194.219,154
2021-01-21,194.188,154
2021-01-22,193.531,154
2021-01-23,192.906,154
2021-01-24,192.641,154
2021-01-25,191.953,154
2021-01-26,191.422,154
2021-01-27,191.828,154
2021-01-28,193.312,154
2021-01-29,193.844,154
2021-01-30,193.484,154
2021-01-31,192.438,154
2021-02-01,191.969,154
2021-02-02,191.812,154
2021-02-03,192.344,154
2021-02-04,192.812,154
2021-02-05,192.594,154
2021-02-06,191.750,154
2021-02-07,190.812,154
2021-02-08,190.031,154
2021-02-09,189.281,154
2021-02-10,188.625,154
2021-02-11,188.156,154
2021-02-12,187.500,154
2021-02-13,187.094,154
2021-02-14,186.812,154
2021-02-15,186.531,154
2021-02-16,186.688,154
2021-02-17,187.000,154
2021-02-18,187.594,154
2021-02-19,187.531,154
2021-02-20,186.875,154
2021-02-21,186.406,154
2021-02-22,185.906,154
2021-02-23,185.188,154
2021-02-24,184.781,154
2021-02-25,184.375,154
2021-02-26,184.531,154
2021-02-27,184.406,154
2021-02-28,184.469,154
2021-03-01,184.062,154
2021-03-02,183.656,154
2021-03-03,183.562,154
2021-03-04,183.094,154
2021-03-05,183.562,154
2021-03-06,184.875,154
2021-03-07,187.062,154
2021-03-08,186.875,154
2021-03-09,185.594,154
2021-03-10,184.469,154
2021-03-11,183.844,154
2021-03-12,183.375,154
2021-03-13,183.000,154
2021-03-14,183.000,154
2021-03-15,183.438,154
2021-03-16,183.906,154
2021-03-17,184.812,154
2021-03-18,184.812,154
2021-03-19,186.344,154
2021-03-20,192.500,154
2021-03-21,198.625,154
2021-03-22,200.188,154
2021-03-23,199.406,154
2021-03-24,199.219,154
2021-03-25,202.375,154
2021-03-26,201.781,154
2021-03-27,199.656,154
2021-03-28,198.656,154
2021-03-29,198.031,154
2021-03-30,197.031,154
2021-03-31,194.969,154
2021-04-01,193.031,154
2021-04-02,191.156,154
2021-04-03,189.375,154
2021-04-04,188.188,154
2021-04-05,186.969,154
2021-04-06,186.188,154
2021-04-07,185.500,154
2021-04-08,185.312,154
2021-04-09,185.281,154
2021-04-10,184.562,154
2021-04-11,184.375,154
2021-04-12,184.531,154
2021-04-13,185.719,154
2021-04-14,185.031,154
2021-04-15,184.062,154
2021-04-16,183.125,154
2021-04-17,182.750,154
2021-04-18,183.750,154
2021-04-19,188.125,154
2021-04-20,189.656,154
2021-04-21,188.906,154
2021-04-22,187.156,154
2021-04-23,185.906,154
2021-04-24,184.719,154
2021-04-25,184.656,154
2021-04-26,185.375,154
2021-04-27,186.594,154
2021-04-28,185.719,154
2021-04-29,186.312,154
2021-04-30,191.125,154
2021-05-01,191.469,154
2021-05-02,189.688,154
2021-05-03,188.000,154
2021-05-04,186.500,154
2021-05-05,185.219,154
2021-05-06,183.938,154
2021-05-07,183.156,154
2021-05-08,182.438,154
2021-05-09,181.781,154
2021-05-10,181.188,154
2021-05-11,180.594,154
2021-05-12,180.062,154
2021-05-13,179.688,154
2021-05-14,179.250,154
2021-05-15,178.844,154
2021-05-16,178.219,154
2021-05-17,177.875,154
2021-05-18,177.500,154
2021-05-19,177.000,154
2021-05-20,176.656,154
2021-05-21,176.312,154
2021-05-22,175.906,154
2021-05-23,175.688,154
2021-05-24,175.406,154
2021-05-25,175.094,154
2021-05-26,174.781,154
2021-05-27,174.531,154
2021-05-28,174.125,154
2021-05-29,173.781,154
2021-05-30,173.625,154
2021-05-31,173.062,154
2021-06-01,172.750,154
2021-06-02,172.188,154
2021-06-03,171.844,154
2021-06-04,171.531,154
2021-06-05,171.188,154
2021-06-06,170.938,154
2021-06-07,170.719,154
2021-06-08,170.281,154
2021-06-09,169.969,154
2021-06-10,170.156,154
2021-06-11,170.500,154
2021-06-12,171.188,154
2021-06-13,170.906,154
2021-06-14,170.500,154
2021-06-15,170.094,154
2021-06-16,169.562,154
2021-06-17,169.031,154
2021-06-18,168.562,154
2021-06-19,168.219,154
2021-06-20,167.844,154
2021-06-21,167.656,154
2021-06-22,167.438,154
2021-06-23,167.531,154
2021-06-24,167.375,154
2021-06-25,166.938,154
2021-06-26,166.656,154
2021-06-27,166.312,154
2021-06-28,165.969,154
2021-06-29,165.688,154
2021-06-30,165.344,154
2021-07-01,165.000,154
2021-07-02,164.656,154
2021-07-03,164.312,154
2021-07-04,163.938,154
2021-07-05,163.562,154
2021-07-06,163.297,154
2021-07-07,162.953,154
2021-07-08,162.688,154
2021-07-09,162.344,154
2021-07-10,162.016,154
2021-07-11,161.641,154
2021-07-12,161.406,154
2021-07-13,161.172,154
2021-07-14,160.906,154
2021-07-15,160.703,154
2021-07-16,160.438,154
2021-07-17,160.062,154
2021-07-18,159.812,154
2021-07-19,159.453,154
2021-07-20,159.172,154
2021-07-21,158.891,154
2021-07-22,158.656,154
2021-07-23,158.422,154
2021-07-24,158.156,154
2021-07-25,157.781,154
2021-07-26,157.531,154
2021-07-27,157.266,154
2021-07-28,157.000,154
2021-07-29,156.672,154
2021-07-30,156.406,154
2021-07-31,156.234,154
2021-08-01,155.891,154
2021-08-02,155.688,154
2021-08-03,155.375,154
2021-08-04,155.125,154
2021-08-05,154.844,154
2021-08-06,154.453,154
2021-08-07,154.172,154
2021-08-08,153.938,154
2021-08-09,153.578,154
2021-08-10,153.359,154
2021-08-11,153.094,154
2021-08-12,152.812,154
2021-08-13,152.531,154
2021-08-14,152.297,154
2021-08-15,152.062,154
2021-08-16,151.766,154
2021-08-17,151.500,154
2021-08-18,151.266,154
2021-08-19,150.969,154
2021-08-20,150.688,154
2021-08-21,150.422,154
2021-08-22,150.141,154
2021-08-23,149.906,154
2021-08-24,149.625,154
2021-08-25,149.312,154
2021-08-26,149.070,154
2021-08-27,148.852,154
2021-08-28,148.656,154
2021-08-29,149.078,154
2021-08-30,149.391,154
2021-08-31,149.141,154
2021-09-01,148.688,154
2021-09-02,148.195,154
2021-09-03,147.727,154
2021-09-04,147.367,154
2021-09-05,146.961,154
2021-09-06,146.625,154
2021-09-07,146.281,154
2021-09-08,146.016,154
2021-09-09,145.758,154
2021-09-10,145.492,154
2021-09-11,145.219,154
2021-09-12,144.977,154
2021-09-13,144.703,154
2021-09-14,144.438,154
2021-09-15,144.203,154
2021-09-16,143.969,154
2021-09-17,143.734,154
2021-09-18,143.484,154
2021-09-19,143.203,154
2021-09-20,142.930,154
2021-09-21,142.703,154
2021-09-22,142.438,154
2021-09-23,142.242,154
2021-09-24,141.953,154
2021-09-25,141.750,154
2021-09-26,141.453,154
2021-09-27,141.227,154
2021-09-28,140.961,154
2021-09-29,140.672,154
2021-09-30,140.469,154
2021-10-01,140.242,154
2021-10-02,139.969,154
2021-10-03,139.766,154
2021-10-04,139.516,154
2021-10-05,139.281,154
2021-10-06,139.055,154
2021-10-07,138.836,154
2021-10-08,138.578,154
2021-10-09,138.383,154
2021-10-10,137.961,154
2021-10-11,137.617,154
2021-10-12,137.445,154
2021-10-13,137.398,154
2021-10-14,137.367,154
2021-10-15,137.164,154
2021-10-16,136.945,154
2021-10-17,136.797,154
2021-10-18,137.344,154
2021-10-19,139.234,154
2021-10-20,140.344,154
2021-10-21,140.750,154
2021-10-22,140.484,154
2021-10-23,139.727,154
2021-10-24,139.359,154
2021-10-25,138.547,154
2021-10-26,137.984,154
2021-10-27,137.430,154
2021-10-28,136.805,154
2021-10-29,136.203,154
2021-10-30,135.773,154
2021-10-31,135.430,154
2021-11-01,135.258,154
2021-11-02,135.109,154
2021-11-03,135.031,154
2021-11-04,134.898,154
2021-11-05,134.727,154
2021-11-06,134.789,154
2021-11-07,134.594,154
2021-11-08,134.398,154
2021-11-09,134.266,154
2021-11-10,133.992,154
2021-11-11,133.875,154
2021-11-12,133.641,154
2021-11-13,133.938,154
2021-11-14,133.562,154
2021-11-15,134.281,154
2021-11-16,134.438,154
2021-11-17,134.359,154
2021-11-18,134.398,154
2021-11-19,134.742,154
2021-11-20,136.164,154
2021-11-21,138.695,154
2021-11-22,139.734,154
2021-11-23,138.992,154
2021-11-24,137.516,154
2021-11-25,136.000,154
2021-11-26,134.688,154
2021-11-27,133.484,154
2021-11-28,132.484,154
2021-11-29,131.812,154
2021-11-30,131.234,154
2021-12-01,130.953,154
2021-12-02,130.609,154
2021-12-03,130.219,154
2021-12-04,129.703,154
2021-12-05,129.484,154
2021-12-06,128.984,154
2021-12-07,128.578,154
2021-12-08,128.266,154
2021-12-09,127.797,154
2021-12-10,127.328,154
2021-12-11,126.953,154
2021-12-12,126.812,154
2021-12-13,126.734,154
2021-12-14,126.516,154
2021-12-15,126.438,154
2021-12-16,126.312,154
2021-12-17,126.172,154
2021-12-18,127.797,154
2021-12-19,128.281,154
2021-12-20,132.219,154
2021-12-21,134.875,154
2021-12-22,138.438,154
2021-12-23,148.453,154
2021-12-24,174.156,154
2021-12-25,204.406,154
2021-12-26,207.500,154
2021-12-27,199.047,154
2021-12-28,192.812,154
2021-12-29,189.641,154
2021-12-30,185.547,154
2021-12-31,182.125,154
2022-01-01,180.016,154
2022-01-02,179.266,154
2022-01-03,175.109,154
2022-01-04,171.062,154
2022-01-05,168.297,154
2022-01-06,167.625,154
2022-01-07,167.969,154
2022-01-08,165.938,154
2022-01-09,163.250,154
2022-01-10,161.750,154
2022-01-11,169.031,154
2022-01-12,183.344,154
2022-01-13,178.219,154
2022-01-14,172.609,154
2022-01-15,171.797,154
2022-01-16,170.875,154
2022-01-17,167.734,154
2022-01-18,164.641,154
2022-01-19,162.156,154
2022-01-20,160.281,154
2022-01-21,159.062,154
2022-01-22,158.875,154
2022-01-23,159.484,154
2022-01-24,158.891,154
2022-01-25,157.609,154
2022-01-26,156.641,154
2022-01-27,155.844,154
2022-01-28,155.562,154
2022-01-29,157.391,154
2022-01-30,165.156,154
2022-01-31,173.797,154
2022-02-01,177.078,154
2022-02-02,176.328,154
2022-02-03,179.188,154
2022-02-04,183.812,154
2022-02-05,180.516,154
2022-02-06,176.422,154
2022-02-07,179.297,154
2022-02-08,183.609,154
2022-02-09,179.141,154
2022-02-10,174.000,154
2022-02-11,170.422,154
2022-02-12,167.750,154
2022-02-13,166.188,154
2022-02-14,165.781,154
2022-02-15,166.094,154
2022-02-16,166.922,154
2022-02-17,167.609,154
2022-02-18,166.984,154
2022-02-19,167.094,154
2022-02-20,168.500,154
2022-02-21,167.594,154
2022-02-22,166.812,154
2022-02-23,166.969,154
2022-02-24,168.531,154
2022-02-25,168.812,154
2022-02-26,167.875,154
2022-02-27,167.219,154
2022-02-28,167.000,154
2022-03-01,166.938,154
2022-03-02,166.906,154
2022-03-03,166.812,154
2022-03-04,167.219,154
2022-03-05,167.312,154
2022-03-06,167.281,154
2022-03-07,167.156,154
2022-03-08,167.094,154
2022-03-09,167.125,154
2022-03-10,167.250,154
2022-03-11,168.062,154
2022-03-12,170.219,154
2022-03-13,177.906,154
2022-03-14,186.844,154
2022-03-15,186.781,154
2022-03-16,184.344,154
2022-03-17,181.812,154
2022-03-18,180.750,154
2022-03-19,180.562,154
2022-03-20,180.531,154
2022-03-21,181.406,154
2022-03-22,182.062,154
2022-03-23,182.438,154
2022-03-24,181.281,154
2022-03-25,180.594,154
2022-03-26,181.938,154
2022-03-27,182.906,154
2022-03-28,182.781,154
2022-03-29,182.250,154
2022-03-30,181.750,154
2022-03-31,181.812,154
2022-04-01,184.438,154
2022-04-02,185.781,154
2022-04-03,183.906,154
2022-04-04,182.000,154
2022-04-05,181.125,154
2022-04-06,180.406,154
2022-04-07,179.750,154
2022-04-08,179.344,154
2022-04-09,178.719,154
2022-04-10,178.125,154
2022-04-11,177.562,154
2022-04-12,177.219,154
2022-04-13,176.969,154
2022-04-14,176.844,154
2022-04-15,177.000,154
2022-04-16,177.125,154
2022-04-17,176.844,154
2022-04-18,176.406,154
2022-04-19,176.062,154
2022-04-20,175.812,154
2022-04-21,175.531,154
2022-04-22,175.469,154
2022-04-23,175.281,154
2022-04-24,174.781,154
2022-04-25,174.594,154
2022-04-26,174.125,154
2022-04-27,173.719,154
2022-04-28,173.312,154
2022-04-29,172.688,154
2022-04-30,172.281,154
2022-05-01,171.938,154
2022-05-02,171.531,154
2022-05-03,171.312,154
2022-05-04,171.156,154
2022-05-05,170.750,154
2022-05-06,170.562,154
2022-05-07,170.250,154
2022-05-08,169.938,154
2022-05-09,169.688,154
2022-05-10,169.500,154
2022-05-11,169.281,154
2022-05-12,169.125,154
2022-05-13,168.781,154
2022-05-14,168.500,154
2022-05-15,168.312,154
2022-05-16,168.312,154
2022-05-17,168.625,154
2022-05-18,168.812,154
2022-05-19,168.781,154
2022-05-20,168.688,154
2022-05-21,168.844,154
2022-05-22,169.094,154
2022-05-23,168.969,154
2022-05-24,168.750,154
2022-05-25,168.344,154
2022-05-26,167.656,154
2022-05-27,167.156,154
2022-05-28,166.656,154
2022-05-29,166.062,154
2022-05-30,165.656,154
2022-05-31,165.094,154
2022-06-01,164.562,154
2022-06-02,164.188,154
2022-06-03,163.750,154
2022-06-04,163.344,154
2022-06-05,163.031,154
2022-06-06,162.719,154
2022-06-07,162.438,154
2022-06-08,162.312,154
2022-06-09,162.812,154
2022-06-10,162.812,154
2022-06-11,162.812,154
2022-06-12,163.000,154
2022-06-13,162.594,154
2022-06-14,162.375,154
2022-06-15,162.062,154
2022-06-16,161.656,154
2022-06-17,161.531,154
2022-06-18,161.156,154
2022-06-19,160.906,154
2022-06-20,160.562,154
2022-06-21,160.250,154
2022-06-22,159.906,154
2022-06-23,159.531,154
2022-06-24,159.156,154
2022-06-25,158.781,154
2022-06-26,158.562,154
2022-06-27,158.219,154
2022-06-28,157.969,154
2022-06-29,157.531,154
2022-06-30,157.203,154
2022-07-01,156.922,154
2022-07-02,156.656,154
2022-07-03,156.281,154
2022-07-04,156.000,154
2022-07-05,155.734,154
2022-07-06,155.453,154
2022-07-07,155.234,154
2022-07-08,154.922,154
2022-07-09,154.750,154
2022-07-10,154.453,154
2022-07-11,154.250,154
2022-07-12,154.000,154
2022-07-13,153.703,154
2022-07-14,153.469,154
2022-07-15,153.219,154
2022-07-16,152.984,154
2022-07-17,152.812,154
2022-07-18,152.578,154
2022-07-19,152.312,154
2022-07-20,152.078,154
2022-07-21,151.844,154
2022-07-22,151.641,154
2022-07-23,151.375,154
2022-07-24,151.109,154
2022-07-25,150.844,154
2022-07-26,150.641,154
2022-07-27,150.344,154
2022-07-28,150.125,154
2022-07-29,149.844,154
2022-07-30,149.688,154
2022-07-31,149.438,154
2022-08-01,149.156,154
2022-08-02,148.922,154
2022-08-03,148.781,154
2022-08-04,148.516,154
2022-08-05,148.219,154
2022-08-06,148.016,154
2022-08-07,147.719,154
2022-08-08,147.453,154
2022-08-09,147.375,154
2022-08-10,147.406,154
2022-08-11,147.406,154
2022-08-12,147.250,154
2022-08-13,146.938,154
2022-08-14,146.562,154
2022-08-15,146.219,154
2022-08-16,145.938,154
2022-08-17,145.703,154
2022-08-18,145.797,154
2022-08-19,145.703,154
2022-08-20,145.750,154
2022-08-21,145.703,154
2022-08-22,145.406,154
2022-08-23,145.016,154
2022-08-24,144.609,154
2022-08-25,144.312,154
2022-08-26,144.078,154
2022-08-27,143.766,154
2022-08-28,143.406,154
2022-08-29,143.148,154
2022-08-30,142.883,154
2022-08-31,142.625,154
2022-09-01,142.398,154
2022-09-02,142.133,154
2022-09-03,141.922,154
2022-09-04,141.656,154
2022-09-05,141.422,154
2022-09-06,141.227,154
2022-09-07,140.969,154
2022-09-08,140.758,154
2022-09-09,140.531,154
2022-09-10,140.234,154
2022-09-11,140.000,154
2022-09-12,139.812,154
2022-09-13,139.555,154
2022-09-14,139.289,154
2022-09-15,139.031,154
2022-09-16,138.727,154
2022-09-17,138.461,154
2022-09-18,138.242,154
2022-09-19,138.000,154
2022-09-20,137.789,154
2022-09-21,137.547,154
2022-09-22,137.289,154
2022-09-23,137.109,154
2022-09-24,136.867,154
2022-09-25,136.648,154
2022-09-26,136.469,154
2022-09-27,136.250,154
2022-09-28,136.219,154
2022-09-29,136.703,154
2022-09-30,137.688,154
2022-10-01,138.148,154
2022-10-02,137.711,154
2022-10-03,140.117,154
2022-10-04,143.477,154
2022-10-05,143.133,154
2022-10-06,141.781,154
2022-10-07,140.297,154
2022-10-08,139.078,154
2022-10-09,138.141,154
2022-10-10,137.070,154
2022-10-11,136.445,154
2022-10-12,135.742,154
2022-10-13,135.195,154
2022-10-14,135.227,154
2022-10-15,135.445,154
2022-10-16,135.172,154
2022-10-17,134.711,154
2022-10-18,134.164,154
2022-10-19,133.891,154
2022-10-20,133.828,154
2022-10-21,135.484,154
2022-10-22,137.516,154
2022-10-23,139.234,154
2022-10-24,141.906,154
2022-10-25,143.305,154
2022-10-26,142.352,154
2022-10-27,140.414,154
2022-10-28,139.727,154
2022-10-29,139.070,154
2022-10-30,138.383,154
2022-10-31,137.953,154
2022-11-01,140.422,154
2022-11-02,143.664,154
2022-11-03,144.695,154
2022-11-04,144.125,154
2022-11-05,142.844,154
2022-11-06,141.328,154
2022-11-07,139.508,154
2022-11-08,137.664,154
2022-11-09,135.953,154
2022-11-10,134.508,154
2022-11-11,133.273,154
2022-11-12,132.289,154
2022-11-13,131.547,154
2022-11-14,132.086,154
2022-11-15,132.406,154
2022-11-16,131.789,154
2022-11-17,130.859,154
2022-11-18,129.969,154
2022-11-19,129.320,154
2022-11-20,128.781,154
2022-11-21,129.422,154
2022-11-22,129.250,154
2022-11-23,129.188,154
2022-11-24,128.977,154
2022-11-25,128.547,154
2022-11-26,128.023,154
2022-11-27,127.586,154
2022-11-28,127.109,154
2022-11-29,126.805,154
2022-11-30,126.430,154
2022-12-01,126.109,154
2022-12-02,125.867,154
2022-12-03,125.594,154
2022-12-04,125.406,154
2022-12-05,125.125,154
2022-12-06,124.977,154
2022-12-07,124.680,154
2022-12-08,124.391,154
2022-12-09,124.094,154
2022-12-10,123.797,154
2022-12-11,123.734,154
2022-12-12,123.445,154
2022-12-13,123.164,154
2022-12-14,122.930,154
2022-12-15,122.656,154
2022-12-16,122.406,154
2022-12-17,122.266,154
2022-12-18,122.180,154
2022-12-19,122.266,154
2022-12-20,122.117,154
2022-12-21,122.023,154
2022-12-22,121.766,154
2022-12-23,121.445,154
2022-12-24,121.625,154
2022-12-25,122.750,154
2022-12-26,123.633,154
2022-12-27,123.695,154
2022-12-28,123.172,154
2022-12-29,122.672,154
2022-12-30,122.305,154
2022-12-31,122.273,154
2023-01-01,122.156,154
2023-01-02,121.828,154
2023-01-03,121.938,154
2023-01-04,122.703,154
2023-01-05,122.562,154
2023-01-06,125.031,154
2023-01-07,125.453,154
2023-01-08,124.172,154
2023-01-09,123.203,154
2023-01-10,122.578,154
2023-01-11,122.266,154
2023-01-12,121.891,154
2023-01-13,121.594,154
2023-01-14,121.188,154
2023-01-15,120.641,154
2023-01-16,120.703,154
2023-01-17,120.469,154
2023-01-18,120.656,154
2023-01-19,120.578,154
2023-01-20,119.953,154
2023-01-21,119.156,154
2023-01-22,118.547,154
2023-01-23,117.953,154
2023-01-24,117.625,154
2023-01-25,117.422,154
2023-01-26,117.297,154
2023-01-27,117.328,154
2023-01-28,117.469,154
2023-01-29,117.406,154
2023-01-30,117.578,154
2023-01-31,117.828,154
2023-02-01,118.375,154
2023-02-02,119.500,154
2023-02-03,122.031,154
2023-02-04,124.062,154
2023-02-05,127.891,154
2023-02-06,133.844,154
2023-02-07,138.656,154
2023-02-08,143.984,154
2023-02-09,147.781,154
2023-02-10,151.703,154
2023-02-11,153.984,154
2023-02-12,155.266,154
2023-02-13,157.156,154
2023-02-14,159.703,154
2023-02-15,164.641,154
2023-02-16,164.406,154
2023-02-17,164.500,154
2023-02-18,167.297,154
2023-02-19,173.375,154
2023-02-20,176.250,154
2023-02-21,172.531,154
2023-02-22,169.375,154
2023-02-23,169.125,154
2023-02-24,167.906,154
2023-02-25,166.219,154
2023-02-26,164.969,154
2023-02-27,163.188,154
2023-02-28,162.594,154
2023-03-01,161.469,154
2023-03-02,159.531,154
2023-03-03,157.781,154
2023-03-04,156.844,154
2023-03-05,156.844,154
2023-03-06,155.281,154
2023-03-07,153.406,154
2023-03-08,151.781,154
2023-03-09,151.156,154
2023-03-10,152.656,154
2023-03-11,152.438,154
2023-03-12,152.750,154
2023-03-13,156.875,154
2023-03-14,158.531,154
2023-03-15,157.688,154
2023-03-16,155.781,154
2023-03-17,155.438,154
2023-03-18,160.156,154
2023-03-19,167.188,154
2023-03-20,173.781,154
2023-03-21,182.250,154
2023-03-22,195.688,154
2023-03-23,210.125,154
2023-03-24,221.750,154
2023-03-25,225.469,154
2023-03-26,223.812,154
2023-03-27,218.094,154
2023-03-28,212.438,154
2023-03-29,207.094,154
2023-03-30,202.406,154
2023-03-31,197.625,154
2023-04-01,192.656,154
2023-04-02,188.969,154
2023-04-03,186.250,154
2023-04-04,182.875,154
2023-04-05,180.406,154
2023-04-06,179.344,154
2023-04-07,182.781,154
2023-04-08,189.875,154
2023-04-09,193.875,154
2023-04-10,190.594,154
2023-04-11,187.906,154
2023-04-12,188.656,154
2023-04-13,190.594,154
2023-04-14,190.656,154
2023-04-15,197.062,154
2023-04-16,207.094,154
2023-04-17,206.062,154
2023-04-18,210.000,154
2023-04-19,210.750,154
2023-04-20,211.781,154
2023-04-21,216.469,154
2023-04-22,211.125,154
2023-04-23,205.375,154
2023-04-24,200.625,154
2023-04-25,196.844,154
2023-04-26,194.531,154
2023-04-27,193.812,154
2023-04-28,191.875,154
2023-04-29,189.562,154
2023-04-30,187.375,154
2023-05-01,185.062,154
2023-05-02,182.938,154
2023-05-03,181.406,154
2023-05-04,181.594,154
2023-05-05,180.938,154
2023-05-06,179.281,154
2023-05-07,177.812,154
2023-05-08,176.875,154
2023-05-09,180.000,154
2023-05-10,186.656,154
2023-05-11,183.906,154
2023-05-12,181.000,154
2023-05-13,179.219,154
2023-05-14,177.938,154
2023-05-15,176.969,154
2023-05-16,176.031,154
2023-05-17,175.156,154
2023-05-18,174.250,154
2023-05-19,173.344,154
2023-05-20,172.438,154
2023-05-21,171.750,154
2023-05-22,171.000,154
2023-05-23,170.125,154
2023-05-24,169.781,154
2023-05-25,169.156,154
2023-05-26,168.750,154
2023-05-27,168.156,154
2023-05-28,167.688,154
2023-05-29,167.719,154
2023-05-30,168.000,154
2023-05-31,168.281,154
2023-06-01,169.188,154
2023-06-02,168.719,154
2023-06-03,168.250,154
2023-06-04,167.938,154
2023-06-05,167.625,154
2023-06-06,167.188,154
2023-06-07,166.844,154
2023-06-08,166.438,154
2023-06-09,166.219,154
2023-06-10,165.938,154
2023-06-11,165.781,154
2023-06-12,165.422,154
2023-06-13,165.500,154
2023-06-14,165.875,154
2023-06-15,166.781,154
2023-06-16,167.938,154
2023-06-17,167.625,154
2023-06-18,167.109,154
2023-06-19,166.750,154
2023-06-20,166.453,154
2023-06-21,166.125,154
2023-06-22,165.859,154
2023-06-23,165.469,154
2023-06-24,165.188,154
2023-06-25,164.828,154
2023-06-26,164.516,154
2023-06-27,164.234,154
2023-06-28,163.922,154
2023-06-29,163.703,154
2023-06-30,163.453,154
2023-07-01,163.219,154
2023-07-02,162.938,154
2023-07-03,162.641,154
2023-07-04,162.297,154
2023-07-05,161.969,154
2023-07-06,161.688,154
2023-07-07,161.438,154
2023-07-08,161.156,154
2023-07-09,160.859,154
2023-07-10,160.594,154
2023-07-11,160.344,154
2023-07-12,160.031,154
2023-07-13,159.875,154
2023-07-14,159.625,154
2023-07-15,159.500,154
2023-07-16,159.328,154
2023-07-17,159.062,154
2023-07-18,158.734,154
2023-07-19,158.516,154
2023-07-20,158.250,154
2023-07-21,158.078,154
2023-07-22,157.828,154
2023-07-23,157.594,154
2023-07-24,157.391,154
2023-07-25,157.141,154
2023-07-26,156.922,154
2023-07-27,156.641,154
2023-07-28,156.391,154
2023-07-29,156.219,154
2023-07-30,155.953,154
2023-07-31,155.719,154
2023-08-01,155.500,154
2023-08-02,155.328,154
2023-08-03,155.078,154
2023-08-04,154.859,154
2023-08-05,154.625,154
2023-08-06,154.406,154
2023-08-07,154.219,154
2023-08-08,154.008,154
2023-08-09,153.781,154
2023-08-10,153.586,154
2023-08-11,153.398,154
2023-08-12,153.195,154
2023-08-13,152.984,154
2023-08-14,152.766,154
2023-08-15,152.570,154
2023-08-16,152.336,154
2023-08-17,152.102,154
2023-08-18,151.883,154
2023-08-19,151.664,154
2023-08-20,151.469,154
2023-08-21,151.320,154
2023-08-22,151.086,154
2023-08-23,150.812,154
2023-08-24,150.578,154
2023-08-25,150.367,154
2023-08-26,150.180,154
2023-08-27,149.984,154
2023-08-28,149.758,154
2023-08-29,149.555,154
2023-08-30,149.289,154
2023-08-31,149.094,154
2023-09-01,148.891,154
2023-09-02,148.625,154
2023-09-03,148.406,154
2023-09-04,148.180,154
2023-09-05,147.938,154
2023-09-06,147.719,154
2023-09-07,147.523,154
2023-09-08,147.281,154
2023-09-09,147.031,154
2023-09-10,146.805,154
2023-09-11,146.609,154
2023-09-12,146.445,154
2023-09-13,146.305,154
2023-09-14,146.102,154
2023-09-15,145.922,154
2023-09-16,145.750,154
2023-09-17,145.484,154
2023-09-18,145.242,154
2023-09-19,145.004,154
2023-09-20,144.793,154
2023-09-21,144.562,154
2023-09-22,144.348,154
2023-09-23,144.141,154
2023-09-24,143.922,154
2023-09-25,143.664,154
2023-09-26,143.430,154
2023-09-27,143.195,154
2023-09-28,142.953,154
2023-09-29,142.715,154
2023-09-30,142.500,154
2023-10-01,142.273,154
2023-10-02,142.070,154
2023-10-03,141.840,154
2023-10-04,141.621,154
2023-10-05,141.410,154
2023-10-06,141.195,154
2023-10-07,140.961,154
2023-10-08,140.750,154
2023-10-09,140.547,154
2023-10-10,140.172,154
2023-10-11,139.848,154
2023-10-12,139.625,154
2023-10-13,139.422,154
2023-10-14,139.230,154
2023-10-15,139.027,154
2023-10-16,138.820,154
2023-10-17,138.594,154
2023-10-18,138.391,154
2023-10-19,138.180,154
2023-10-20,138.098,154
2023-10-21,137.977,154
2023-10-22,137.793,154
2023-10-23,137.566,154
2023-10-24,137.332,154
2023-10-25,137.121,154
2023-10-26,136.902,154
2023-10-27,136.699,154
2023-10-28,136.500,154
2023-10-29,136.289,154
2023-10-30,136.148,154
2023-10-31,135.969,154
2023-11-01,135.781,154
2023-11-02,135.594,154
2023-11-03,135.398,154
2023-11-04,135.195,154
2023-11-05,135.000,154
2023-11-06,134.812,154
2023-11-07,134.594,154
2023-11-08,134.340,154
2023-11-09,134.125,154
2023-11-10,133.926,154
2023-11-11,133.719,154
2023-11-12,133.500,154
2023-11-13,133.285,154
2023-11-14,133.098,154
2023-11-15,132.898,154
2023-11-16,132.699,154
2023-11-17,132.500,154
2023-11-18,132.289,154
2023-11-19,132.051,154
2023-11-20,132.199,154
2023-11-21,131.930,154
2023-11-22,131.621,154
2023-11-23,131.328,154
2023-11-24,131.273,154
2023-11-25,131.070,154
2023-11-26,131.043,154
2023-11-27,131.316,154
2023-11-28,131.555,154
2023-11-29,132.672,154
2023-11-30,142.422,154
2023-12-01,143.254,154
2023-12-02,140.883,154
2023-12-03,138.828,154
2023-12-04,137.250,154
2023-12-05,136.727,154
2023-12-06,136.258,154
2023-12-07,135.629,154
2023-12-08,134.742,154
2023-12-09,133.906,154
2023-12-10,133.328,154
2023-12-11,132.898,154
2023-12-12,132.461,154
2023-12-13,132.008,154
2023-12-14,131.422,154
2023-12-15,130.711,154
2023-12-16,130.047,154
2023-12-17,129.398,154
2023-12-18,128.789,154
2023-12-19,128.203,154
2023-12-20,127.625,154
2023-12-21,127.188,154
2023-12-22,126.734,154
2023-12-23,126.344,154
2023-12-24,125.977,154
2023-12-25,125.664,154
2023-12-26,125.406,154
2023-12-27,125.047,154
2023-12-28,124.711,154
2023-12-29,124.398,154
2023-12-30,124.211,154
2023-12-31,124.016,154
2024-01-01,124.047,154
2024-01-02,123.922,154
2024-01-03,124.188,154
2024-01-04,124.773,154
2024-01-05,128.719,154
2024-01-06,131.102,154
2024-01-07,130.422,154
2024-01-08,129.109,154
2024-01-09,127.703,154
2024-01-10,126.469,154
2024-01-11,125.359,154
2024-01-12,124.938,154
2024-01-13,124.047,154
2024-01-14,123.156,154
2024-01-15,122.609,154
2024-01-16,121.953,154
2024-01-17,121.453,154
2024-01-18,121.094,154
2024-01-19,120.750,154
2024-01-20,120.312,154
2024-01-21,120.078,154
2024-01-22,119.875,154
2024-01-23,119.766,154
2024-01-24,119.859,154
2024-01-25,119.828,154
2024-01-26,119.547,154
2024-01-27,119.172,154
2024-01-28,118.922,154
2024-01-29,118.641,154
2024-01-30,118.281,154
2024-01-31,118.062,154
2024-02-01,117.828,154
2024-02-02,117.578,154
2024-02-03,117.328,154
2024-02-04,117.188,154
2024-02-05,116.953,154
2024-02-06,116.828,154
2024-02-07,116.750,154
2024-02-08,116.547,154
2024-02-09,116.438,154
2024-02-10,116.578,154
2024-02-11,117.062,154
2024-02-12,117.062,154
2024-02-13,116.656,154
2024-02-14,116.156,154
2024-02-15,115.734,154
2024-02-16,115.375,154
2024-02-17,115.078,154
2024-02-18,114.844,154
2024-02-19,115.094,154
2024-02-20,115.109,154
2024-02-21,115.656,154
2024-02-22,115.984,154
2024-02-23,115.750,154
2024-02-24,115.406,154
2024-02-25,115.062,154
2024-02-26,114.594,154
2024-02-27,114.234,154
2024-02-28,113.891,154
2024-02-29,113.484,154
2024-03-01,113.094,154
2024-03-02,112.797,154
2024-03-03,112.516,154
2024-03-04,112.266,154
2024-03-05,112.078,154
2024-03-06,111.844,154
2024-03-07,111.750,154
2024-03-08,111.609,154
2024-03-09,111.594,154
2024-03-10,111.438,154
2024-03-11,111.219,154
2024-03-12,111.094,154
2024-03-13,111.016,154
2024-03-14,111.125,154
2024-03-15,111.219,154
2024-03-16,111.078,154
2024-03-17,110.922,154
2024-03-18,110.609,154
2024-03-19,110.312,154
2024-03-20,109.969,154
2024-03-21,109.641,154
2024-03-22,109.344,154
2024-03-23,109.203,154
2024-03-24,109.031,154
2024-03-25,108.891,154
2024-03-26,108.766,154
2024-03-27,108.609,154
2024-03-28,108.391,154
2024-03-29,108.516,154
2024-03-30,108.297,154
2024-03-31,108.000,154
2024-04-01,107.906,154
2024-04-02,107.672,154
2024-04-03,107.484,154
2024-04-04,107.359,154
2024-04-05,107.234,154
2024-04-06,107.094,154
2024-04-07,106.875,154
2024-04-08,106.750,154
2024-04-09,107.000,154
2024-04-10,108.031,154
2024-04-11,109.016,154
2024-04-12,109.312,154
2024-04-13,110.281,154
2024-04-14,111.141,154
2024-04-15,112.891,154
2024-04-16,116.156,154
2024-04-17,118.281,154
2024-04-18,119.047,154
2024-04-19,118.172,154
2024-04-20,116.125,154
2024-04-21,114.281,154
2024-04-22,112.750,154
2024-04-23,111.516,154
2024-04-24,110.406,154
2024-04-25,109.375,154
2024-04-26,108.609,154
2024-04-27,107.938,154
2024-04-28,107.297,154
2024-04-29,106.688,154
2024-04-30,106.203,154
2024-05-01,105.734,154
2024-05-02,105.312,154
2024-05-03,104.891,154
2024-05-04,104.609,154
2024-05-05,104.250,154
2024-05-06,104.000,154
2024-05-07,103.781,154
2024-05-08,103.531,154
2024-05-09,103.281,154
2024-05-10,103.016,154
2024-05-11,102.797,154
2024-05-12,102.625,154
2024-05-13,102.406,154
2024-05-14,102.266,154
2024-05-15,102.016,154
2024-05-16,101.828,154
2024-05-17,101.688,154
2024-05-18,101.484,154
2024-05-19,101.234,154
2024-05-20,101.094,154
2024-05-21,100.938,154
2024-05-22,100.734,154
2024-05-23,100.641,154
2024-05-24,100.594,154
2024-05-25,100.828,154
2024-05-26,100.844,154
2024-05-27,100.703,154
2024-05-28,100.500,154
2024-05-29,100.266,154
2024-05-30,100.078,154
2024-05-31,99.766,154
2024-06-01,99.562,154
2024-06-02,99.359,154
2024-06-03,99.156,154
2024-06-04,98.891,154
2024-06-05,98.641,154
2024-06-06,98.422,154
2024-06-07,98.281,154
2024-06-08,98.016,154
2024-06-09,97.844,154
2024-06-10,97.672,154
2024-06-11,97.469,154
2024-06-12,97.344,154
2024-06-13,97.125,154
2024-06-14,97.000,154
2024-06-15,96.859,154
2024-06-16,96.625,154
2024-06-17,96.406,154
2024-06-18,96.281,154
2024-06-19,96.109,154
2024-06-20,95.906,154
2024-06-21,95.625,154
2024-06-22,95.438,154
2024-06-23,95.266,154
2024-06-24,95.141,154
2024-06-25,94.953,154
2024-06-26,94.766,154
2024-06-27,94.516,154
2024-06-28,94.375,154
2024-06-29,94.250,154
2024-06-30,94.047,154
2024-07-01,93.922,154
2024-07-02,93.797,154
2024-07-03,93.625,154
2024-07-04,93.500,154
2024-07-05,93.328,154
2024-07-06,93.203,154
2024-07-07,93.000,154
2024-07-08,92.844,154
2024-07-09,92.641,154
2024-07-10,92.594,154
2024-07-11,92.594,154
2024-07-12,92.578,154
2024-07-13,92.453,154
2024-07-14,92.328,154
2024-07-15,92.219,154
2024-07-16,91.984,154
2024-07-17,91.859,154
2024-07-18,91.609,154
2024-07-19,91.438,154
2024-07-20,91.234,154
2024-07-21,91.078,154
2024-07-22,90.938,154
2024-07-23,90.766,154
2024-07-24,90.641,154
2024-07-25,90.438,154
2024-07-26,90.250,154
2024-07-27,90.062,154
2024-07-28,89.859,154
2024-07-29,89.719,154
2024-07-30,89.547,154
2024-07-31,89.273,154
2024-08-01,89.094,154
2024-08-02,88.922,154
2024-08-03,88.758,154
2024-08-04,88.531,154
2024-08-05,88.336,154
2024-08-06,88.133,154
2024-08-07,87.977,154
2024-08-08,87.797,154
2024-08-09,87.633,154
2024-08-10,87.453,154
2024-08-11,87.297,154
2024-08-12,87.117,154
2024-08-13,86.914,154
2024-08-14,86.758,154
2024-08-15,86.547,154
2024-08-16,86.375,154
2024-08-17,86.203,154
2024-08-18,86.078,154
2024-08-19,85.930,154
2024-08-20,85.719,154
2024-08-21,85.531,154
2024-08-22,85.320,154
2024-08-23,85.164,154
2024-08-24,85.023,154
2024-08-25,84.883,154
2024-08-26,84.695,154
2024-08-27,84.570,154
2024-08-28,84.406,154
2024-08-29,84.266,154
2024-08-30,84.094,154
2024-08-31,83.961,154
2024-09-01,83.812,154
2024-09-02,83.641,154
2024-09-03,83.430,154
2024-09-04,83.305,154
2024-09-05,83.172,154
2024-09-06,83.031,154
2024-09-07,82.875,154
2024-09-08,82.703,154
2024-09-09,82.578,154
2024-09-10,82.453,154
2024-09-11,82.305,154
2024-09-12,82.164,154
2024-09-13,82.047,154
2024-09-14,81.891,154
2024-09-15,81.781,154
2024-09-16,81.891,154
2024-09-17,82.273,154
2024-09-18,82.398,154
2024-09-19,82.172,154
2024-09-20,81.922,154
2024-09-21,81.633,154
2024-09-22,81.375,154
2024-09-23,81.141,154
2024-09-24,80.883,154
2024-09-25,80.664,154
2024-09-26,80.484,154
2024-09-27,80.312,154
2024-09-28,80.148,154
2024-09-29,79.977,154
2024-09-30,79.812,154
2024-10-01,79.648,154
2024-10-02,79.477,154
2024-10-03,79.297,154
2024-10-04,79.133,154
2024-10-05,79.016,154
2024-10-06,78.867,154
2024-10-07,78.742,154
2024-10-08,78.586,154
2024-10-09,78.320,154
2024-10-10,78.039,154
2024-10-11,77.859,154
2024-10-12,77.898,154
2024-10-13,78.500,154
2024-10-14,78.766,154
2024-10-15,78.500,154
2024-10-16,78.188,154
2024-10-17,77.855,154
2024-10-18,77.578,154
2024-10-19,77.746,154
2024-10-20,79.152,154
2024-10-21,79.867,154
2024-10-22,79.645,154
2024-10-23,79.156,154
2024-10-24,78.656,154
2024-10-25,78.148,154
2024-10-26,77.742,154
2024-10-27,77.395,154
2024-10-28,77.051,154
2024-10-29,76.820,154
2024-10-30,76.574,154
2024-10-31,76.312,154
2024-11-01,76.156,154
2024-11-02,75.980,154
2024-11-03,75.730,154
2024-11-04,75.613,154
2024-11-05,75.609,154
2024-11-06,75.574,154
2024-11-07,75.453,154
2024-11-08,75.262,154
2024-11-09,75.055,154
2024-11-10,74.922,154
2024-11-11,75.078,154
2024-11-12,75.812,154
2024-11-13,76.035,154
2024-11-14,75.836,154
2024-11-15,75.520,154
2024-11-16,75.148,154
2024-11-17,74.789,154
2024-11-18,74.430,154
2024-11-19,75.703,154
2024-11-20,75.039,154
2024-11-21,74.246,154
2024-11-22,73.824,154
2024-11-23,73.605,154
2024-11-24,73.469,154
2024-11-25,73.242,154
2024-11-26,73.008,154
2024-11-27,72.738,154
2024-11-28,72.496,154
2024-11-29,72.316,154
2024-11-30,72.145,154
2024-12-01,72.070,154
2024-12-02,72.113,154
2024-12-03,72.180,154
2024-12-04,72.109,154
2024-12-05,71.875,154
2024-12-06,71.648,154
2024-12-07,71.469,154
2024-12-08,71.242,154
2024-12-09,71.008,154
2024-12-10,70.828,154
2024-12-11,70.664,154
2024-12-12,70.500,154
2024-12-13,70.367,154
2024-12-14,70.250,154
2024-12-15,70.258,154
2024-12-16,70.234,154
2024-12-17,70.117,154
2024-12-18,69.891,154
2024-12-19,69.688,154
2024-12-20,69.438,154
2024-12-21,69.242,154
2024-12-22,69.062,154
2024-12-23,68.859,154
2024-12-24,68.836,154
2024-12-25,69.898,154
2024-12-26,69.625,154
2024-12-27,69.219,154
2024-12-28,68.938,154
2024-12-29,68.648,154
2024-12-30,68.391,154
2025-01-01,68.070,154
2025-01-02,67.969,154
2025-01-03,67.953,154
2025-01-04,68.125,154
2025-01-05,67.906,154
2025-01-06,67.844,154
2025-01-07,67.750,154
2025-01-08,67.547,154
2025-01-09,67.406,154
2025-01-10,67.359,154
2025-01-11,67.250,154
2025-01-12,67.172,154
2025-01-13,67.062,154
2025-01-14,67.031,154
2025-01-15,66.891,154
2025-01-16,66.797,154
2025-01-17,66.672,154
2025-01-18,66.656,154
2025-01-19,66.594,154
2025-01-20,67.188,154
2025-01-21,67.234,154
2025-01-22,67.641,154
2025-01-23,67.969,154
2025-01-24,67.781,154
2025-01-25,67.250,154
2025-01-26,66.844,154
2025-01-27,66.688,154
2025-01-28,66.594,154
2025-01-29,66.469,154
2025-01-30,66.328,154
2025-01-31,66.359,154
2025-02-01,66.312,154
2025-02-02,66.312,154
2025-02-03,66.219,154
2025-02-04,66.047,154
2025-02-05,65.922,154
2025-02-06,65.875,154
2025-02-07,65.688,154
2025-02-08,65.578,154
2025-02-09,65.578,154
2025-02-10,65.547,154
2025-02-11,65.578,154
2025-02-12,65.469,154
2025-02-13,65.375,154
2025-02-14,65.375,154
2025-02-15,65.312,154
2025-02-16,65.312,154
2025-02-17,65.219,154
2025-02-18,65.156,154
2025-02-19,65.031,154
2025-02-20,65.031,154
2025-02-21,65.125,154
2025-02-22,65.000,154
2025-02-23,64.875,154
2025-02-24,64.812,154
2025-02-25,64.812,154
2025-02-26,64.844,154
2025-02-27,65.062,154
2025-02-28,65.250,154
2025-03-01,65.688,154
2025-03-02,67.094,154
2025-03-03,67.844,154
2025-03-04,67.812,154
2025-03-05,67.719,154
2025-03-06,67.688,154
2025-03-07,67.469,154
2025-03-08,67.031,154
2025-03-09,67.062,154
2025-03-10,67.344,154
2025-03-11,67.500,154
2025-03-12,67.656,154
2025-03-13,68.250,154
2025-03-14,69.438,154
2025-03-15,75.031,154
2025-03-16,91.188,154
2025-03-17,92.625,154
2025-03-18,87.969,154
2025-03-19,83.469,154
2025-03-20,80.375,154
2025-03-21,78.312,154
2025-03-22,76.281,154
2025-03-23,74.281,154
2025-03-24,73.125,154
2025-03-25,72.906,154
2025-03-26,73.469,154
2025-03-27,75.062,154
2025-03-28,76.656,154
2025-03-29,77.406,154
2025-03-30,77.094,154
2025-03-31,76.469,154
2025-04-01,77.125,154
2025-04-02,78.844,154
2025-04-03,81.062,154
2025-04-04,80.938,154
2025-04-05,79.531,154
2025-04-06,78.594,154
2025-04-07,77.656,154
2025-04-08,76.812,154
2025-04-09,75.875,154
2025-04-10,75.156,154
2025-04-11,74.438,154
2025-04-12,73.625,154
2025-04-13,73.719,154
2025-04-14,74.594,154
2025-04-15,76.344,154
2025-04-16,76.656,154
2025-04-17,77.906,154
2025-04-18,85.656,154
2025-04-19,88.594,154
2025-04-20,87.188,154
2025-04-21,86.750,154
2025-04-22,85.438,154
2025-04-23,83.438,154
2025-04-24,82.656,154
2025-04-25,89.156,154
2025-04-26,101.906,154
2025-04-27,113.062,154
2025-04-28,123.406,154
2025-04-29,130.562,154
2025-04-30,130.469,154
2025-05-01,125.344,154
2025-05-02,118.469,154
2025-05-03,111.656,154
2025-05-04,106.406,154
2025-05-05,102.906,154
2025-05-06,100.062,154
2025-05-07,99.312,154
2025-05-08,105.938,154
2025-05-09,129.625,154
2025-05-10,136.781,154
2025-05-11,133.594,154
2025-05-12,128.812,154
2025-05-13,124.156,154
2025-05-14,121.719,154
2025-05-15,118.219,154
2025-05-16,113.875,154
2025-05-17,110.062,154
2025-05-18,106.594,154
2025-05-19,103.375,154
2025-05-20,100.875,154
2025-05-21,98.469,154
2025-05-22,96.750,154
2025-05-23,95.219,154
2025-05-24,94.031,154
2025-05-25,92.938,154
2025-05-26,91.750,154
2025-05-27,90.812,154
2025-05-28,92.469,154
2025-05-29,94.969,154
2025-05-30,95.344,154
2025-05-31,93.969,154
2025-06-01,92.812,154
2025-06-02,91.875,154
2025-06-03,90.875,154
2025-06-04,90.062,154
2025-06-05,88.875,154
2025-06-06,88.031,154
2025-06-07,87.250,154
2025-06-08,86.375,154
2025-06-09,85.906,154
2025-06-10,85.375,154
2025-06-11,84.750,154
2025-06-12,84.094,154
2025-06-13,83.656,154
2025-06-14,83.000,154
2025-06-15,82.750,154
2025-06-16,83.094,154
2025-06-17,82.906,154
2025-06-18,81.906,154
2025-06-19,81.500,154
2025-06-20,81.156,154
2025-06-21,80.688,154
2025-06-22,80.531,154
2025-06-23,80.453,154
2025-06-24,80.203,154
2025-06-25,79.750,154
2025-06-26,79.359,154
2025-06-27,79.016,154
2025-06-28,78.719,154
2025-06-29,78.391,154
2025-06-30,78.078,154
2025-07-01,77.703,154
2025-07-02,77.438,154
2025-07-03,77.094,154
2025-07-04,76.734,154
2025-07-05,76.188,154
2025-07-06,75.766,154
2025-07-07,75.266,154
2025-07-08,74.734,154
2025-07-09,74.125,154
2025-07-10,73.750,154
2025-07-11,73.297,154
2025-07-12,72.797,154
2025-07-13,72.359,154
2025-07-14,71.938,154
2025-07-15,71.516,154
2025-07-16,71.141,154
2025-07-17,70.781,154
2025-07-18,70.453,154
2025-07-19,70.219,154
2025-07-20,69.922,154
2025-07-21,69.578,154
2025-07-22,69.297,154
2025-07-23,68.922,154
2025-07-24,68.641,154
2025-07-25,68.391,154
2025-07-26,68.078,154
2025-07-27,67.828,154
2025-07-28,67.938,154
2025-07-29,67.938,154
2025-07-30,67.656,154
2025-07-31,67.469,154
2025-08-01,67.281,154
2025-08-02,67.109,154
2025-08-03,66.953,154
2025-08-04,66.969,154
2025-08-05,67.500,154
2025-08-06,67.969,154
2025-08-07,67.922,154
2025-08-08,67.750,154
2025-08-09,67.469,154
2025-08-10,67.109,154
2025-08-11,66.828,154
2025-08-12,66.547,154
2025-08-13,66.250,154
2025-08-14,65.969,154
2025-08-15,65.828,154
2025-08-16,65.672,154
2025-08-17,65.453,154
2025-08-18,65.234,154
2025-08-19,65.047,154
2025-08-20,64.859,154
2025-08-21,64.656,154
2025-08-22,64.531,154
2025-08-23,64.266,154
2025-08-24,64.172,154
2025-08-25,64.547,154
2025-08-26,65.000,154
2025-08-27,64.961,154
2025-08-28,64.664,154
2025-08-29,64.492,154
2025-08-30,64.320,154
2025-08-31,63.961,154
2025-09-01,63.625,154
2025-09-02,63.469,154
2025-09-03,63.273,154
2025-09-04,63.125,154
2025-09-05,62.922,154
2025-09-06,62.750,154
2025-09-07,62.547,154
2025-09-08,62.367,154
2025-09-09,62.211,154
2025-09-10,62.047,154
2025-09-11,61.914,154
2025-09-12,61.758,154
2025-09-13,61.539,154
2025-09-14,61.359,154
2025-09-15,61.203,154
2025-09-16,61.047,154
2025-09-17,60.852,154
2025-09-18,60.703,154
2025-09-19,60.531,154
2025-09-20,60.367,154
2025-09-21,60.156,154
2025-09-22,59.961,154
2025-09-23,59.898,154
2025-09-24,59.773,154
2025-09-25,59.586,154
2025-09-26,59.359,154
2025-09-27,59.211,154
2025-09-28,58.969,154
2025-09-29,58.758,154
2025-09-30,58.531,154
2025-10-01,58.336,154
2025-10-02,58.461,154
2025-10-03,59.078,154
2025-10-04,59.336,154
2025-10-05,59.031,154
2025-10-06,58.820,154
2025-10-07,61.297,154
2025-10-08,64.156,154
2025-10-09,63.820,154
2025-10-10,62.602,154
2025-10-11,61.406,154
2025-10-12,60.430,154
2025-10-13,59.578,154
2025-10-14,58.883,154
2025-10-15,58.266,154
2025-10-16,57.750,154
2025-10-17,57.320,154
2025-10-18,56.930,154
2025-10-19,56.625,154
2025-10-20,56.539,154
2025-10-21,56.547,154
2025-10-22,56.383,154
2025-10-23,56.141,154
2025-10-24,55.898,154
2025-10-25,55.719,154
2025-10-26,56.180,154
2025-10-27,57.320,154
2025-10-28,58.094,154
2025-10-29,58.625,154
2025-10-30,60.133,154
2025-10-31,62.773,154
2025-11-01,63.680,154
2025-11-02,62.828,154
2025-11-03,61.430,154
2025-11-04,59.961,154
2025-11-05,58.703,154
2025-11-06,57.742,154
2025-11-07,56.977,154
2025-11-08,56.281,154
2025-11-09,55.727,154
2025-11-10,55.227,154
2025-11-11,54.758,154
2025-11-12,54.328,154
2025-11-13,53.977,154
2025-11-14,53.805,154
2025-11-15,53.789,154
2025-11-16,54.023,154
2025-11-17,54.266,154
2025-11-18,54.555,154
2025-11-19,54.758,154
2025-11-20,54.594,154
2025-11-21,54.344,154
2025-11-22,55.781,154
2025-11-23,57.992,154
2025-11-24,58.266,154
2025-11-25,57.500,154
2025-11-26,56.555,154
2025-11-27,55.625,154
2025-11-28,54.875,154
2025-11-29,54.203,154
2025-11-30,53.609,154
2025-12-01,53.109,154
2025-12-02,52.688,154
2025-12-03,52.297,154
2025-12-04,51.969,154
2025-12-05,51.734,154
2025-12-06,51.891,154
2025-12-07,51.891,154
2025-12-08,51.656,154
2025-12-09,51.500,154
2025-12-10,51.328,154
2025-12-11,51.203,154
2025-12-12,51.141,154
2025-12-13,50.906,154
2025-12-14,50.719,154
2025-12-15,50.500,154
2025-12-16,50.422,154
2025-12-17,50.312,154
2025-12-18,50.312,154
2025-12-19,50.312,154
2025-12-20,50.375,154
2025-12-21,50.469,154
2025-12-22,51.078,154
2025-12-23,51.547,154
2025-12-24,52.266,154
2025-12-25,52.578,154
2025-12-26,52.531,154
2025-12-27,52.203,154
2025-12-28,51.766,154
2025-12-29,51.484,154
2025-12-30,51.312,154
